dataset_id,dataset_name,model,defect_pair,process,severity,domain_interaction,candidate_key
1475,first-order-theorem-proving,extra_trees,missing+label_flip,independent,0.10+0.10,0.012279598330582639,extra_trees | missing+label_flip | independent | 0.10+0.10
1475,first-order-theorem-proving,extra_trees,missing+label_flip,independent,0.30+0.30,0.011517329775166082,extra_trees | missing+label_flip | independent | 0.30+0.30
1475,first-order-theorem-proving,extra_trees,missing+label_flip,shared_latent,0.10+0.10,0.0013844221843074545,extra_trees | missing+label_flip | shared_latent | 0.10+0.10
1475,first-order-theorem-proving,extra_trees,missing+label_flip,shared_latent,0.30+0.30,0.018620331161755804,extra_trees | missing+label_flip | shared_latent | 0.30+0.30
1475,first-order-theorem-proving,extra_trees,numeric_outlier+label_flip,independent,0.10+0.10,0.015606124890568562,extra_trees | numeric_outlier+label_flip | independent | 0.10+0.10
1475,first-order-theorem-proving,extra_trees,numeric_outlier+label_flip,independent,0.30+0.30,0.003437266380067139,extra_trees | numeric_outlier+label_flip | independent | 0.30+0.30
1475,first-order-theorem-proving,extra_trees,numeric_outlier+label_flip,shared_latent,0.10+0.10,0.00017826176002129954,extra_trees | numeric_outlier+label_flip | shared_latent | 0.10+0.10
1475,first-order-theorem-proving,extra_trees,numeric_outlier+label_flip,shared_latent,0.30+0.30,0.008057010042118692,extra_trees | numeric_outlier+label_flip | shared_latent | 0.30+0.30
1475,first-order-theorem-proving,hist_gradient_boosting,missing+label_flip,independent,0.10+0.10,0.007605027482703326,hist_gradient_boosting | missing+label_flip | independent | 0.10+0.10
1475,first-order-theorem-proving,hist_gradient_boosting,missing+label_flip,independent,0.30+0.30,-0.001139486542589015,hist_gradient_boosting | missing+label_flip | independent | 0.30+0.30
1475,first-order-theorem-proving,hist_gradient_boosting,missing+label_flip,shared_latent,0.10+0.10,0.006783945234015228,hist_gradient_boosting | missing+label_flip | shared_latent | 0.10+0.10
1475,first-order-theorem-proving,hist_gradient_boosting,missing+label_flip,shared_latent,0.30+0.30,-0.010183244448806231,hist_gradient_boosting | missing+label_flip | shared_latent | 0.30+0.30
1475,first-order-theorem-proving,hist_gradient_boosting,numeric_outlier+label_flip,independent,0.10+0.10,-0.00196433485317186,hist_gradient_boosting | numeric_outlier+label_flip | independent | 0.10+0.10
1475,first-order-theorem-proving,hist_gradient_boosting,numeric_outlier+label_flip,independent,0.30+0.30,-0.01026375573151154,hist_gradient_boosting | numeric_outlier+label_flip | independent | 0.30+0.30
1475,first-order-theorem-proving,hist_gradient_boosting,numeric_outlier+label_flip,shared_latent,0.10+0.10,-0.005062996979984209,hist_gradient_boosting | numeric_outlier+label_flip | shared_latent | 0.10+0.10
1475,first-order-theorem-proving,hist_gradient_boosting,numeric_outlier+label_flip,shared_latent,0.30+0.30,-0.003847516538879233,hist_gradient_boosting | numeric_outlier+label_flip | shared_latent | 0.30+0.30
1475,first-order-theorem-proving,regularized_logistic,missing+label_flip,independent,0.10+0.10,-0.002835131747354539,regularized_logistic | missing+label_flip | independent | 0.10+0.10
1475,first-order-theorem-proving,regularized_logistic,missing+label_flip,independent,0.30+0.30,0.00989605349233911,regularized_logistic | missing+label_flip | independent | 0.30+0.30
1475,first-order-theorem-proving,regularized_logistic,missing+label_flip,shared_latent,0.10+0.10,-0.0013681503491805487,regularized_logistic | missing+label_flip | shared_latent | 0.10+0.10
1475,first-order-theorem-proving,regularized_logistic,missing+label_flip,shared_latent,0.30+0.30,-0.010006650509110518,regularized_logistic | missing+label_flip | shared_latent | 0.30+0.30
1475,first-order-theorem-proving,regularized_logistic,numeric_outlier+label_flip,independent,0.10+0.10,-0.006502231830083953,regularized_logistic | numeric_outlier+label_flip | independent | 0.10+0.10
1475,first-order-theorem-proving,regularized_logistic,numeric_outlier+label_flip,independent,0.30+0.30,-0.011971605921600384,regularized_logistic | numeric_outlier+label_flip | independent | 0.30+0.30
1475,first-order-theorem-proving,regularized_logistic,numeric_outlier+label_flip,shared_latent,0.10+0.10,-0.006004768386505747,regularized_logistic | numeric_outlier+label_flip | shared_latent | 0.10+0.10
1475,first-order-theorem-proving,regularized_logistic,numeric_outlier+label_flip,shared_latent,0.30+0.30,-0.008647237556878554,regularized_logistic | numeric_outlier+label_flip | shared_latent | 0.30+0.30
1485,madelon,extra_trees,missing+label_flip,independent,0.10+0.10,0.0012820512820513514,extra_trees | missing+label_flip | independent | 0.10+0.10
1485,madelon,extra_trees,missing+label_flip,independent,0.30+0.30,-0.015384615384615366,extra_trees | missing+label_flip | independent | 0.30+0.30
1485,madelon,extra_trees,missing+label_flip,shared_latent,0.10+0.10,-0.002564102564102481,extra_trees | missing+label_flip | shared_latent | 0.10+0.10
1485,madelon,extra_trees,missing+label_flip,shared_latent,0.30+0.30,-0.024358974358974345,extra_trees | missing+label_flip | shared_latent | 0.30+0.30
1485,madelon,extra_trees,numeric_outlier+label_flip,independent,0.10+0.10,-0.035897435897435846,extra_trees | numeric_outlier+label_flip | independent | 0.10+0.10
1485,madelon,extra_trees,numeric_outlier+label_flip,independent,0.30+0.30,0.05897435897435902,extra_trees | numeric_outlier+label_flip | independent | 0.30+0.30
1485,madelon,extra_trees,numeric_outlier+label_flip,shared_latent,0.10+0.10,0.017948717948717996,extra_trees | numeric_outlier+label_flip | shared_latent | 0.10+0.10
1485,madelon,extra_trees,numeric_outlier+label_flip,shared_latent,0.30+0.30,-0.0038461538461538694,extra_trees | numeric_outlier+label_flip | shared_latent | 0.30+0.30
1485,madelon,hist_gradient_boosting,missing+label_flip,independent,0.10+0.10,0.010256410256410295,hist_gradient_boosting | missing+label_flip | independent | 0.10+0.10
1485,madelon,hist_gradient_boosting,missing+label_flip,independent,0.30+0.30,0.0,hist_gradient_boosting | missing+label_flip | independent | 0.30+0.30
1485,madelon,hist_gradient_boosting,missing+label_flip,shared_latent,0.10+0.10,0.0,hist_gradient_boosting | missing+label_flip | shared_latent | 0.10+0.10
1485,madelon,hist_gradient_boosting,missing+label_flip,shared_latent,0.30+0.30,0.0038461538461539066,hist_gradient_boosting | missing+label_flip | shared_latent | 0.30+0.30
1485,madelon,hist_gradient_boosting,numeric_outlier+label_flip,independent,0.10+0.10,3.700743415417188e-17,hist_gradient_boosting | numeric_outlier+label_flip | independent | 0.10+0.10
1485,madelon,hist_gradient_boosting,numeric_outlier+label_flip,independent,0.30+0.30,0.006410256410256425,hist_gradient_boosting | numeric_outlier+label_flip | independent | 0.30+0.30
1485,madelon,hist_gradient_boosting,numeric_outlier+label_flip,shared_latent,0.10+0.10,-0.012820512820512775,hist_gradient_boosting | numeric_outlier+label_flip | shared_latent | 0.10+0.10
1485,madelon,hist_gradient_boosting,numeric_outlier+label_flip,shared_latent,0.30+0.30,-0.002564102564102592,hist_gradient_boosting | numeric_outlier+label_flip | shared_latent | 0.30+0.30
1485,madelon,regularized_logistic,missing+label_flip,independent,0.10+0.10,0.01282051282051285,regularized_logistic | missing+label_flip | independent | 0.10+0.10
1485,madelon,regularized_logistic,missing+label_flip,independent,0.30+0.30,0.02692307692307694,regularized_logistic | missing+label_flip | independent | 0.30+0.30
1485,madelon,regularized_logistic,missing+label_flip,shared_latent,0.10+0.10,0.012820512820512922,regularized_logistic | missing+label_flip | shared_latent | 0.10+0.10
1485,madelon,regularized_logistic,missing+label_flip,shared_latent,0.30+0.30,-0.01538461538461533,regularized_logistic | missing+label_flip | shared_latent | 0.30+0.30
1485,madelon,regularized_logistic,numeric_outlier+label_flip,independent,0.10+0.10,0.0012820512820513885,regularized_logistic | numeric_outlier+label_flip | independent | 0.10+0.10
1485,madelon,regularized_logistic,numeric_outlier+label_flip,independent,0.30+0.30,-0.008974358974358942,regularized_logistic | numeric_outlier+label_flip | independent | 0.30+0.30
1485,madelon,regularized_logistic,numeric_outlier+label_flip,shared_latent,0.10+0.10,-0.0038461538461537583,regularized_logistic | numeric_outlier+label_flip | shared_latent | 0.10+0.10
1485,madelon,regularized_logistic,numeric_outlier+label_flip,shared_latent,0.30+0.30,0.006410256410256461,regularized_logistic | numeric_outlier+label_flip | shared_latent | 0.30+0.30
1494,qsar-biodeg,extra_trees,missing+label_flip,independent,0.10+0.10,0.00701058201058206,extra_trees | missing+label_flip | independent | 0.10+0.10
1494,qsar-biodeg,extra_trees,missing+label_flip,independent,0.30+0.30,0.01931216931216928,extra_trees | missing+label_flip | independent | 0.30+0.30
1494,qsar-biodeg,extra_trees,missing+label_flip,shared_latent,0.10+0.10,0.018650793650793696,extra_trees | missing+label_flip | shared_latent | 0.10+0.10
1494,qsar-biodeg,extra_trees,missing+label_flip,shared_latent,0.30+0.30,0.01388888888888895,extra_trees | missing+label_flip | shared_latent | 0.30+0.30
1494,qsar-biodeg,extra_trees,numeric_outlier+label_flip,independent,0.10+0.10,0.0071428571428571175,extra_trees | numeric_outlier+label_flip | independent | 0.10+0.10
1494,qsar-biodeg,extra_trees,numeric_outlier+label_flip,independent,0.30+0.30,0.02129629629629633,extra_trees | numeric_outlier+label_flip | independent | 0.30+0.30
1494,qsar-biodeg,extra_trees,numeric_outlier+label_flip,shared_latent,0.10+0.10,0.00701058201058206,extra_trees | numeric_outlier+label_flip | shared_latent | 0.10+0.10
1494,qsar-biodeg,extra_trees,numeric_outlier+label_flip,shared_latent,0.30+0.30,0.004894179894179877,extra_trees | numeric_outlier+label_flip | shared_latent | 0.30+0.30
1494,qsar-biodeg,hist_gradient_boosting,missing+label_flip,independent,0.10+0.10,0.0023809523809523725,hist_gradient_boosting | missing+label_flip | independent | 0.10+0.10
1494,qsar-biodeg,hist_gradient_boosting,missing+label_flip,independent,0.30+0.30,0.0015873015873015817,hist_gradient_boosting | missing+label_flip | independent | 0.30+0.30
1494,qsar-biodeg,hist_gradient_boosting,missing+label_flip,shared_latent,0.10+0.10,0.00714285714285708,hist_gradient_boosting | missing+label_flip | shared_latent | 0.10+0.10
1494,qsar-biodeg,hist_gradient_boosting,missing+label_flip,shared_latent,0.30+0.30,-0.03703703703703709,hist_gradient_boosting | missing+label_flip | shared_latent | 0.30+0.30
1494,qsar-biodeg,hist_gradient_boosting,numeric_outlier+label_flip,independent,0.10+0.10,-0.004761904761904782,hist_gradient_boosting | numeric_outlier+label_flip | independent | 0.10+0.10
1494,qsar-biodeg,hist_gradient_boosting,numeric_outlier+label_flip,independent,0.30+0.30,-0.01613756613756619,hist_gradient_boosting | numeric_outlier+label_flip | independent | 0.30+0.30
1494,qsar-biodeg,hist_gradient_boosting,numeric_outlier+label_flip,shared_latent,0.10+0.10,-0.020899470899470973,hist_gradient_boosting | numeric_outlier+label_flip | shared_latent | 0.10+0.10
1494,qsar-biodeg,hist_gradient_boosting,numeric_outlier+label_flip,shared_latent,0.30+0.30,0.009656084656084548,hist_gradient_boosting | numeric_outlier+label_flip | shared_latent | 0.30+0.30
1494,qsar-biodeg,regularized_logistic,missing+label_flip,independent,0.10+0.10,-0.004365079365079312,regularized_logistic | missing+label_flip | independent | 0.10+0.10
1494,qsar-biodeg,regularized_logistic,missing+label_flip,independent,0.30+0.30,0.009788359788359827,regularized_logistic | missing+label_flip | independent | 0.30+0.30
1494,qsar-biodeg,regularized_logistic,missing+label_flip,shared_latent,0.10+0.10,-0.00925925925925919,regularized_logistic | missing+label_flip | shared_latent | 0.10+0.10
1494,qsar-biodeg,regularized_logistic,missing+label_flip,shared_latent,0.30+0.30,-0.004100529100529049,regularized_logistic | missing+label_flip | shared_latent | 0.30+0.30
1494,qsar-biodeg,regularized_logistic,numeric_outlier+label_flip,independent,0.10+0.10,-0.011375661375661372,regularized_logistic | numeric_outlier+label_flip | independent | 0.10+0.10
1494,qsar-biodeg,regularized_logistic,numeric_outlier+label_flip,independent,0.30+0.30,-0.011375661375661372,regularized_logistic | numeric_outlier+label_flip | independent | 0.30+0.30
1494,qsar-biodeg,regularized_logistic,numeric_outlier+label_flip,shared_latent,0.10+0.10,0.005026455026455083,regularized_logistic | numeric_outlier+label_flip | shared_latent | 0.10+0.10
1494,qsar-biodeg,regularized_logistic,numeric_outlier+label_flip,shared_latent,0.30+0.30,0.01164021164021171,regularized_logistic | numeric_outlier+label_flip | shared_latent | 0.30+0.30
1557,abalone,extra_trees,categorical_inconsistency+missing,independent,0.10+0.10,0.00714345707008938,extra_trees | categorical_inconsistency+missing | independent | 0.10+0.10
1557,abalone,extra_trees,categorical_inconsistency+missing,independent,0.30+0.30,0.025577615232787527,extra_trees | categorical_inconsistency+missing | independent | 0.30+0.30
1557,abalone,extra_trees,categorical_inconsistency+missing,shared_latent,0.10+0.10,-0.0012856617038569478,extra_trees | categorical_inconsistency+missing | shared_latent | 0.10+0.10
1557,abalone,extra_trees,categorical_inconsistency+missing,shared_latent,0.30+0.30,0.011256240566585363,extra_trees | categorical_inconsistency+missing | shared_latent | 0.30+0.30
1557,abalone,extra_trees,missing+label_flip,independent,0.10+0.10,0.007543767338338096,extra_trees | missing+label_flip | independent | 0.10+0.10
1557,abalone,extra_trees,missing+label_flip,independent,0.30+0.30,0.011568485046107857,extra_trees | missing+label_flip | independent | 0.30+0.30
1557,abalone,extra_trees,missing+label_flip,shared_latent,0.10+0.10,0.013318437493052207,extra_trees | missing+label_flip | shared_latent | 0.10+0.10
1557,abalone,extra_trees,missing+label_flip,shared_latent,0.30+0.30,0.02966878370400002,extra_trees | missing+label_flip | shared_latent | 0.30+0.30
1557,abalone,extra_trees,numeric_outlier+label_flip,independent,0.10+0.10,0.011990533854070118,extra_trees | numeric_outlier+label_flip | independent | 0.10+0.10
1557,abalone,extra_trees,numeric_outlier+label_flip,independent,0.30+0.30,0.02445437500463173,extra_trees | numeric_outlier+label_flip | independent | 0.30+0.30
1557,abalone,extra_trees,numeric_outlier+label_flip,shared_latent,0.10+0.10,0.013901796146843726,extra_trees | numeric_outlier+label_flip | shared_latent | 0.10+0.10
1557,abalone,extra_trees,numeric_outlier+label_flip,shared_latent,0.30+0.30,0.02503773365842314,extra_trees | numeric_outlier+label_flip | shared_latent | 0.30+0.30
1557,abalone,hist_gradient_boosting,categorical_inconsistency+missing,independent,0.10+0.10,0.0048880835748040434,hist_gradient_boosting | categorical_inconsistency+missing | independent | 0.10+0.10
1557,abalone,hist_gradient_boosting,categorical_inconsistency+missing,independent,0.30+0.30,-0.009733801700052594,hist_gradient_boosting | categorical_inconsistency+missing | independent | 0.30+0.30
1557,abalone,hist_gradient_boosting,categorical_inconsistency+missing,shared_latent,0.10+0.10,-0.0005181430346508457,hist_gradient_boosting | categorical_inconsistency+missing | shared_latent | 0.10+0.10
1557,abalone,hist_gradient_boosting,categorical_inconsistency+missing,shared_latent,0.30+0.30,-0.011515867898846658,hist_gradient_boosting | categorical_inconsistency+missing | shared_latent | 0.30+0.30
1557,abalone,hist_gradient_boosting,missing+label_flip,independent,0.10+0.10,0.005947343328120969,hist_gradient_boosting | missing+label_flip | independent | 0.10+0.10
1557,abalone,hist_gradient_boosting,missing+label_flip,independent,0.30+0.30,-0.00715358525336518,hist_gradient_boosting | missing+label_flip | independent | 0.30+0.30
1557,abalone,hist_gradient_boosting,missing+label_flip,shared_latent,0.10+0.10,-0.016890104270882073,hist_gradient_boosting | missing+label_flip | shared_latent | 0.10+0.10
1557,abalone,hist_gradient_boosting,missing+label_flip,shared_latent,0.30+0.30,0.00519131150092252,hist_gradient_boosting | missing+label_flip | shared_latent | 0.30+0.30
1557,abalone,hist_gradient_boosting,numeric_outlier+label_flip,independent,0.10+0.10,-0.012702965087411236,hist_gradient_boosting | numeric_outlier+label_flip | independent | 0.10+0.10
1557,abalone,hist_gradient_boosting,numeric_outlier+label_flip,independent,0.30+0.30,-0.0226749026088718,hist_gradient_boosting | numeric_outlier+label_flip | independent | 0.30+0.30
1557,abalone,hist_gradient_boosting,numeric_outlier+label_flip,shared_latent,0.10+0.10,-0.024401881371800733,hist_gradient_boosting | numeric_outlier+label_flip | shared_latent | 0.10+0.10
1557,abalone,hist_gradient_boosting,numeric_outlier+label_flip,shared_latent,0.30+0.30,0.00784576012015481,hist_gradient_boosting | numeric_outlier+label_flip | shared_latent | 0.30+0.30
1557,abalone,regularized_logistic,categorical_inconsistency+missing,independent,0.10+0.10,-0.0049430474962389725,regularized_logistic | categorical_inconsistency+missing | independent | 0.10+0.10
1557,abalone,regularized_logistic,categorical_inconsistency+missing,independent,0.30+0.30,0.002838732149076928,regularized_logistic | categorical_inconsistency+missing | independent | 0.30+0.30
1557,abalone,regularized_logistic,categorical_inconsistency+missing,shared_latent,0.10+0.10,-0.0026441969215263983,regularized_logistic | categorical_inconsistency+missing | shared_latent | 0.10+0.10
1557,abalone,regularized_logistic,categorical_inconsistency+missing,shared_latent,0.30+0.30,-0.0009824337777382859,regularized_logistic | categorical_inconsistency+missing | shared_latent | 0.30+0.30
1557,abalone,regularized_logistic,missing+label_flip,independent,0.10+0.10,0.00454273722799033,regularized_logistic | missing+label_flip | independent | 0.10+0.10
1557,abalone,regularized_logistic,missing+label_flip,independent,0.30+0.30,-0.003940110323089126,regularized_logistic | missing+label_flip | independent | 0.30+0.30
1557,abalone,regularized_logistic,missing+label_flip,shared_latent,0.10+0.10,-0.0004425522033739693,regularized_logistic | missing+label_flip | shared_latent | 0.10+0.10
1557,abalone,regularized_logistic,missing+label_flip,shared_latent,0.30+0.30,0.004339308961466022,regularized_logistic | missing+label_flip | shared_latent | 0.30+0.30
1557,abalone,regularized_logistic,numeric_outlier+label_flip,independent,0.10+0.10,0.006433496125352341,regularized_logistic | numeric_outlier+label_flip | independent | 0.10+0.10
1557,abalone,regularized_logistic,numeric_outlier+label_flip,independent,0.30+0.30,0.02726371071932332,regularized_logistic | numeric_outlier+label_flip | independent | 0.30+0.30
1557,abalone,regularized_logistic,numeric_outlier+label_flip,shared_latent,0.10+0.10,0.007675680749781977,regularized_logistic | numeric_outlier+label_flip | shared_latent | 0.10+0.10
1557,abalone,regularized_logistic,numeric_outlier+label_flip,shared_latent,0.30+0.30,0.014755157345032596,regularized_logistic | numeric_outlier+label_flip | shared_latent | 0.30+0.30
1590,adult,extra_trees,categorical_inconsistency+missing,independent,0.10+0.10,-2.0794947088768428e-05,extra_trees | categorical_inconsistency+missing | independent | 0.10+0.10
1590,adult,extra_trees,categorical_inconsistency+missing,independent,0.30+0.30,0.002292431897699306,extra_trees | categorical_inconsistency+missing | independent | 0.30+0.30
1590,adult,extra_trees,categorical_inconsistency+missing,shared_latent,0.10+0.10,-0.0025951096423176465,extra_trees | categorical_inconsistency+missing | shared_latent | 0.10+0.10
1590,adult,extra_trees,categorical_inconsistency+missing,shared_latent,0.30+0.30,0.004728932109639095,extra_trees | categorical_inconsistency+missing | shared_latent | 0.30+0.30
1590,adult,extra_trees,missing+label_flip,independent,0.10+0.10,-0.001813342406375984,extra_trees | missing+label_flip | independent | 0.10+0.10
1590,adult,extra_trees,missing+label_flip,independent,0.30+0.30,-0.0020601577101064064,extra_trees | missing+label_flip | independent | 0.30+0.30
1590,adult,extra_trees,missing+label_flip,shared_latent,0.10+0.10,-0.002297189413269507,extra_trees | missing+label_flip | shared_latent | 0.10+0.10
1590,adult,extra_trees,missing+label_flip,shared_latent,0.30+0.30,-0.002686576715859331,extra_trees | missing+label_flip | shared_latent | 0.30+0.30
1590,adult,extra_trees,numeric_outlier+label_flip,independent,0.10+0.10,-0.001784528743527895,extra_trees | numeric_outlier+label_flip | independent | 0.10+0.10
1590,adult,extra_trees,numeric_outlier+label_flip,independent,0.30+0.30,0.0052110142317241355,extra_trees | numeric_outlier+label_flip | independent | 0.30+0.30
1590,adult,extra_trees,numeric_outlier+label_flip,shared_latent,0.10+0.10,-0.0035482625399669843,extra_trees | numeric_outlier+label_flip | shared_latent | 0.10+0.10
1590,adult,extra_trees,numeric_outlier+label_flip,shared_latent,0.30+0.30,0.0014209624730241825,extra_trees | numeric_outlier+label_flip | shared_latent | 0.30+0.30
1590,adult,hist_gradient_boosting,categorical_inconsistency+missing,independent,0.10+0.10,0.0008955255719531596,hist_gradient_boosting | categorical_inconsistency+missing | independent | 0.10+0.10
1590,adult,hist_gradient_boosting,categorical_inconsistency+missing,independent,0.30+0.30,0.003348063215411442,hist_gradient_boosting | categorical_inconsistency+missing | independent | 0.30+0.30
1590,adult,hist_gradient_boosting,categorical_inconsistency+missing,shared_latent,0.10+0.10,0.001531459608846301,hist_gradient_boosting | categorical_inconsistency+missing | shared_latent | 0.10+0.10
1590,adult,hist_gradient_boosting,categorical_inconsistency+missing,shared_latent,0.30+0.30,0.001742938849350358,hist_gradient_boosting | categorical_inconsistency+missing | shared_latent | 0.30+0.30
1590,adult,hist_gradient_boosting,missing+label_flip,independent,0.10+0.10,0.0010541350023311653,hist_gradient_boosting | missing+label_flip | independent | 0.10+0.10
1590,adult,hist_gradient_boosting,missing+label_flip,independent,0.30+0.30,-0.0029108321876929097,hist_gradient_boosting | missing+label_flip | independent | 0.30+0.30
1590,adult,hist_gradient_boosting,missing+label_flip,shared_latent,0.10+0.10,0.0021546174144100316,hist_gradient_boosting | missing+label_flip | shared_latent | 0.10+0.10
1590,adult,hist_gradient_boosting,missing+label_flip,shared_latent,0.30+0.30,0.001174147169293575,hist_gradient_boosting | missing+label_flip | shared_latent | 0.30+0.30
1590,adult,hist_gradient_boosting,numeric_outlier+label_flip,independent,0.10+0.10,0.00328717468952607,hist_gradient_boosting | numeric_outlier+label_flip | independent | 0.10+0.10
1590,adult,hist_gradient_boosting,numeric_outlier+label_flip,independent,0.30+0.30,0.0012510731266976254,hist_gradient_boosting | numeric_outlier+label_flip | independent | 0.30+0.30
1590,adult,hist_gradient_boosting,numeric_outlier+label_flip,shared_latent,0.10+0.10,-0.0007978046674602668,hist_gradient_boosting | numeric_outlier+label_flip | shared_latent | 0.10+0.10
1590,adult,hist_gradient_boosting,numeric_outlier+label_flip,shared_latent,0.30+0.30,-0.008772321572447894,hist_gradient_boosting | numeric_outlier+label_flip | shared_latent | 0.30+0.30
1590,adult,regularized_logistic,categorical_inconsistency+missing,independent,0.10+0.10,0.0007577110886638113,regularized_logistic | categorical_inconsistency+missing | independent | 0.10+0.10
1590,adult,regularized_logistic,categorical_inconsistency+missing,independent,0.30+0.30,-0.00018742309322609488,regularized_logistic | categorical_inconsistency+missing | independent | 0.30+0.30
1590,adult,regularized_logistic,categorical_inconsistency+missing,shared_latent,0.10+0.10,-0.0008025621830304308,regularized_logistic | categorical_inconsistency+missing | shared_latent | 0.10+0.10
1590,adult,regularized_logistic,categorical_inconsistency+missing,shared_latent,0.30+0.30,0.0009531528976493379,regularized_logistic | categorical_inconsistency+missing | shared_latent | 0.30+0.30
1590,adult,regularized_logistic,missing+label_flip,independent,0.10+0.10,-0.00070484127853776,regularized_logistic | missing+label_flip | independent | 0.10+0.10
1590,adult,regularized_logistic,missing+label_flip,independent,0.30+0.30,0.0013969063257461094,regularized_logistic | missing+label_flip | independent | 0.30+0.30
1590,adult,regularized_logistic,missing+label_flip,shared_latent,0.10+0.10,-0.0012991854212534755,regularized_logistic | missing+label_flip | shared_latent | 0.10+0.10
1590,adult,regularized_logistic,missing+label_flip,shared_latent,0.30+0.30,-0.00972547447009712,regularized_logistic | missing+label_flip | shared_latent | 0.30+0.30
1590,adult,regularized_logistic,numeric_outlier+label_flip,independent,0.10+0.10,-0.0037692568116112954,regularized_logistic | numeric_outlier+label_flip | independent | 0.10+0.10
1590,adult,regularized_logistic,numeric_outlier+label_flip,independent,0.30+0.30,0.010302016296485935,regularized_logistic | numeric_outlier+label_flip | independent | 0.30+0.30
1590,adult,regularized_logistic,numeric_outlier+label_flip,shared_latent,0.10+0.10,-0.000559008079489165,regularized_logistic | numeric_outlier+label_flip | shared_latent | 0.10+0.10
1590,adult,regularized_logistic,numeric_outlier+label_flip,shared_latent,0.30+0.30,0.00968211969111136,regularized_logistic | numeric_outlier+label_flip | shared_latent | 0.30+0.30
24,mushroom,extra_trees,categorical_inconsistency+missing,independent,0.10+0.10,0.0,extra_trees | categorical_inconsistency+missing | independent | 0.10+0.10
24,mushroom,extra_trees,categorical_inconsistency+missing,independent,0.30+0.30,0.0,extra_trees | categorical_inconsistency+missing | independent | 0.30+0.30
24,mushroom,extra_trees,categorical_inconsistency+missing,shared_latent,0.10+0.10,0.0,extra_trees | categorical_inconsistency+missing | shared_latent | 0.10+0.10
24,mushroom,extra_trees,categorical_inconsistency+missing,shared_latent,0.30+0.30,0.0,extra_trees | categorical_inconsistency+missing | shared_latent | 0.30+0.30
24,mushroom,extra_trees,missing+label_flip,independent,0.10+0.10,0.0,extra_trees | missing+label_flip | independent | 0.10+0.10
24,mushroom,extra_trees,missing+label_flip,independent,0.30+0.30,0.018312610079661302,extra_trees | missing+label_flip | independent | 0.30+0.30
24,mushroom,extra_trees,missing+label_flip,shared_latent,0.10+0.10,0.0,extra_trees | missing+label_flip | shared_latent | 0.10+0.10
24,mushroom,extra_trees,missing+label_flip,shared_latent,0.30+0.30,0.021596821626512813,extra_trees | missing+label_flip | shared_latent | 0.30+0.30
24,mushroom,hist_gradient_boosting,categorical_inconsistency+missing,independent,0.10+0.10,0.0,hist_gradient_boosting | categorical_inconsistency+missing | independent | 0.10+0.10
24,mushroom,hist_gradient_boosting,categorical_inconsistency+missing,independent,0.30+0.30,0.0,hist_gradient_boosting | categorical_inconsistency+missing | independent | 0.30+0.30
24,mushroom,hist_gradient_boosting,categorical_inconsistency+missing,shared_latent,0.10+0.10,0.0,hist_gradient_boosting | categorical_inconsistency+missing | shared_latent | 0.10+0.10
24,mushroom,hist_gradient_boosting,categorical_inconsistency+missing,shared_latent,0.30+0.30,0.0,hist_gradient_boosting | categorical_inconsistency+missing | shared_latent | 0.30+0.30
24,mushroom,hist_gradient_boosting,missing+label_flip,independent,0.10+0.10,-0.0004251700680271882,hist_gradient_boosting | missing+label_flip | independent | 0.10+0.10
24,mushroom,hist_gradient_boosting,missing+label_flip,independent,0.30+0.30,0.0003665955693441525,hist_gradient_boosting | missing+label_flip | independent | 0.30+0.30
24,mushroom,hist_gradient_boosting,missing+label_flip,shared_latent,0.10+0.10,-3.700743415417188e-17,hist_gradient_boosting | missing+label_flip | shared_latent | 0.10+0.10
24,mushroom,hist_gradient_boosting,missing+label_flip,shared_latent,0.30+0.30,0.004647583498957812,hist_gradient_boosting | missing+label_flip | shared_latent | 0.30+0.30
24,mushroom,regularized_logistic,categorical_inconsistency+missing,independent,0.10+0.10,0.0,regularized_logistic | categorical_inconsistency+missing | independent | 0.10+0.10
24,mushroom,regularized_logistic,categorical_inconsistency+missing,independent,0.30+0.30,0.0,regularized_logistic | categorical_inconsistency+missing | independent | 0.30+0.30
24,mushroom,regularized_logistic,categorical_inconsistency+missing,shared_latent,0.10+0.10,0.0,regularized_logistic | categorical_inconsistency+missing | shared_latent | 0.10+0.10
24,mushroom,regularized_logistic,categorical_inconsistency+missing,shared_latent,0.30+0.30,0.0,regularized_logistic | categorical_inconsistency+missing | shared_latent | 0.30+0.30
24,mushroom,regularized_logistic,missing+label_flip,independent,0.10+0.10,0.0004251700680271882,regularized_logistic | missing+label_flip | independent | 0.10+0.10
24,mushroom,regularized_logistic,missing+label_flip,independent,0.30+0.30,-0.0007624783880298228,regularized_logistic | missing+label_flip | independent | 0.30+0.30
24,mushroom,regularized_logistic,missing+label_flip,shared_latent,0.10+0.10,0.0,regularized_logistic | missing+label_flip | shared_latent | 0.10+0.10
24,mushroom,regularized_logistic,missing+label_flip,shared_latent,0.30+0.30,0.00039588281868559633,regularized_logistic | missing+label_flip | shared_latent | 0.30+0.30
29,credit-approval,extra_trees,categorical_inconsistency+missing,independent,0.10+0.10,0.008547008547008553,extra_trees | categorical_inconsistency+missing | independent | 0.10+0.10
29,credit-approval,extra_trees,categorical_inconsistency+missing,independent,0.30+0.30,-0.0012820512820512775,extra_trees | categorical_inconsistency+missing | independent | 0.30+0.30
29,credit-approval,extra_trees,categorical_inconsistency+missing,shared_latent,0.10+0.10,-0.005555555555555536,extra_trees | categorical_inconsistency+missing | shared_latent | 0.10+0.10
29,credit-approval,extra_trees,categorical_inconsistency+missing,shared_latent,0.30+0.30,0.009829059829059794,extra_trees | categorical_inconsistency+missing | shared_latent | 0.30+0.30
29,credit-approval,extra_trees,missing+label_flip,independent,0.10+0.10,0.005555555555555536,extra_trees | missing+label_flip | independent | 0.10+0.10
29,credit-approval,extra_trees,missing+label_flip,independent,0.30+0.30,0.026923076923076866,extra_trees | missing+label_flip | independent | 0.30+0.30
29,credit-approval,extra_trees,missing+label_flip,shared_latent,0.10+0.10,0.0012820512820512775,extra_trees | missing+label_flip | shared_latent | 0.10+0.10
29,credit-approval,extra_trees,missing+label_flip,shared_latent,0.30+0.30,-0.002564102564102592,extra_trees | missing+label_flip | shared_latent | 0.30+0.30
29,credit-approval,extra_trees,numeric_outlier+label_flip,independent,0.10+0.10,0.014102564102564052,extra_trees | numeric_outlier+label_flip | independent | 0.10+0.10
29,credit-approval,extra_trees,numeric_outlier+label_flip,independent,0.30+0.30,0.015384615384615441,extra_trees | numeric_outlier+label_flip | independent | 0.30+0.30
29,credit-approval,extra_trees,numeric_outlier+label_flip,shared_latent,0.10+0.10,-0.01239316239316235,extra_trees | numeric_outlier+label_flip | shared_latent | 0.10+0.10
29,credit-approval,extra_trees,numeric_outlier+label_flip,shared_latent,0.30+0.30,-0.0029914529914529067,extra_trees | numeric_outlier+label_flip | shared_latent | 0.30+0.30
29,credit-approval,hist_gradient_boosting,categorical_inconsistency+missing,independent,0.10+0.10,-0.05299145299145299,hist_gradient_boosting | categorical_inconsistency+missing | independent | 0.10+0.10
29,credit-approval,hist_gradient_boosting,categorical_inconsistency+missing,independent,0.30+0.30,-0.023931623931623885,hist_gradient_boosting | categorical_inconsistency+missing | independent | 0.30+0.30
29,credit-approval,hist_gradient_boosting,categorical_inconsistency+missing,shared_latent,0.10+0.10,0.009401709401709516,hist_gradient_boosting | categorical_inconsistency+missing | shared_latent | 0.10+0.10
29,credit-approval,hist_gradient_boosting,categorical_inconsistency+missing,shared_latent,0.30+0.30,-0.0196581196581197,hist_gradient_boosting | categorical_inconsistency+missing | shared_latent | 0.30+0.30
29,credit-approval,hist_gradient_boosting,missing+label_flip,independent,0.10+0.10,-0.008547008547008517,hist_gradient_boosting | missing+label_flip | independent | 0.10+0.10
29,credit-approval,hist_gradient_boosting,missing+label_flip,independent,0.30+0.30,0.029914529914529992,hist_gradient_boosting | missing+label_flip | independent | 0.30+0.30
29,credit-approval,hist_gradient_boosting,missing+label_flip,shared_latent,0.10+0.10,-0.03076923076923066,hist_gradient_boosting | missing+label_flip | shared_latent | 0.10+0.10
29,credit-approval,hist_gradient_boosting,missing+label_flip,shared_latent,0.30+0.30,-0.022649572649572607,hist_gradient_boosting | missing+label_flip | shared_latent | 0.30+0.30
29,credit-approval,hist_gradient_boosting,numeric_outlier+label_flip,independent,0.10+0.10,0.015384615384615405,hist_gradient_boosting | numeric_outlier+label_flip | independent | 0.10+0.10
29,credit-approval,hist_gradient_boosting,numeric_outlier+label_flip,independent,0.30+0.30,-0.06623931623931618,hist_gradient_boosting | numeric_outlier+label_flip | independent | 0.30+0.30
29,credit-approval,hist_gradient_boosting,numeric_outlier+label_flip,shared_latent,0.10+0.10,-0.027777777777777752,hist_gradient_boosting | numeric_outlier+label_flip | shared_latent | 0.10+0.10
29,credit-approval,hist_gradient_boosting,numeric_outlier+label_flip,shared_latent,0.30+0.30,-0.0004273504273503888,hist_gradient_boosting | numeric_outlier+label_flip | shared_latent | 0.30+0.30
29,credit-approval,regularized_logistic,categorical_inconsistency+missing,independent,0.10+0.10,0.0,regularized_logistic | categorical_inconsistency+missing | independent | 0.10+0.10
29,credit-approval,regularized_logistic,categorical_inconsistency+missing,independent,0.30+0.30,-0.005555555555555536,regularized_logistic | categorical_inconsistency+missing | independent | 0.30+0.30
29,credit-approval,regularized_logistic,categorical_inconsistency+missing,shared_latent,0.10+0.10,-0.009829059829059794,regularized_logistic | categorical_inconsistency+missing | shared_latent | 0.10+0.10
29,credit-approval,regularized_logistic,categorical_inconsistency+missing,shared_latent,0.30+0.30,-0.016666666666666646,regularized_logistic | categorical_inconsistency+missing | shared_latent | 0.30+0.30
29,credit-approval,regularized_logistic,missing+label_flip,independent,0.10+0.10,-0.014102564102564127,regularized_logistic | missing+label_flip | independent | 0.10+0.10
29,credit-approval,regularized_logistic,missing+label_flip,independent,0.30+0.30,0.002991452991452944,regularized_logistic | missing+label_flip | independent | 0.30+0.30
29,credit-approval,regularized_logistic,missing+label_flip,shared_latent,0.10+0.10,-0.018376068376068384,regularized_logistic | missing+label_flip | shared_latent | 0.10+0.10
29,credit-approval,regularized_logistic,missing+label_flip,shared_latent,0.30+0.30,0.021367521367521364,regularized_logistic | missing+label_flip | shared_latent | 0.30+0.30
29,credit-approval,regularized_logistic,numeric_outlier+label_flip,independent,0.10+0.10,-0.005555555555555536,regularized_logistic | numeric_outlier+label_flip | independent | 0.10+0.10
29,credit-approval,regularized_logistic,numeric_outlier+label_flip,independent,0.30+0.30,0.002564102564102629,regularized_logistic | numeric_outlier+label_flip | independent | 0.30+0.30
29,credit-approval,regularized_logistic,numeric_outlier+label_flip,shared_latent,0.10+0.10,3.700743415417188e-17,regularized_logistic | numeric_outlier+label_flip | shared_latent | 0.10+0.10
29,credit-approval,regularized_logistic,numeric_outlier+label_flip,shared_latent,0.30+0.30,-0.004273504273504221,regularized_logistic | numeric_outlier+label_flip | shared_latent | 0.30+0.30
333,monks-problems-1,extra_trees,categorical_inconsistency+missing,independent,0.10+0.10,-0.023809523809523798,extra_trees | categorical_inconsistency+missing | independent | 0.10+0.10
333,monks-problems-1,extra_trees,categorical_inconsistency+missing,independent,0.30+0.30,-0.023809523809523947,extra_trees | categorical_inconsistency+missing | independent | 0.30+0.30
333,monks-problems-1,extra_trees,categorical_inconsistency+missing,shared_latent,0.10+0.10,-0.011904761904761862,extra_trees | categorical_inconsistency+missing | shared_latent | 0.10+0.10
333,monks-problems-1,extra_trees,categorical_inconsistency+missing,shared_latent,0.30+0.30,-0.011904761904761862,extra_trees | categorical_inconsistency+missing | shared_latent | 0.30+0.30
333,monks-problems-1,extra_trees,missing+label_flip,independent,0.10+0.10,-0.029761904761904656,extra_trees | missing+label_flip | independent | 0.10+0.10
333,monks-problems-1,extra_trees,missing+label_flip,independent,0.30+0.30,-0.0059523809523809685,extra_trees | missing+label_flip | independent | 0.30+0.30
333,monks-problems-1,extra_trees,missing+label_flip,shared_latent,0.10+0.10,0.005952380952380931,extra_trees | missing+label_flip | shared_latent | 0.10+0.10
333,monks-problems-1,extra_trees,missing+label_flip,shared_latent,0.30+0.30,0.011904761904761937,extra_trees | missing+label_flip | shared_latent | 0.30+0.30
333,monks-problems-1,hist_gradient_boosting,categorical_inconsistency+missing,independent,0.10+0.10,0.005952380952380931,hist_gradient_boosting | categorical_inconsistency+missing | independent | 0.10+0.10
333,monks-problems-1,hist_gradient_boosting,categorical_inconsistency+missing,independent,0.30+0.30,0.005952380952380931,hist_gradient_boosting | categorical_inconsistency+missing | independent | 0.30+0.30
333,monks-problems-1,hist_gradient_boosting,categorical_inconsistency+missing,shared_latent,0.10+0.10,0.0,hist_gradient_boosting | categorical_inconsistency+missing | shared_latent | 0.10+0.10
333,monks-problems-1,hist_gradient_boosting,categorical_inconsistency+missing,shared_latent,0.30+0.30,0.011904761904761862,hist_gradient_boosting | categorical_inconsistency+missing | shared_latent | 0.30+0.30
333,monks-problems-1,hist_gradient_boosting,missing+label_flip,independent,0.10+0.10,0.017857142857142867,hist_gradient_boosting | missing+label_flip | independent | 0.10+0.10
333,monks-problems-1,hist_gradient_boosting,missing+label_flip,independent,0.30+0.30,-0.01190476190476201,hist_gradient_boosting | missing+label_flip | independent | 0.30+0.30
333,monks-problems-1,hist_gradient_boosting,missing+label_flip,shared_latent,0.10+0.10,0.023809523809523798,hist_gradient_boosting | missing+label_flip | shared_latent | 0.10+0.10
333,monks-problems-1,hist_gradient_boosting,missing+label_flip,shared_latent,0.30+0.30,0.011904761904761788,hist_gradient_boosting | missing+label_flip | shared_latent | 0.30+0.30
333,monks-problems-1,regularized_logistic,categorical_inconsistency+missing,independent,0.10+0.10,0.0,regularized_logistic | categorical_inconsistency+missing | independent | 0.10+0.10
333,monks-problems-1,regularized_logistic,categorical_inconsistency+missing,independent,0.30+0.30,-0.005952380952380931,regularized_logistic | categorical_inconsistency+missing | independent | 0.30+0.30
333,monks-problems-1,regularized_logistic,categorical_inconsistency+missing,shared_latent,0.10+0.10,0.0,regularized_logistic | categorical_inconsistency+missing | shared_latent | 0.10+0.10
333,monks-problems-1,regularized_logistic,categorical_inconsistency+missing,shared_latent,0.30+0.30,-0.011904761904761862,regularized_logistic | categorical_inconsistency+missing | shared_latent | 0.30+0.30
333,monks-problems-1,regularized_logistic,missing+label_flip,independent,0.10+0.10,-0.041666666666666664,regularized_logistic | missing+label_flip | independent | 0.10+0.10
333,monks-problems-1,regularized_logistic,missing+label_flip,independent,0.30+0.30,0.017857142857142832,regularized_logistic | missing+label_flip | independent | 0.30+0.30
333,monks-problems-1,regularized_logistic,missing+label_flip,shared_latent,0.10+0.10,-0.011904761904761862,regularized_logistic | missing+label_flip | shared_latent | 0.10+0.10
333,monks-problems-1,regularized_logistic,missing+label_flip,shared_latent,0.30+0.30,0.03571428571428559,regularized_logistic | missing+label_flip | shared_latent | 0.30+0.30
37,diabetes,extra_trees,missing+label_flip,independent,0.10+0.10,-0.0033333333333332624,extra_trees | missing+label_flip | independent | 0.10+0.10
37,diabetes,extra_trees,missing+label_flip,independent,0.30+0.30,0.004691358024691265,extra_trees | missing+label_flip | independent | 0.30+0.30
37,diabetes,extra_trees,missing+label_flip,shared_latent,0.10+0.10,0.015679012345679033,extra_trees | missing+label_flip | shared_latent | 0.10+0.10
37,diabetes,extra_trees,missing+label_flip,shared_latent,0.30+0.30,-0.003827160493827142,extra_trees | missing+label_flip | shared_latent | 0.30+0.30
37,diabetes,extra_trees,numeric_outlier+label_flip,independent,0.10+0.10,0.028024691358024694,extra_trees | numeric_outlier+label_flip | independent | 0.10+0.10
37,diabetes,extra_trees,numeric_outlier+label_flip,independent,0.30+0.30,0.07222222222222219,extra_trees | numeric_outlier+label_flip | independent | 0.30+0.30
37,diabetes,extra_trees,numeric_outlier+label_flip,shared_latent,0.10+0.10,0.012839506172839502,extra_trees | numeric_outlier+label_flip | shared_latent | 0.10+0.10
37,diabetes,extra_trees,numeric_outlier+label_flip,shared_latent,0.30+0.30,0.020000000000000056,extra_trees | numeric_outlier+label_flip | shared_latent | 0.30+0.30
37,diabetes,hist_gradient_boosting,missing+label_flip,independent,0.10+0.10,0.016172839506172876,hist_gradient_boosting | missing+label_flip | independent | 0.10+0.10
37,diabetes,hist_gradient_boosting,missing+label_flip,independent,0.30+0.30,0.028888888888888964,hist_gradient_boosting | missing+label_flip | independent | 0.30+0.30
37,diabetes,hist_gradient_boosting,missing+label_flip,shared_latent,0.10+0.10,0.04185185185185184,hist_gradient_boosting | missing+label_flip | shared_latent | 0.10+0.10
37,diabetes,hist_gradient_boosting,missing+label_flip,shared_latent,0.30+0.30,-0.029876543209876465,hist_gradient_boosting | missing+label_flip | shared_latent | 0.30+0.30
37,diabetes,hist_gradient_boosting,numeric_outlier+label_flip,independent,0.10+0.10,0.006666666666666747,hist_gradient_boosting | numeric_outlier+label_flip | independent | 0.10+0.10
37,diabetes,hist_gradient_boosting,numeric_outlier+label_flip,independent,0.30+0.30,0.0009876543209877224,hist_gradient_boosting | numeric_outlier+label_flip | independent | 0.30+0.30
37,diabetes,hist_gradient_boosting,numeric_outlier+label_flip,shared_latent,0.10+0.10,0.07469135802469144,hist_gradient_boosting | numeric_outlier+label_flip | shared_latent | 0.10+0.10
37,diabetes,hist_gradient_boosting,numeric_outlier+label_flip,shared_latent,0.30+0.30,0.07938271604938281,hist_gradient_boosting | numeric_outlier+label_flip | shared_latent | 0.30+0.30
37,diabetes,regularized_logistic,missing+label_flip,independent,0.10+0.10,0.01234567901234566,regularized_logistic | missing+label_flip | independent | 0.10+0.10
37,diabetes,regularized_logistic,missing+label_flip,independent,0.30+0.30,0.024197530864197514,regularized_logistic | missing+label_flip | independent | 0.30+0.30
37,diabetes,regularized_logistic,missing+label_flip,shared_latent,0.10+0.10,-0.00617283950617283,regularized_logistic | missing+label_flip | shared_latent | 0.10+0.10
37,diabetes,regularized_logistic,missing+label_flip,shared_latent,0.30+0.30,-0.015185185185185116,regularized_logistic | missing+label_flip | shared_latent | 0.30+0.30
37,diabetes,regularized_logistic,numeric_outlier+label_flip,independent,0.10+0.10,-0.005679012345678987,regularized_logistic | numeric_outlier+label_flip | independent | 0.10+0.10
37,diabetes,regularized_logistic,numeric_outlier+label_flip,independent,0.30+0.30,0.019012345679012332,regularized_logistic | numeric_outlier+label_flip | independent | 0.30+0.30
37,diabetes,regularized_logistic,numeric_outlier+label_flip,shared_latent,0.10+0.10,0.01518518518518519,regularized_logistic | numeric_outlier+label_flip | shared_latent | 0.10+0.10
37,diabetes,regularized_logistic,numeric_outlier+label_flip,shared_latent,0.30+0.30,-0.02271604938271606,regularized_logistic | numeric_outlier+label_flip | shared_latent | 0.30+0.30
40975,car,extra_trees,categorical_inconsistency+missing,independent,0.10+0.10,-0.0014518309972855192,extra_trees | categorical_inconsistency+missing | independent | 0.10+0.10
40975,car,extra_trees,categorical_inconsistency+missing,independent,0.30+0.30,0.004347924802470297,extra_trees | categorical_inconsistency+missing | independent | 0.30+0.30
40975,car,extra_trees,categorical_inconsistency+missing,shared_latent,0.10+0.10,0.005420084965539547,extra_trees | categorical_inconsistency+missing | shared_latent | 0.10+0.10
40975,car,extra_trees,categorical_inconsistency+missing,shared_latent,0.30+0.30,-0.01899993945448497,extra_trees | categorical_inconsistency+missing | shared_latent | 0.30+0.30
40975,car,extra_trees,missing+label_flip,independent,0.10+0.10,0.011752136752136747,extra_trees | missing+label_flip | independent | 0.10+0.10
40975,car,extra_trees,missing+label_flip,independent,0.30+0.30,0.021795124067851408,extra_trees | missing+label_flip | independent | 0.30+0.30
40975,car,extra_trees,missing+label_flip,shared_latent,0.10+0.10,-0.015418924509833657,extra_trees | missing+label_flip | shared_latent | 0.10+0.10
40975,car,extra_trees,missing+label_flip,shared_latent,0.30+0.30,-0.039775880684971655,extra_trees | missing+label_flip | shared_latent | 0.30+0.30
40975,car,hist_gradient_boosting,categorical_inconsistency+missing,independent,0.10+0.10,-0.013051342596797114,hist_gradient_boosting | categorical_inconsistency+missing | independent | 0.10+0.10
40975,car,hist_gradient_boosting,categorical_inconsistency+missing,independent,0.30+0.30,-0.026634981180435835,hist_gradient_boosting | categorical_inconsistency+missing | independent | 0.30+0.30
40975,car,hist_gradient_boosting,categorical_inconsistency+missing,shared_latent,0.10+0.10,-0.011063431517976952,hist_gradient_boosting | categorical_inconsistency+missing | shared_latent | 0.10+0.10
40975,car,hist_gradient_boosting,categorical_inconsistency+missing,shared_latent,0.30+0.30,-0.03609774064319512,hist_gradient_boosting | categorical_inconsistency+missing | shared_latent | 0.30+0.30
40975,car,hist_gradient_boosting,missing+label_flip,independent,0.10+0.10,-0.04166288257197356,hist_gradient_boosting | missing+label_flip | independent | 0.10+0.10
40975,car,hist_gradient_boosting,missing+label_flip,independent,0.30+0.30,0.0007744780472053551,hist_gradient_boosting | missing+label_flip | independent | 0.30+0.30
40975,car,hist_gradient_boosting,missing+label_flip,shared_latent,0.10+0.10,0.017548108457199414,hist_gradient_boosting | missing+label_flip | shared_latent | 0.10+0.10
40975,car,hist_gradient_boosting,missing+label_flip,shared_latent,0.30+0.30,0.0949479813116176,hist_gradient_boosting | missing+label_flip | shared_latent | 0.30+0.30
40975,car,regularized_logistic,categorical_inconsistency+missing,independent,0.10+0.10,-0.0035847990393444626,regularized_logistic | categorical_inconsistency+missing | independent | 0.10+0.10
40975,car,regularized_logistic,categorical_inconsistency+missing,independent,0.30+0.30,-0.026780038143674505,regularized_logistic | categorical_inconsistency+missing | independent | 0.30+0.30
40975,car,regularized_logistic,categorical_inconsistency+missing,shared_latent,0.10+0.10,0.002825457370911851,regularized_logistic | categorical_inconsistency+missing | shared_latent | 0.10+0.10
40975,car,regularized_logistic,categorical_inconsistency+missing,shared_latent,0.30+0.30,-0.0035847990393445364,regularized_logistic | categorical_inconsistency+missing | shared_latent | 0.30+0.30
40975,car,regularized_logistic,missing+label_flip,independent,0.10+0.10,-0.019610440064985506,regularized_logistic | missing+label_flip | independent | 0.10+0.10
40975,car,regularized_logistic,missing+label_flip,independent,0.30+0.30,-0.013579854488945423,regularized_logistic | missing+label_flip | independent | 0.30+0.30
40975,car,regularized_logistic,missing+label_flip,shared_latent,0.10+0.10,0.010992795083704135,regularized_logistic | missing+label_flip | shared_latent | 0.10+0.10
40975,car,regularized_logistic,missing+label_flip,shared_latent,0.30+0.30,-0.0183150183150184,regularized_logistic | missing+label_flip | shared_latent | 0.30+0.30
40994,climate-model-simulation-crashes,extra_trees,missing+label_flip,independent,0.10+0.10,0.0,extra_trees | missing+label_flip | independent | 0.10+0.10
40994,climate-model-simulation-crashes,extra_trees,missing+label_flip,independent,0.30+0.30,0.013333333333333345,extra_trees | missing+label_flip | independent | 0.30+0.30
40994,climate-model-simulation-crashes,extra_trees,missing+label_flip,shared_latent,0.10+0.10,0.0,extra_trees | missing+label_flip | shared_latent | 0.10+0.10
40994,climate-model-simulation-crashes,extra_trees,missing+label_flip,shared_latent,0.30+0.30,0.006666666666666672,extra_trees | missing+label_flip | shared_latent | 0.30+0.30
40994,climate-model-simulation-crashes,extra_trees,numeric_outlier+label_flip,independent,0.10+0.10,0.0,extra_trees | numeric_outlier+label_flip | independent | 0.10+0.10
40994,climate-model-simulation-crashes,extra_trees,numeric_outlier+label_flip,independent,0.30+0.30,0.03833333333333333,extra_trees | numeric_outlier+label_flip | independent | 0.30+0.30
40994,climate-model-simulation-crashes,extra_trees,numeric_outlier+label_flip,shared_latent,0.10+0.10,0.0,extra_trees | numeric_outlier+label_flip | shared_latent | 0.10+0.10
40994,climate-model-simulation-crashes,extra_trees,numeric_outlier+label_flip,shared_latent,0.30+0.30,-0.07666666666666666,extra_trees | numeric_outlier+label_flip | shared_latent | 0.30+0.30
40994,climate-model-simulation-crashes,hist_gradient_boosting,missing+label_flip,independent,0.10+0.10,0.006666666666666672,hist_gradient_boosting | missing+label_flip | independent | 0.10+0.10
40994,climate-model-simulation-crashes,hist_gradient_boosting,missing+label_flip,independent,0.30+0.30,0.06666666666666672,hist_gradient_boosting | missing+label_flip | independent | 0.30+0.30
40994,climate-model-simulation-crashes,hist_gradient_boosting,missing+label_flip,shared_latent,0.10+0.10,0.11833333333333333,hist_gradient_boosting | missing+label_flip | shared_latent | 0.10+0.10
40994,climate-model-simulation-crashes,hist_gradient_boosting,missing+label_flip,shared_latent,0.30+0.30,-0.006666666666666636,hist_gradient_boosting | missing+label_flip | shared_latent | 0.30+0.30
40994,climate-model-simulation-crashes,hist_gradient_boosting,numeric_outlier+label_flip,independent,0.10+0.10,0.09000000000000001,hist_gradient_boosting | numeric_outlier+label_flip | independent | 0.10+0.10
40994,climate-model-simulation-crashes,hist_gradient_boosting,numeric_outlier+label_flip,independent,0.30+0.30,-0.045000000000000005,hist_gradient_boosting | numeric_outlier+label_flip | independent | 0.30+0.30
40994,climate-model-simulation-crashes,hist_gradient_boosting,numeric_outlier+label_flip,shared_latent,0.10+0.10,0.16333333333333333,hist_gradient_boosting | numeric_outlier+label_flip | shared_latent | 0.10+0.10
40994,climate-model-simulation-crashes,hist_gradient_boosting,numeric_outlier+label_flip,shared_latent,0.30+0.30,0.09333333333333331,hist_gradient_boosting | numeric_outlier+label_flip | shared_latent | 0.30+0.30
40994,climate-model-simulation-crashes,regularized_logistic,missing+label_flip,independent,0.10+0.10,0.0,regularized_logistic | missing+label_flip | independent | 0.10+0.10
40994,climate-model-simulation-crashes,regularized_logistic,missing+label_flip,independent,0.30+0.30,-0.02833333333333332,regularized_logistic | missing+label_flip | independent | 0.30+0.30
40994,climate-model-simulation-crashes,regularized_logistic,missing+label_flip,shared_latent,0.10+0.10,-0.003333333333333336,regularized_logistic | missing+label_flip | shared_latent | 0.10+0.10
40994,climate-model-simulation-crashes,regularized_logistic,missing+label_flip,shared_latent,0.30+0.30,0.0,regularized_logistic | missing+label_flip | shared_latent | 0.30+0.30
40994,climate-model-simulation-crashes,regularized_logistic,numeric_outlier+label_flip,independent,0.10+0.10,0.045000000000000005,regularized_logistic | numeric_outlier+label_flip | independent | 0.10+0.10
40994,climate-model-simulation-crashes,regularized_logistic,numeric_outlier+label_flip,independent,0.30+0.30,0.25333333333333335,regularized_logistic | numeric_outlier+label_flip | independent | 0.30+0.30
40994,climate-model-simulation-crashes,regularized_logistic,numeric_outlier+label_flip,shared_latent,0.10+0.10,-0.11499999999999999,regularized_logistic | numeric_outlier+label_flip | shared_latent | 0.10+0.10
40994,climate-model-simulation-crashes,regularized_logistic,numeric_outlier+label_flip,shared_latent,0.30+0.30,0.0,regularized_logistic | numeric_outlier+label_flip | shared_latent | 0.30+0.30
42178,telco-customer-churn,extra_trees,categorical_inconsistency+missing,independent,0.10+0.10,-0.0007423904974016571,extra_trees | categorical_inconsistency+missing | independent | 0.10+0.10
42178,telco-customer-churn,extra_trees,categorical_inconsistency+missing,independent,0.30+0.30,-0.0012604228909772381,extra_trees | categorical_inconsistency+missing | independent | 0.30+0.30
42178,telco-customer-churn,extra_trees,categorical_inconsistency+missing,shared_latent,0.10+0.10,0.000742390497401694,extra_trees | categorical_inconsistency+missing | shared_latent | 0.10+0.10
42178,telco-customer-churn,extra_trees,categorical_inconsistency+missing,shared_latent,0.30+0.30,0.015383949426910756,extra_trees | categorical_inconsistency+missing | shared_latent | 0.30+0.30
42178,telco-customer-churn,extra_trees,missing+label_flip,independent,0.10+0.10,0.0,extra_trees | missing+label_flip | independent | 0.10+0.10
42178,telco-customer-churn,extra_trees,missing+label_flip,independent,0.30+0.30,0.0002441627283756113,extra_trees | missing+label_flip | independent | 0.30+0.30
42178,telco-customer-churn,extra_trees,missing+label_flip,shared_latent,0.10+0.10,0.0,extra_trees | missing+label_flip | shared_latent | 0.10+0.10
42178,telco-customer-churn,extra_trees,missing+label_flip,shared_latent,0.30+0.30,-0.00012703252032519874,extra_trees | missing+label_flip | shared_latent | 0.30+0.30
42178,telco-customer-churn,extra_trees,numeric_outlier+label_flip,independent,0.10+0.10,0.0,extra_trees | numeric_outlier+label_flip | independent | 0.10+0.10
42178,telco-customer-churn,extra_trees,numeric_outlier+label_flip,independent,0.30+0.30,0.00037119524870081005,extra_trees | numeric_outlier+label_flip | independent | 0.30+0.30
42178,telco-customer-churn,extra_trees,numeric_outlier+label_flip,shared_latent,0.10+0.10,0.0,extra_trees | numeric_outlier+label_flip | shared_latent | 0.10+0.10
42178,telco-customer-churn,extra_trees,numeric_outlier+label_flip,shared_latent,0.30+0.30,0.00012703252032519874,extra_trees | numeric_outlier+label_flip | shared_latent | 0.30+0.30
42178,telco-customer-churn,hist_gradient_boosting,categorical_inconsistency+missing,independent,0.10+0.10,-0.0013099344523510952,hist_gradient_boosting | categorical_inconsistency+missing | independent | 0.10+0.10
42178,telco-customer-churn,hist_gradient_boosting,categorical_inconsistency+missing,independent,0.30+0.30,-0.007404100349466702,hist_gradient_boosting | categorical_inconsistency+missing | independent | 0.30+0.30
42178,telco-customer-churn,hist_gradient_boosting,categorical_inconsistency+missing,shared_latent,0.10+0.10,-0.0005757487279771656,hist_gradient_boosting | categorical_inconsistency+missing | shared_latent | 0.10+0.10
42178,telco-customer-churn,hist_gradient_boosting,categorical_inconsistency+missing,shared_latent,0.30+0.30,0.0031939200934326673,hist_gradient_boosting | categorical_inconsistency+missing | shared_latent | 0.30+0.30
42178,telco-customer-churn,hist_gradient_boosting,missing+label_flip,independent,0.10+0.10,0.005704863563112321,hist_gradient_boosting | missing+label_flip | independent | 0.10+0.10
42178,telco-customer-churn,hist_gradient_boosting,missing+label_flip,independent,0.30+0.30,-0.003555213029858506,hist_gradient_boosting | missing+label_flip | independent | 0.30+0.30
42178,telco-customer-churn,hist_gradient_boosting,missing+label_flip,shared_latent,0.10+0.10,0.0017190414109042502,hist_gradient_boosting | missing+label_flip | shared_latent | 0.10+0.10
42178,telco-customer-churn,hist_gradient_boosting,missing+label_flip,shared_latent,0.30+0.30,0.000725980951346313,hist_gradient_boosting | missing+label_flip | shared_latent | 0.30+0.30
42178,telco-customer-churn,hist_gradient_boosting,numeric_outlier+label_flip,independent,0.10+0.10,0.0004685208322016872,hist_gradient_boosting | numeric_outlier+label_flip | independent | 0.10+0.10
42178,telco-customer-churn,hist_gradient_boosting,numeric_outlier+label_flip,independent,0.30+0.30,0.005785779600557779,hist_gradient_boosting | numeric_outlier+label_flip | independent | 0.30+0.30
42178,telco-customer-churn,hist_gradient_boosting,numeric_outlier+label_flip,shared_latent,0.10+0.10,0.011381717728647342,hist_gradient_boosting | numeric_outlier+label_flip | shared_latent | 0.10+0.10
42178,telco-customer-churn,hist_gradient_boosting,numeric_outlier+label_flip,shared_latent,0.30+0.30,0.017375445886975593,hist_gradient_boosting | numeric_outlier+label_flip | shared_latent | 0.30+0.30
42178,telco-customer-churn,regularized_logistic,categorical_inconsistency+missing,independent,0.10+0.10,0.00012703252032523574,regularized_logistic | categorical_inconsistency+missing | independent | 0.10+0.10
42178,telco-customer-churn,regularized_logistic,categorical_inconsistency+missing,independent,0.30+0.30,-0.0016316181396781222,regularized_logistic | categorical_inconsistency+missing | independent | 0.30+0.30
42178,telco-customer-churn,regularized_logistic,categorical_inconsistency+missing,shared_latent,0.10+0.10,-0.0007522928096764433,regularized_logistic | categorical_inconsistency+missing | shared_latent | 0.10+0.10
42178,telco-customer-churn,regularized_logistic,categorical_inconsistency+missing,shared_latent,0.30+0.30,-0.0022370738044797203,regularized_logistic | categorical_inconsistency+missing | shared_latent | 0.30+0.30
42178,telco-customer-churn,regularized_logistic,missing+label_flip,independent,0.10+0.10,-0.0021100412841544847,regularized_logistic | missing+label_flip | independent | 0.10+0.10
42178,telco-customer-churn,regularized_logistic,missing+label_flip,independent,0.30+0.30,-8.742327122601701e-05,regularized_logistic | missing+label_flip | independent | 0.30+0.30
42178,telco-customer-churn,regularized_logistic,missing+label_flip,shared_latent,0.10+0.10,-0.0013577484744780044,regularized_logistic | missing+label_flip | shared_latent | 0.10+0.10
42178,telco-customer-churn,regularized_logistic,missing+label_flip,shared_latent,0.30+0.30,-0.003408375884983809,regularized_logistic | missing+label_flip | shared_latent | 0.30+0.30
42178,telco-customer-churn,regularized_logistic,numeric_outlier+label_flip,independent,0.10+0.10,0.0003035766020244024,regularized_logistic | numeric_outlier+label_flip | independent | 0.10+0.10
42178,telco-customer-churn,regularized_logistic,numeric_outlier+label_flip,independent,0.30+0.30,0.0018279668459269354,regularized_logistic | numeric_outlier+label_flip | independent | 0.30+0.30
42178,telco-customer-churn,regularized_logistic,numeric_outlier+label_flip,shared_latent,0.10+0.10,0.0015739018052763898,regularized_logistic | numeric_outlier+label_flip | shared_latent | 0.10+0.10
42178,telco-customer-churn,regularized_logistic,numeric_outlier+label_flip,shared_latent,0.30+0.30,0.005500310083835891,regularized_logistic | numeric_outlier+label_flip | shared_latent | 0.30+0.30
43980,wine,extra_trees,missing+label_flip,independent,0.10+0.10,0.01953125,extra_trees | missing+label_flip | independent | 0.10+0.10
43980,wine,extra_trees,missing+label_flip,independent,0.30+0.30,0.061197916666666664,extra_trees | missing+label_flip | independent | 0.30+0.30
43980,wine,extra_trees,missing+label_flip,shared_latent,0.10+0.10,0.020833333333333332,extra_trees | missing+label_flip | shared_latent | 0.10+0.10
43980,wine,extra_trees,missing+label_flip,shared_latent,0.30+0.30,0.07552083333333333,extra_trees | missing+label_flip | shared_latent | 0.30+0.30
43980,wine,extra_trees,numeric_outlier+label_flip,independent,0.10+0.10,0.009114583333333334,extra_trees | numeric_outlier+label_flip | independent | 0.10+0.10
43980,wine,extra_trees,numeric_outlier+label_flip,independent,0.30+0.30,0.026041666666666668,extra_trees | numeric_outlier+label_flip | independent | 0.30+0.30
43980,wine,extra_trees,numeric_outlier+label_flip,shared_latent,0.10+0.10,0.016927083333333332,extra_trees | numeric_outlier+label_flip | shared_latent | 0.10+0.10
43980,wine,extra_trees,numeric_outlier+label_flip,shared_latent,0.30+0.30,0.03125,extra_trees | numeric_outlier+label_flip | shared_latent | 0.30+0.30
43980,wine,hist_gradient_boosting,missing+label_flip,independent,0.10+0.10,0.016927083333333332,hist_gradient_boosting | missing+label_flip | independent | 0.10+0.10
43980,wine,hist_gradient_boosting,missing+label_flip,independent,0.30+0.30,0.04296875,hist_gradient_boosting | missing+label_flip | independent | 0.30+0.30
43980,wine,hist_gradient_boosting,missing+label_flip,shared_latent,0.10+0.10,0.01953125,hist_gradient_boosting | missing+label_flip | shared_latent | 0.10+0.10
43980,wine,hist_gradient_boosting,missing+label_flip,shared_latent,0.30+0.30,0.059895833333333336,hist_gradient_boosting | missing+label_flip | shared_latent | 0.30+0.30
43980,wine,hist_gradient_boosting,numeric_outlier+label_flip,independent,0.10+0.10,0.022135416666666668,hist_gradient_boosting | numeric_outlier+label_flip | independent | 0.10+0.10
43980,wine,hist_gradient_boosting,numeric_outlier+label_flip,independent,0.30+0.30,0.06770833333333333,hist_gradient_boosting | numeric_outlier+label_flip | independent | 0.30+0.30
43980,wine,hist_gradient_boosting,numeric_outlier+label_flip,shared_latent,0.10+0.10,-0.0026041666666666665,hist_gradient_boosting | numeric_outlier+label_flip | shared_latent | 0.10+0.10
43980,wine,hist_gradient_boosting,numeric_outlier+label_flip,shared_latent,0.30+0.30,0.057291666666666664,hist_gradient_boosting | numeric_outlier+label_flip | shared_latent | 0.30+0.30
43980,wine,regularized_logistic,missing+label_flip,independent,0.10+0.10,0.009114583333333334,regularized_logistic | missing+label_flip | independent | 0.10+0.10
43980,wine,regularized_logistic,missing+label_flip,independent,0.30+0.30,0.00390625,regularized_logistic | missing+label_flip | independent | 0.30+0.30
43980,wine,regularized_logistic,missing+label_flip,shared_latent,0.10+0.10,0.0026041666666666665,regularized_logistic | missing+label_flip | shared_latent | 0.10+0.10
43980,wine,regularized_logistic,missing+label_flip,shared_latent,0.30+0.30,0.006510416666666667,regularized_logistic | missing+label_flip | shared_latent | 0.30+0.30
43980,wine,regularized_logistic,numeric_outlier+label_flip,independent,0.10+0.10,0.0026041666666666665,regularized_logistic | numeric_outlier+label_flip | independent | 0.10+0.10
43980,wine,regularized_logistic,numeric_outlier+label_flip,independent,0.30+0.30,0.013020833333333334,regularized_logistic | numeric_outlier+label_flip | independent | 0.30+0.30
43980,wine,regularized_logistic,numeric_outlier+label_flip,shared_latent,0.10+0.10,0.0,regularized_logistic | numeric_outlier+label_flip | shared_latent | 0.10+0.10
43980,wine,regularized_logistic,numeric_outlier+label_flip,shared_latent,0.30+0.30,0.01171875,regularized_logistic | numeric_outlier+label_flip | shared_latent | 0.30+0.30
46173,King-rook-vs-King,extra_trees,categorical_inconsistency+missing,independent,0.10+0.10,0.02948167295098521,extra_trees | categorical_inconsistency+missing | independent | 0.10+0.10
46173,King-rook-vs-King,extra_trees,categorical_inconsistency+missing,independent,0.30+0.30,0.061447256669613516,extra_trees | categorical_inconsistency+missing | independent | 0.30+0.30
46173,King-rook-vs-King,extra_trees,categorical_inconsistency+missing,shared_latent,0.10+0.10,0.024406765911899202,extra_trees | categorical_inconsistency+missing | shared_latent | 0.10+0.10
46173,King-rook-vs-King,extra_trees,categorical_inconsistency+missing,shared_latent,0.30+0.30,0.06264474709587649,extra_trees | categorical_inconsistency+missing | shared_latent | 0.30+0.30
46173,King-rook-vs-King,extra_trees,missing+label_flip,independent,0.10+0.10,0.0038728075044777524,extra_trees | missing+label_flip | independent | 0.10+0.10
46173,King-rook-vs-King,extra_trees,missing+label_flip,independent,0.30+0.30,0.006699254151546337,extra_trees | missing+label_flip | independent | 0.30+0.30
46173,King-rook-vs-King,extra_trees,missing+label_flip,shared_latent,0.10+0.10,-0.015930598033164507,extra_trees | missing+label_flip | shared_latent | 0.10+0.10
46173,King-rook-vs-King,extra_trees,missing+label_flip,shared_latent,0.30+0.30,0.03320164221501606,extra_trees | missing+label_flip | shared_latent | 0.30+0.30
46173,King-rook-vs-King,hist_gradient_boosting,categorical_inconsistency+missing,independent,0.10+0.10,-0.028888279441669606,hist_gradient_boosting | categorical_inconsistency+missing | independent | 0.10+0.10
46173,King-rook-vs-King,hist_gradient_boosting,categorical_inconsistency+missing,independent,0.30+0.30,0.030539017756938198,hist_gradient_boosting | categorical_inconsistency+missing | independent | 0.30+0.30
46173,King-rook-vs-King,hist_gradient_boosting,categorical_inconsistency+missing,shared_latent,0.10+0.10,0.014824802735887673,hist_gradient_boosting | categorical_inconsistency+missing | shared_latent | 0.10+0.10
46173,King-rook-vs-King,hist_gradient_boosting,categorical_inconsistency+missing,shared_latent,0.30+0.30,-0.0006797164600589692,hist_gradient_boosting | categorical_inconsistency+missing | shared_latent | 0.30+0.30
46173,King-rook-vs-King,hist_gradient_boosting,missing+label_flip,independent,0.10+0.10,0.009006709754438772,hist_gradient_boosting | missing+label_flip | independent | 0.10+0.10
46173,King-rook-vs-King,hist_gradient_boosting,missing+label_flip,independent,0.30+0.30,0.041900283118545954,hist_gradient_boosting | missing+label_flip | independent | 0.30+0.30
46173,King-rook-vs-King,hist_gradient_boosting,missing+label_flip,shared_latent,0.10+0.10,-0.009412634755606905,hist_gradient_boosting | missing+label_flip | shared_latent | 0.10+0.10
46173,King-rook-vs-King,hist_gradient_boosting,missing+label_flip,shared_latent,0.30+0.30,0.05879137678199331,hist_gradient_boosting | missing+label_flip | shared_latent | 0.30+0.30
46173,King-rook-vs-King,regularized_logistic,categorical_inconsistency+missing,independent,0.10+0.10,0.004657779057429423,regularized_logistic | categorical_inconsistency+missing | independent | 0.10+0.10
46173,King-rook-vs-King,regularized_logistic,categorical_inconsistency+missing,independent,0.30+0.30,-0.0004251039152118515,regularized_logistic | categorical_inconsistency+missing | independent | 0.30+0.30
46173,King-rook-vs-King,regularized_logistic,categorical_inconsistency+missing,shared_latent,0.10+0.10,-0.0007045563091572596,regularized_logistic | categorical_inconsistency+missing | shared_latent | 0.10+0.10
46173,King-rook-vs-King,regularized_logistic,categorical_inconsistency+missing,shared_latent,0.30+0.30,-0.003033068654600716,regularized_logistic | categorical_inconsistency+missing | shared_latent | 0.30+0.30
46173,King-rook-vs-King,regularized_logistic,missing+label_flip,independent,0.10+0.10,0.0011936361107123077,regularized_logistic | missing+label_flip | independent | 0.10+0.10
46173,King-rook-vs-King,regularized_logistic,missing+label_flip,independent,0.30+0.30,0.0023083500273777626,regularized_logistic | missing+label_flip | independent | 0.30+0.30
46173,King-rook-vs-King,regularized_logistic,missing+label_flip,shared_latent,0.10+0.10,0.006408152801401483,regularized_logistic | missing+label_flip | shared_latent | 0.10+0.10
46173,King-rook-vs-King,regularized_logistic,missing+label_flip,shared_latent,0.30+0.30,0.005229441935107919,regularized_logistic | missing+label_flip | shared_latent | 0.30+0.30
46584,Student_Performance_on_an_Entrance_Examination,extra_trees,categorical_inconsistency+missing,independent,0.10+0.10,0.0015069725596041177,extra_trees | categorical_inconsistency+missing | independent | 0.10+0.10
46584,Student_Performance_on_an_Entrance_Examination,extra_trees,categorical_inconsistency+missing,independent,0.30+0.30,0.004374718848403088,extra_trees | categorical_inconsistency+missing | independent | 0.30+0.30
46584,Student_Performance_on_an_Entrance_Examination,extra_trees,categorical_inconsistency+missing,shared_latent,0.10+0.10,0.014198155645524088,extra_trees | categorical_inconsistency+missing | shared_latent | 0.10+0.10
46584,Student_Performance_on_an_Entrance_Examination,extra_trees,categorical_inconsistency+missing,shared_latent,0.30+0.30,-0.022334682860998673,extra_trees | categorical_inconsistency+missing | shared_latent | 0.30+0.30
46584,Student_Performance_on_an_Entrance_Examination,extra_trees,missing+label_flip,independent,0.10+0.10,-0.029520917678812375,extra_trees | missing+label_flip | independent | 0.10+0.10
46584,Student_Performance_on_an_Entrance_Examination,extra_trees,missing+label_flip,independent,0.30+0.30,-0.014636752136752085,extra_trees | missing+label_flip | independent | 0.30+0.30
46584,Student_Performance_on_an_Entrance_Examination,extra_trees,missing+label_flip,shared_latent,0.10+0.10,-0.008968735942420128,extra_trees | missing+label_flip | shared_latent | 0.10+0.10
46584,Student_Performance_on_an_Entrance_Examination,extra_trees,missing+label_flip,shared_latent,0.30+0.30,0.03987854251012148,extra_trees | missing+label_flip | shared_latent | 0.30+0.30
46584,Student_Performance_on_an_Entrance_Examination,hist_gradient_boosting,categorical_inconsistency+missing,independent,0.10+0.10,0.027462887989203783,hist_gradient_boosting | categorical_inconsistency+missing | independent | 0.10+0.10
46584,Student_Performance_on_an_Entrance_Examination,hist_gradient_boosting,categorical_inconsistency+missing,independent,0.30+0.30,-0.01548582995951416,hist_gradient_boosting | categorical_inconsistency+missing | independent | 0.30+0.30
46584,Student_Performance_on_an_Entrance_Examination,hist_gradient_boosting,categorical_inconsistency+missing,shared_latent,0.10+0.10,-0.03387314439946021,hist_gradient_boosting | categorical_inconsistency+missing | shared_latent | 0.10+0.10
46584,Student_Performance_on_an_Entrance_Examination,hist_gradient_boosting,categorical_inconsistency+missing,shared_latent,0.30+0.30,0.017948717948717902,hist_gradient_boosting | categorical_inconsistency+missing | shared_latent | 0.30+0.30
46584,Student_Performance_on_an_Entrance_Examination,hist_gradient_boosting,missing+label_flip,independent,0.10+0.10,0.023509896536212382,hist_gradient_boosting | missing+label_flip | independent | 0.10+0.10
46584,Student_Performance_on_an_Entrance_Examination,hist_gradient_boosting,missing+label_flip,independent,0.30+0.30,7.309941520468784e-05,hist_gradient_boosting | missing+label_flip | independent | 0.30+0.30
46584,Student_Performance_on_an_Entrance_Examination,hist_gradient_boosting,missing+label_flip,shared_latent,0.10+0.10,-0.04395524066576698,hist_gradient_boosting | missing+label_flip | shared_latent | 0.10+0.10
46584,Student_Performance_on_an_Entrance_Examination,hist_gradient_boosting,missing+label_flip,shared_latent,0.30+0.30,-0.05846266306792628,hist_gradient_boosting | missing+label_flip | shared_latent | 0.30+0.30
46584,Student_Performance_on_an_Entrance_Examination,regularized_logistic,categorical_inconsistency+missing,independent,0.10+0.10,-0.01602564102564097,regularized_logistic | categorical_inconsistency+missing | independent | 0.10+0.10
46584,Student_Performance_on_an_Entrance_Examination,regularized_logistic,categorical_inconsistency+missing,independent,0.30+0.30,-0.04264507422402156,regularized_logistic | categorical_inconsistency+missing | independent | 0.30+0.30
46584,Student_Performance_on_an_Entrance_Examination,regularized_logistic,categorical_inconsistency+missing,shared_latent,0.10+0.10,-0.002024291497975672,regularized_logistic | categorical_inconsistency+missing | shared_latent | 0.10+0.10
46584,Student_Performance_on_an_Entrance_Examination,regularized_logistic,categorical_inconsistency+missing,shared_latent,0.30+0.30,-0.0020242914979756907,regularized_logistic | categorical_inconsistency+missing | shared_latent | 0.30+0.30
46584,Student_Performance_on_an_Entrance_Examination,regularized_logistic,missing+label_flip,independent,0.10+0.10,-0.007489878542510098,regularized_logistic | missing+label_flip | independent | 0.10+0.10
46584,Student_Performance_on_an_Entrance_Examination,regularized_logistic,missing+label_flip,independent,0.30+0.30,0.005561178587494424,regularized_logistic | missing+label_flip | independent | 0.30+0.30
46584,Student_Performance_on_an_Entrance_Examination,regularized_logistic,missing+label_flip,shared_latent,0.10+0.10,-0.014001349527665297,regularized_logistic | missing+label_flip | shared_latent | 0.10+0.10
46584,Student_Performance_on_an_Entrance_Examination,regularized_logistic,missing+label_flip,shared_latent,0.30+0.30,-0.05566239316239315,regularized_logistic | missing+label_flip | shared_latent | 0.30+0.30
46720,OSMI_Mental_Health_in_Tech_Survey,extra_trees,categorical_inconsistency+missing,independent,0.10+0.10,0.013013445794586279,extra_trees | categorical_inconsistency+missing | independent | 0.10+0.10
46720,OSMI_Mental_Health_in_Tech_Survey,extra_trees,categorical_inconsistency+missing,independent,0.30+0.30,-3.792533260567795e-06,extra_trees | categorical_inconsistency+missing | independent | 0.30+0.30
46720,OSMI_Mental_Health_in_Tech_Survey,extra_trees,categorical_inconsistency+missing,shared_latent,0.10+0.10,-0.013564627295114706,extra_trees | categorical_inconsistency+missing | shared_latent | 0.10+0.10
46720,OSMI_Mental_Health_in_Tech_Survey,extra_trees,categorical_inconsistency+missing,shared_latent,0.30+0.30,0.0020252127611158723,extra_trees | categorical_inconsistency+missing | shared_latent | 0.30+0.30
46720,OSMI_Mental_Health_in_Tech_Survey,extra_trees,missing+label_flip,independent,0.10+0.10,0.0033665053575852775,extra_trees | missing+label_flip | independent | 0.10+0.10
46720,OSMI_Mental_Health_in_Tech_Survey,extra_trees,missing+label_flip,independent,0.30+0.30,-0.0021200260926288648,extra_trees | missing+label_flip | independent | 0.30+0.30
46720,OSMI_Mental_Health_in_Tech_Survey,extra_trees,missing+label_flip,shared_latent,0.10+0.10,-0.019979065216401987,extra_trees | missing+label_flip | shared_latent | 0.10+0.10
46720,OSMI_Mental_Health_in_Tech_Survey,extra_trees,missing+label_flip,shared_latent,0.30+0.30,-0.017717451215380525,extra_trees | missing+label_flip | shared_latent | 0.30+0.30
46720,OSMI_Mental_Health_in_Tech_Survey,extra_trees,numeric_outlier+label_flip,independent,0.10+0.10,-0.015826241296136207,extra_trees | numeric_outlier+label_flip | independent | 0.10+0.10
46720,OSMI_Mental_Health_in_Tech_Survey,extra_trees,numeric_outlier+label_flip,independent,0.30+0.30,0.0013842746400885935,extra_trees | numeric_outlier+label_flip | independent | 0.30+0.30
46720,OSMI_Mental_Health_in_Tech_Survey,extra_trees,numeric_outlier+label_flip,shared_latent,0.10+0.10,-0.015688445921004063,extra_trees | numeric_outlier+label_flip | shared_latent | 0.10+0.10
46720,OSMI_Mental_Health_in_Tech_Survey,extra_trees,numeric_outlier+label_flip,shared_latent,0.30+0.30,-0.00014158790839261895,extra_trees | numeric_outlier+label_flip | shared_latent | 0.30+0.30
46720,OSMI_Mental_Health_in_Tech_Survey,hist_gradient_boosting,categorical_inconsistency+missing,independent,0.10+0.10,0.017765489970013686,hist_gradient_boosting | categorical_inconsistency+missing | independent | 0.10+0.10
46720,OSMI_Mental_Health_in_Tech_Survey,hist_gradient_boosting,categorical_inconsistency+missing,independent,0.30+0.30,-0.022236886684162887,hist_gradient_boosting | categorical_inconsistency+missing | independent | 0.30+0.30
46720,OSMI_Mental_Health_in_Tech_Survey,hist_gradient_boosting,categorical_inconsistency+missing,shared_latent,0.10+0.10,0.00973796123525339,hist_gradient_boosting | categorical_inconsistency+missing | shared_latent | 0.10+0.10
46720,OSMI_Mental_Health_in_Tech_Survey,hist_gradient_boosting,categorical_inconsistency+missing,shared_latent,0.30+0.30,-0.03248557573183249,hist_gradient_boosting | categorical_inconsistency+missing | shared_latent | 0.30+0.30
46720,OSMI_Mental_Health_in_Tech_Survey,hist_gradient_boosting,missing+label_flip,independent,0.10+0.10,0.006552233296419315,hist_gradient_boosting | missing+label_flip | independent | 0.10+0.10
46720,OSMI_Mental_Health_in_Tech_Survey,hist_gradient_boosting,missing+label_flip,independent,0.30+0.30,-0.017674469171761315,hist_gradient_boosting | missing+label_flip | independent | 0.30+0.30
46720,OSMI_Mental_Health_in_Tech_Survey,hist_gradient_boosting,missing+label_flip,shared_latent,0.10+0.10,0.002214839424141709,hist_gradient_boosting | missing+label_flip | shared_latent | 0.10+0.10
46720,OSMI_Mental_Health_in_Tech_Survey,hist_gradient_boosting,missing+label_flip,shared_latent,0.30+0.30,-0.02537457586836367,hist_gradient_boosting | missing+label_flip | shared_latent | 0.30+0.30
46720,OSMI_Mental_Health_in_Tech_Survey,hist_gradient_boosting,numeric_outlier+label_flip,independent,0.10+0.10,0.022331700015675787,hist_gradient_boosting | numeric_outlier+label_flip | independent | 0.10+0.10
46720,OSMI_Mental_Health_in_Tech_Survey,hist_gradient_boosting,numeric_outlier+label_flip,independent,0.30+0.30,0.007016186531955885,hist_gradient_boosting | numeric_outlier+label_flip | independent | 0.30+0.30
46720,OSMI_Mental_Health_in_Tech_Survey,hist_gradient_boosting,numeric_outlier+label_flip,shared_latent,0.10+0.10,-0.017993041965644718,hist_gradient_boosting | numeric_outlier+label_flip | shared_latent | 0.10+0.10
46720,OSMI_Mental_Health_in_Tech_Survey,hist_gradient_boosting,numeric_outlier+label_flip,shared_latent,0.30+0.30,0.013612666049747904,hist_gradient_boosting | numeric_outlier+label_flip | shared_latent | 0.30+0.30
46720,OSMI_Mental_Health_in_Tech_Survey,regularized_logistic,categorical_inconsistency+missing,independent,0.10+0.10,-0.006414437921287208,regularized_logistic | categorical_inconsistency+missing | independent | 0.10+0.10
46720,OSMI_Mental_Health_in_Tech_Survey,regularized_logistic,categorical_inconsistency+missing,independent,0.30+0.30,-0.006226075436014962,regularized_logistic | categorical_inconsistency+missing | independent | 0.30+0.30
46720,OSMI_Mental_Health_in_Tech_Survey,regularized_logistic,categorical_inconsistency+missing,shared_latent,0.10+0.10,-0.00018456995201184453,regularized_logistic | categorical_inconsistency+missing | shared_latent | 0.10+0.10
46720,OSMI_Mental_Health_in_Tech_Survey,regularized_logistic,categorical_inconsistency+missing,shared_latent,0.30+0.30,0.006229867969275364,regularized_logistic | categorical_inconsistency+missing | shared_latent | 0.30+0.30
46720,OSMI_Mental_Health_in_Tech_Survey,regularized_logistic,missing+label_flip,independent,0.10+0.10,-0.003228709982453245,regularized_logistic | missing+label_flip | independent | 0.10+0.10
46720,OSMI_Mental_Health_in_Tech_Survey,regularized_logistic,missing+label_flip,independent,0.30+0.30,0.0008773393609328717,regularized_logistic | missing+label_flip | independent | 0.30+0.30
46720,OSMI_Mental_Health_in_Tech_Survey,regularized_logistic,missing+label_flip,shared_latent,0.10+0.10,-0.000924113937812591,regularized_logistic | missing+label_flip | shared_latent | 0.10+0.10
46720,OSMI_Mental_Health_in_Tech_Survey,regularized_logistic,missing+label_flip,shared_latent,0.30+0.30,0.019468337403985698,regularized_logistic | missing+label_flip | shared_latent | 0.30+0.30
46720,OSMI_Mental_Health_in_Tech_Survey,regularized_logistic,numeric_outlier+label_flip,independent,0.10+0.10,-0.0011048913565638678,regularized_logistic | numeric_outlier+label_flip | independent | 0.10+0.10
46720,OSMI_Mental_Health_in_Tech_Survey,regularized_logistic,numeric_outlier+label_flip,independent,0.30+0.30,3.79253326049378e-06,regularized_logistic | numeric_outlier+label_flip | independent | 0.30+0.30
46720,OSMI_Mental_Health_in_Tech_Survey,regularized_logistic,numeric_outlier+label_flip,shared_latent,0.10+0.10,0.0012034972213372797,regularized_logistic | numeric_outlier+label_flip | shared_latent | 0.10+0.10
46720,OSMI_Mental_Health_in_Tech_Survey,regularized_logistic,numeric_outlier+label_flip,shared_latent,0.30+0.30,-0.01582624129613619,regularized_logistic | numeric_outlier+label_flip | shared_latent | 0.30+0.30
46827,QSAR_Bioconcentration_classification,extra_trees,categorical_inconsistency+missing,independent,0.10+0.10,0.0,extra_trees | categorical_inconsistency+missing | independent | 0.10+0.10
46827,QSAR_Bioconcentration_classification,extra_trees,categorical_inconsistency+missing,independent,0.30+0.30,0.0,extra_trees | categorical_inconsistency+missing | independent | 0.30+0.30
46827,QSAR_Bioconcentration_classification,extra_trees,categorical_inconsistency+missing,shared_latent,0.10+0.10,0.0,extra_trees | categorical_inconsistency+missing | shared_latent | 0.10+0.10
46827,QSAR_Bioconcentration_classification,extra_trees,categorical_inconsistency+missing,shared_latent,0.30+0.30,0.0,extra_trees | categorical_inconsistency+missing | shared_latent | 0.30+0.30
46827,QSAR_Bioconcentration_classification,extra_trees,missing+label_flip,independent,0.10+0.10,0.0,extra_trees | missing+label_flip | independent | 0.10+0.10
46827,QSAR_Bioconcentration_classification,extra_trees,missing+label_flip,independent,0.30+0.30,0.0,extra_trees | missing+label_flip | independent | 0.30+0.30
46827,QSAR_Bioconcentration_classification,extra_trees,missing+label_flip,shared_latent,0.10+0.10,0.0,extra_trees | missing+label_flip | shared_latent | 0.10+0.10
46827,QSAR_Bioconcentration_classification,extra_trees,missing+label_flip,shared_latent,0.30+0.30,0.0,extra_trees | missing+label_flip | shared_latent | 0.30+0.30
46827,QSAR_Bioconcentration_classification,extra_trees,numeric_outlier+label_flip,independent,0.10+0.10,0.0,extra_trees | numeric_outlier+label_flip | independent | 0.10+0.10
46827,QSAR_Bioconcentration_classification,extra_trees,numeric_outlier+label_flip,independent,0.30+0.30,0.0,extra_trees | numeric_outlier+label_flip | independent | 0.30+0.30
46827,QSAR_Bioconcentration_classification,extra_trees,numeric_outlier+label_flip,shared_latent,0.10+0.10,0.0,extra_trees | numeric_outlier+label_flip | shared_latent | 0.10+0.10
46827,QSAR_Bioconcentration_classification,extra_trees,numeric_outlier+label_flip,shared_latent,0.30+0.30,0.0,extra_trees | numeric_outlier+label_flip | shared_latent | 0.30+0.30
46827,QSAR_Bioconcentration_classification,hist_gradient_boosting,categorical_inconsistency+missing,independent,0.10+0.10,-0.02266815310293574,hist_gradient_boosting | categorical_inconsistency+missing | independent | 0.10+0.10
46827,QSAR_Bioconcentration_classification,hist_gradient_boosting,categorical_inconsistency+missing,independent,0.30+0.30,0.010962467484206631,hist_gradient_boosting | categorical_inconsistency+missing | independent | 0.30+0.30
46827,QSAR_Bioconcentration_classification,hist_gradient_boosting,categorical_inconsistency+missing,shared_latent,0.10+0.10,-0.03988603988603986,hist_gradient_boosting | categorical_inconsistency+missing | shared_latent | 0.10+0.10
46827,QSAR_Bioconcentration_classification,hist_gradient_boosting,categorical_inconsistency+missing,shared_latent,0.30+0.30,-0.028056484578223666,hist_gradient_boosting | categorical_inconsistency+missing | shared_latent | 0.30+0.30
46827,QSAR_Bioconcentration_classification,hist_gradient_boosting,missing+label_flip,independent,0.10+0.10,0.0266319831537223,hist_gradient_boosting | missing+label_flip | independent | 0.10+0.10
46827,QSAR_Bioconcentration_classification,hist_gradient_boosting,missing+label_flip,independent,0.30+0.30,-0.020376563854824708,hist_gradient_boosting | missing+label_flip | independent | 0.30+0.30
46827,QSAR_Bioconcentration_classification,hist_gradient_boosting,missing+label_flip,shared_latent,0.10+0.10,-0.008980552458813296,hist_gradient_boosting | missing+label_flip | shared_latent | 0.10+0.10
46827,QSAR_Bioconcentration_classification,hist_gradient_boosting,missing+label_flip,shared_latent,0.30+0.30,-0.04285891242412979,hist_gradient_boosting | missing+label_flip | shared_latent | 0.30+0.30
46827,QSAR_Bioconcentration_classification,hist_gradient_boosting,numeric_outlier+label_flip,independent,0.10+0.10,-0.014678558156818991,hist_gradient_boosting | numeric_outlier+label_flip | independent | 0.10+0.10
46827,QSAR_Bioconcentration_classification,hist_gradient_boosting,numeric_outlier+label_flip,independent,0.30+0.30,0.0158553202031463,hist_gradient_boosting | numeric_outlier+label_flip | independent | 0.30+0.30
46827,QSAR_Bioconcentration_classification,hist_gradient_boosting,numeric_outlier+label_flip,shared_latent,0.10+0.10,0.03815186423882081,hist_gradient_boosting | numeric_outlier+label_flip | shared_latent | 0.10+0.10
46827,QSAR_Bioconcentration_classification,hist_gradient_boosting,numeric_outlier+label_flip,shared_latent,0.30+0.30,0.024216524216524166,hist_gradient_boosting | numeric_outlier+label_flip | shared_latent | 0.30+0.30
46827,QSAR_Bioconcentration_classification,regularized_logistic,categorical_inconsistency+missing,independent,0.10+0.10,0.0024154589371980415,regularized_logistic | categorical_inconsistency+missing | independent | 0.10+0.10
46827,QSAR_Bioconcentration_classification,regularized_logistic,categorical_inconsistency+missing,independent,0.30+0.30,0.002415458937198004,regularized_logistic | categorical_inconsistency+missing | independent | 0.30+0.30
46827,QSAR_Bioconcentration_classification,regularized_logistic,categorical_inconsistency+missing,shared_latent,0.10+0.10,3.700743415417188e-17,regularized_logistic | categorical_inconsistency+missing | shared_latent | 0.10+0.10
46827,QSAR_Bioconcentration_classification,regularized_logistic,categorical_inconsistency+missing,shared_latent,0.30+0.30,0.0024154589371980784,regularized_logistic | categorical_inconsistency+missing | shared_latent | 0.30+0.30
46827,QSAR_Bioconcentration_classification,regularized_logistic,missing+label_flip,independent,0.10+0.10,-0.0018580453363062355,regularized_logistic | missing+label_flip | independent | 0.10+0.10
46827,QSAR_Bioconcentration_classification,regularized_logistic,missing+label_flip,independent,0.30+0.30,0.03747058094884178,regularized_logistic | missing+label_flip | independent | 0.30+0.30
46827,QSAR_Bioconcentration_classification,regularized_logistic,missing+label_flip,shared_latent,0.10+0.10,-0.009104422147900396,regularized_logistic | missing+label_flip | shared_latent | 0.10+0.10
46827,QSAR_Bioconcentration_classification,regularized_logistic,missing+label_flip,shared_latent,0.30+0.30,-0.01709401709401709,regularized_logistic | missing+label_flip | shared_latent | 0.30+0.30
46827,QSAR_Bioconcentration_classification,regularized_logistic,numeric_outlier+label_flip,independent,0.10+0.10,0.014678558156818974,regularized_logistic | numeric_outlier+label_flip | independent | 0.10+0.10
46827,QSAR_Bioconcentration_classification,regularized_logistic,numeric_outlier+label_flip,independent,0.30+0.30,0.039204756596060895,regularized_logistic | numeric_outlier+label_flip | independent | 0.30+0.30
46827,QSAR_Bioconcentration_classification,regularized_logistic,numeric_outlier+label_flip,shared_latent,0.10+0.10,0.015235971757710872,regularized_logistic | numeric_outlier+label_flip | shared_latent | 0.10+0.10
46827,QSAR_Bioconcentration_classification,regularized_logistic,numeric_outlier+label_flip,shared_latent,0.30+0.30,0.04087699739873646,regularized_logistic | numeric_outlier+label_flip | shared_latent | 0.30+0.30
46919,credit_card_clients_default,extra_trees,categorical_inconsistency+missing,independent,0.10+0.10,-0.0017236065562604337,extra_trees | categorical_inconsistency+missing | independent | 0.10+0.10
46919,credit_card_clients_default,extra_trees,categorical_inconsistency+missing,independent,0.30+0.30,-0.0012594916585476252,extra_trees | categorical_inconsistency+missing | independent | 0.30+0.30
46919,credit_card_clients_default,extra_trees,categorical_inconsistency+missing,shared_latent,0.10+0.10,-0.0001413280752478411,extra_trees | categorical_inconsistency+missing | shared_latent | 0.10+0.10
46919,credit_card_clients_default,extra_trees,categorical_inconsistency+missing,shared_latent,0.30+0.30,9.585696670011412e-05,extra_trees | categorical_inconsistency+missing | shared_latent | 0.30+0.30
46919,credit_card_clients_default,extra_trees,missing+label_flip,independent,0.10+0.10,0.0044623991470161455,extra_trees | missing+label_flip | independent | 0.10+0.10
46919,credit_card_clients_default,extra_trees,missing+label_flip,independent,0.30+0.30,0.007822694719283393,extra_trees | missing+label_flip | independent | 0.30+0.30
46919,credit_card_clients_default,extra_trees,missing+label_flip,shared_latent,0.10+0.10,0.006671521046118826,extra_trees | missing+label_flip | shared_latent | 0.10+0.10
46919,credit_card_clients_default,extra_trees,missing+label_flip,shared_latent,0.30+0.30,0.009957863181420371,extra_trees | missing+label_flip | shared_latent | 0.30+0.30
46919,credit_card_clients_default,extra_trees,numeric_outlier+label_flip,independent,0.10+0.10,0.0023785453146105695,extra_trees | numeric_outlier+label_flip | independent | 0.10+0.10
46919,credit_card_clients_default,extra_trees,numeric_outlier+label_flip,independent,0.30+0.30,0.010455839542945267,extra_trees | numeric_outlier+label_flip | independent | 0.30+0.30
46919,credit_card_clients_default,extra_trees,numeric_outlier+label_flip,shared_latent,0.10+0.10,0.004999616107747425,extra_trees | numeric_outlier+label_flip | shared_latent | 0.10+0.10
46919,credit_card_clients_default,extra_trees,numeric_outlier+label_flip,shared_latent,0.30+0.30,0.014245459777534478,extra_trees | numeric_outlier+label_flip | shared_latent | 0.30+0.30
46919,credit_card_clients_default,hist_gradient_boosting,categorical_inconsistency+missing,independent,0.10+0.10,0.00016272852037705712,hist_gradient_boosting | categorical_inconsistency+missing | independent | 0.10+0.10
46919,credit_card_clients_default,hist_gradient_boosting,categorical_inconsistency+missing,independent,0.30+0.30,0.0012817821764400013,hist_gradient_boosting | categorical_inconsistency+missing | independent | 0.30+0.30
46919,credit_card_clients_default,hist_gradient_boosting,categorical_inconsistency+missing,shared_latent,0.10+0.10,0.0015822784810126296,hist_gradient_boosting | categorical_inconsistency+missing | shared_latent | 0.10+0.10
46919,credit_card_clients_default,hist_gradient_boosting,categorical_inconsistency+missing,shared_latent,0.30+0.30,0.0004957705290251635,hist_gradient_boosting | categorical_inconsistency+missing | shared_latent | 0.30+0.30
46919,credit_card_clients_default,hist_gradient_boosting,missing+label_flip,independent,0.10+0.10,0.00035533252654040837,hist_gradient_boosting | missing+label_flip | independent | 0.10+0.10
46919,credit_card_clients_default,hist_gradient_boosting,missing+label_flip,independent,0.30+0.30,0.003854711642739946,hist_gradient_boosting | missing+label_flip | independent | 0.30+0.30
46919,credit_card_clients_default,hist_gradient_boosting,missing+label_flip,shared_latent,0.10+0.10,-0.0007918164697826949,hist_gradient_boosting | missing+label_flip | shared_latent | 0.10+0.10
46919,credit_card_clients_default,hist_gradient_boosting,missing+label_flip,shared_latent,0.30+0.30,0.0011342235918505954,hist_gradient_boosting | missing+label_flip | shared_latent | 0.30+0.30
46919,credit_card_clients_default,hist_gradient_boosting,numeric_outlier+label_flip,independent,0.10+0.10,-0.0005778120184900167,hist_gradient_boosting | numeric_outlier+label_flip | independent | 0.10+0.10
46919,credit_card_clients_default,hist_gradient_boosting,numeric_outlier+label_flip,independent,0.30+0.30,-0.007649246626933855,hist_gradient_boosting | numeric_outlier+label_flip | independent | 0.30+0.30
46919,credit_card_clients_default,hist_gradient_boosting,numeric_outlier+label_flip,shared_latent,0.10+0.10,0.0007311754254470207,hist_gradient_boosting | numeric_outlier+label_flip | shared_latent | 0.10+0.10
46919,credit_card_clients_default,hist_gradient_boosting,numeric_outlier+label_flip,shared_latent,0.30+0.30,0.005858304131206878,hist_gradient_boosting | numeric_outlier+label_flip | shared_latent | 0.30+0.30
46919,credit_card_clients_default,regularized_logistic,categorical_inconsistency+missing,independent,0.10+0.10,-0.0006567189038760857,regularized_logistic | categorical_inconsistency+missing | independent | 0.10+0.10
46919,credit_card_clients_default,regularized_logistic,categorical_inconsistency+missing,independent,0.30+0.30,-1.0255186183028009e-05,regularized_logistic | categorical_inconsistency+missing | independent | 0.30+0.30
46919,credit_card_clients_default,regularized_logistic,categorical_inconsistency+missing,shared_latent,0.10+0.10,0.0005702270505961726,regularized_logistic | categorical_inconsistency+missing | shared_latent | 0.10+0.10
46919,credit_card_clients_default,regularized_logistic,categorical_inconsistency+missing,shared_latent,0.30+0.30,-0.000947850095028735,regularized_logistic | categorical_inconsistency+missing | shared_latent | 0.30+0.30
46919,credit_card_clients_default,regularized_logistic,missing+label_flip,independent,0.10+0.10,0.001023196689362793,regularized_logistic | missing+label_flip | independent | 0.10+0.10
46919,credit_card_clients_default,regularized_logistic,missing+label_flip,independent,0.30+0.30,-0.0011765600963197231,regularized_logistic | missing+label_flip | independent | 0.30+0.30
46919,credit_card_clients_default,regularized_logistic,missing+label_flip,shared_latent,0.10+0.10,-0.0017878078916480817,regularized_logistic | missing+label_flip | shared_latent | 0.10+0.10
46919,credit_card_clients_default,regularized_logistic,missing+label_flip,shared_latent,0.30+0.30,-0.027167536151659715,regularized_logistic | missing+label_flip | shared_latent | 0.30+0.30
46919,credit_card_clients_default,regularized_logistic,numeric_outlier+label_flip,independent,0.10+0.10,2.140044512929003e-05,regularized_logistic | numeric_outlier+label_flip | independent | 0.10+0.10
46919,credit_card_clients_default,regularized_logistic,numeric_outlier+label_flip,independent,0.30+0.30,0.005079877451686106,regularized_logistic | numeric_outlier+label_flip | independent | 0.30+0.30
46919,credit_card_clients_default,regularized_logistic,numeric_outlier+label_flip,shared_latent,0.10+0.10,-0.0007730862429424409,regularized_logistic | numeric_outlier+label_flip | shared_latent | 0.10+0.10
46919,credit_card_clients_default,regularized_logistic,numeric_outlier+label_flip,shared_latent,0.30+0.30,0.011290379505354867,regularized_logistic | numeric_outlier+label_flip | shared_latent | 0.30+0.30
46922,Diabetes130US,extra_trees,categorical_inconsistency+missing,independent,0.10+0.10,0.0,extra_trees | categorical_inconsistency+missing | independent | 0.10+0.10
46922,Diabetes130US,extra_trees,categorical_inconsistency+missing,independent,0.30+0.30,0.0,extra_trees | categorical_inconsistency+missing | independent | 0.30+0.30
46922,Diabetes130US,extra_trees,categorical_inconsistency+missing,shared_latent,0.10+0.10,0.0,extra_trees | categorical_inconsistency+missing | shared_latent | 0.10+0.10
46922,Diabetes130US,extra_trees,categorical_inconsistency+missing,shared_latent,0.30+0.30,0.0,extra_trees | categorical_inconsistency+missing | shared_latent | 0.30+0.30
46922,Diabetes130US,extra_trees,missing+label_flip,independent,0.10+0.10,0.0,extra_trees | missing+label_flip | independent | 0.10+0.10
46922,Diabetes130US,extra_trees,missing+label_flip,independent,0.30+0.30,-0.00035540431001838496,extra_trees | missing+label_flip | independent | 0.30+0.30
46922,Diabetes130US,extra_trees,missing+label_flip,shared_latent,0.10+0.10,0.0,extra_trees | missing+label_flip | shared_latent | 0.10+0.10
46922,Diabetes130US,extra_trees,missing+label_flip,shared_latent,0.30+0.30,1.1173294746980034e-05,extra_trees | missing+label_flip | shared_latent | 0.30+0.30
46922,Diabetes130US,extra_trees,numeric_outlier+label_flip,independent,0.10+0.10,-8.710639201029806e-05,extra_trees | numeric_outlier+label_flip | independent | 0.10+0.10
46922,Diabetes130US,extra_trees,numeric_outlier+label_flip,independent,0.30+0.30,-0.00018748335515232176,extra_trees | numeric_outlier+label_flip | independent | 0.30+0.30
46922,Diabetes130US,extra_trees,numeric_outlier+label_flip,shared_latent,0.10+0.10,-1.5331309600519205e-05,extra_trees | numeric_outlier+label_flip | shared_latent | 0.10+0.10
46922,Diabetes130US,extra_trees,numeric_outlier+label_flip,shared_latent,0.30+0.30,0.0003386991747721761,extra_trees | numeric_outlier+label_flip | shared_latent | 0.30+0.30
46922,Diabetes130US,hist_gradient_boosting,categorical_inconsistency+missing,independent,0.10+0.10,-0.0007435319777064908,hist_gradient_boosting | categorical_inconsistency+missing | independent | 0.10+0.10
46922,Diabetes130US,hist_gradient_boosting,categorical_inconsistency+missing,independent,0.30+0.30,-7.177508240981585e-05,hist_gradient_boosting | categorical_inconsistency+missing | independent | 0.30+0.30
46922,Diabetes130US,hist_gradient_boosting,categorical_inconsistency+missing,shared_latent,0.10+0.10,-0.0002871003296392634,hist_gradient_boosting | categorical_inconsistency+missing | shared_latent | 0.10+0.10
46922,Diabetes130US,hist_gradient_boosting,categorical_inconsistency+missing,shared_latent,0.30+0.30,-0.0004536474588595259,hist_gradient_boosting | categorical_inconsistency+missing | shared_latent | 0.30+0.30
46922,Diabetes130US,hist_gradient_boosting,missing+label_flip,independent,0.10+0.10,-0.00040486934085045184,hist_gradient_boosting | missing+label_flip | independent | 0.10+0.10
46922,Diabetes130US,hist_gradient_boosting,missing+label_flip,independent,0.30+0.30,0.0005560851604703432,hist_gradient_boosting | missing+label_flip | independent | 0.30+0.30
46922,Diabetes130US,hist_gradient_boosting,missing+label_flip,shared_latent,0.10+0.10,-0.000714966634890383,hist_gradient_boosting | missing+label_flip | shared_latent | 0.10+0.10
46922,Diabetes130US,hist_gradient_boosting,missing+label_flip,shared_latent,0.30+0.30,1.8115498808183677e-05,hist_gradient_boosting | missing+label_flip | shared_latent | 0.30+0.30
46922,Diabetes130US,hist_gradient_boosting,numeric_outlier+label_flip,independent,0.10+0.10,9.477204681055766e-05,hist_gradient_boosting | numeric_outlier+label_flip | independent | 0.10+0.10
46922,Diabetes130US,hist_gradient_boosting,numeric_outlier+label_flip,independent,0.30+0.30,0.00015609728521237543,hist_gradient_boosting | numeric_outlier+label_flip | independent | 0.30+0.30
46922,Diabetes130US,hist_gradient_boosting,numeric_outlier+label_flip,shared_latent,0.10+0.10,-0.00023065655682992978,hist_gradient_boosting | numeric_outlier+label_flip | shared_latent | 0.10+0.10
46922,Diabetes130US,hist_gradient_boosting,numeric_outlier+label_flip,shared_latent,0.30+0.30,0.0006048632784794172,hist_gradient_boosting | numeric_outlier+label_flip | shared_latent | 0.30+0.30
46922,Diabetes130US,regularized_logistic,categorical_inconsistency+missing,independent,0.10+0.10,-0.00026131917603089416,regularized_logistic | categorical_inconsistency+missing | independent | 0.10+0.10
46922,Diabetes130US,regularized_logistic,categorical_inconsistency+missing,independent,0.30+0.30,-0.0001588814744200769,regularized_logistic | categorical_inconsistency+missing | independent | 0.30+0.30
46922,Diabetes130US,regularized_logistic,categorical_inconsistency+missing,shared_latent,0.10+0.10,-0.0004334346836665226,regularized_logistic | categorical_inconsistency+missing | shared_latent | 0.10+0.10
46922,Diabetes130US,regularized_logistic,categorical_inconsistency+missing,shared_latent,0.30+0.30,-2.29969644007418e-05,regularized_logistic | categorical_inconsistency+missing | shared_latent | 0.30+0.30
46922,Diabetes130US,regularized_logistic,missing+label_flip,independent,0.10+0.10,2.578115360840627e-05,regularized_logistic | missing+label_flip | independent | 0.10+0.10
46922,Diabetes130US,regularized_logistic,missing+label_flip,independent,0.30+0.30,-0.0012048450913663504,regularized_logistic | missing+label_flip | independent | 0.30+0.30
46922,Diabetes130US,regularized_logistic,missing+label_flip,shared_latent,0.10+0.10,-0.0003052158284474101,regularized_logistic | missing+label_flip | shared_latent | 0.10+0.10
46922,Diabetes130US,regularized_logistic,missing+label_flip,shared_latent,0.30+0.30,-0.0006208449629866072,regularized_logistic | missing+label_flip | shared_latent | 0.30+0.30
46922,Diabetes130US,regularized_logistic,numeric_outlier+label_flip,independent,0.10+0.10,3.700743415417188e-17,regularized_logistic | numeric_outlier+label_flip | independent | 0.10+0.10
46922,Diabetes130US,regularized_logistic,numeric_outlier+label_flip,independent,0.30+0.30,-0.0009916171205216484,regularized_logistic | numeric_outlier+label_flip | independent | 0.30+0.30
46922,Diabetes130US,regularized_logistic,numeric_outlier+label_flip,shared_latent,0.10+0.10,-0.00047664442326026774,regularized_logistic | numeric_outlier+label_flip | shared_latent | 0.10+0.10
46922,Diabetes130US,regularized_logistic,numeric_outlier+label_flip,shared_latent,0.30+0.30,-0.0008696535565408577,regularized_logistic | numeric_outlier+label_flip | shared_latent | 0.30+0.30
46930,hazelnut-spread-contaminant-detection,extra_trees,missing+label_flip,independent,0.10+0.10,-0.0008333333333333526,extra_trees | missing+label_flip | independent | 0.10+0.10
46930,hazelnut-spread-contaminant-detection,extra_trees,missing+label_flip,independent,0.30+0.30,0.025416666666666716,extra_trees | missing+label_flip | independent | 0.30+0.30
46930,hazelnut-spread-contaminant-detection,extra_trees,missing+label_flip,shared_latent,0.10+0.10,0.006250000000000015,extra_trees | missing+label_flip | shared_latent | 0.10+0.10
46930,hazelnut-spread-contaminant-detection,extra_trees,missing+label_flip,shared_latent,0.30+0.30,0.02749999999999997,extra_trees | missing+label_flip | shared_latent | 0.30+0.30
46930,hazelnut-spread-contaminant-detection,extra_trees,numeric_outlier+label_flip,independent,0.10+0.10,0.0029166666666666785,extra_trees | numeric_outlier+label_flip | independent | 0.10+0.10
46930,hazelnut-spread-contaminant-detection,extra_trees,numeric_outlier+label_flip,independent,0.30+0.30,0.0033333333333332624,extra_trees | numeric_outlier+label_flip | independent | 0.30+0.30
46930,hazelnut-spread-contaminant-detection,extra_trees,numeric_outlier+label_flip,shared_latent,0.10+0.10,-0.006250000000000126,extra_trees | numeric_outlier+label_flip | shared_latent | 0.10+0.10
46930,hazelnut-spread-contaminant-detection,extra_trees,numeric_outlier+label_flip,shared_latent,0.30+0.30,0.011249999999999982,extra_trees | numeric_outlier+label_flip | shared_latent | 0.30+0.30
46930,hazelnut-spread-contaminant-detection,hist_gradient_boosting,missing+label_flip,independent,0.10+0.10,0.003750000000000031,hist_gradient_boosting | missing+label_flip | independent | 0.10+0.10
46930,hazelnut-spread-contaminant-detection,hist_gradient_boosting,missing+label_flip,independent,0.30+0.30,0.007916666666666794,hist_gradient_boosting | missing+label_flip | independent | 0.30+0.30
46930,hazelnut-spread-contaminant-detection,hist_gradient_boosting,missing+label_flip,shared_latent,0.10+0.10,-0.006249999999999867,hist_gradient_boosting | missing+label_flip | shared_latent | 0.10+0.10
46930,hazelnut-spread-contaminant-detection,hist_gradient_boosting,missing+label_flip,shared_latent,0.30+0.30,-0.006666666666666525,hist_gradient_boosting | missing+label_flip | shared_latent | 0.30+0.30
46930,hazelnut-spread-contaminant-detection,hist_gradient_boosting,numeric_outlier+label_flip,independent,0.10+0.10,0.010833333333333436,hist_gradient_boosting | numeric_outlier+label_flip | independent | 0.10+0.10
46930,hazelnut-spread-contaminant-detection,hist_gradient_boosting,numeric_outlier+label_flip,independent,0.30+0.30,0.005833333333333394,hist_gradient_boosting | numeric_outlier+label_flip | independent | 0.30+0.30
46930,hazelnut-spread-contaminant-detection,hist_gradient_boosting,numeric_outlier+label_flip,shared_latent,0.10+0.10,-0.00041666666666658375,hist_gradient_boosting | numeric_outlier+label_flip | shared_latent | 0.10+0.10
46930,hazelnut-spread-contaminant-detection,hist_gradient_boosting,numeric_outlier+label_flip,shared_latent,0.30+0.30,0.008333333333333415,hist_gradient_boosting | numeric_outlier+label_flip | shared_latent | 0.30+0.30
46930,hazelnut-spread-contaminant-detection,regularized_logistic,missing+label_flip,independent,0.10+0.10,-0.0024999999999999836,regularized_logistic | missing+label_flip | independent | 0.10+0.10
46930,hazelnut-spread-contaminant-detection,regularized_logistic,missing+label_flip,independent,0.30+0.30,-0.004583333333333346,regularized_logistic | missing+label_flip | independent | 0.30+0.30
46930,hazelnut-spread-contaminant-detection,regularized_logistic,missing+label_flip,shared_latent,0.10+0.10,-0.0008333333333334266,regularized_logistic | missing+label_flip | shared_latent | 0.10+0.10
46930,hazelnut-spread-contaminant-detection,regularized_logistic,missing+label_flip,shared_latent,0.30+0.30,-0.002083333333333363,regularized_logistic | missing+label_flip | shared_latent | 0.30+0.30
46930,hazelnut-spread-contaminant-detection,regularized_logistic,numeric_outlier+label_flip,independent,0.10+0.10,-0.00666666666666671,regularized_logistic | numeric_outlier+label_flip | independent | 0.10+0.10
46930,hazelnut-spread-contaminant-detection,regularized_logistic,numeric_outlier+label_flip,independent,0.30+0.30,0.02166666666666665,regularized_logistic | numeric_outlier+label_flip | independent | 0.30+0.30
46930,hazelnut-spread-contaminant-detection,regularized_logistic,numeric_outlier+label_flip,shared_latent,0.10+0.10,-0.005833333333333394,regularized_logistic | numeric_outlier+label_flip | shared_latent | 0.10+0.10
46930,hazelnut-spread-contaminant-detection,regularized_logistic,numeric_outlier+label_flip,shared_latent,0.30+0.30,0.01083333333333325,regularized_logistic | numeric_outlier+label_flip | shared_latent | 0.30+0.30
46941,maternal_health_risk,extra_trees,missing+label_flip,independent,0.10+0.10,-0.006962599854756779,extra_trees | missing+label_flip | independent | 0.10+0.10
46941,maternal_health_risk,extra_trees,missing+label_flip,independent,0.30+0.30,0.004969395165473456,extra_trees | missing+label_flip | independent | 0.30+0.30
46941,maternal_health_risk,extra_trees,missing+label_flip,shared_latent,0.10+0.10,0.0032368502956737397,extra_trees | missing+label_flip | shared_latent | 0.10+0.10
46941,maternal_health_risk,extra_trees,missing+label_flip,shared_latent,0.30+0.30,0.025067434381159808,extra_trees | missing+label_flip | shared_latent | 0.30+0.30
46941,maternal_health_risk,extra_trees,numeric_outlier+label_flip,independent,0.10+0.10,-0.0029139433551198892,extra_trees | numeric_outlier+label_flip | independent | 0.10+0.10
46941,maternal_health_risk,extra_trees,numeric_outlier+label_flip,independent,0.30+0.30,0.002275910364145576,extra_trees | numeric_outlier+label_flip | independent | 0.30+0.30
46941,maternal_health_risk,extra_trees,numeric_outlier+label_flip,shared_latent,0.10+0.10,-0.00555296192551095,extra_trees | numeric_outlier+label_flip | shared_latent | 0.10+0.10
46941,maternal_health_risk,extra_trees,numeric_outlier+label_flip,shared_latent,0.30+0.30,0.02912516858595282,extra_trees | numeric_outlier+label_flip | shared_latent | 0.30+0.30
46941,maternal_health_risk,hist_gradient_boosting,missing+label_flip,independent,0.10+0.10,-0.013916122004357248,hist_gradient_boosting | missing+label_flip | independent | 0.10+0.10
46941,maternal_health_risk,hist_gradient_boosting,missing+label_flip,independent,0.30+0.30,-0.013511515717398023,hist_gradient_boosting | missing+label_flip | independent | 0.30+0.30
46941,maternal_health_risk,hist_gradient_boosting,missing+label_flip,shared_latent,0.10+0.10,0.0009427845212159521,hist_gradient_boosting | missing+label_flip | shared_latent | 0.10+0.10
46941,maternal_health_risk,hist_gradient_boosting,missing+label_flip,shared_latent,0.30+0.30,0.0020736072206659997,hist_gradient_boosting | missing+label_flip | shared_latent | 0.30+0.30
46941,maternal_health_risk,hist_gradient_boosting,numeric_outlier+label_flip,independent,0.10+0.10,0.01610255213196395,hist_gradient_boosting | numeric_outlier+label_flip | independent | 0.10+0.10
46941,maternal_health_risk,hist_gradient_boosting,numeric_outlier+label_flip,independent,0.30+0.30,0.004148511256354441,hist_gradient_boosting | numeric_outlier+label_flip | independent | 0.30+0.30
46941,maternal_health_risk,hist_gradient_boosting,numeric_outlier+label_flip,shared_latent,0.10+0.10,-0.005808434484905052,hist_gradient_boosting | numeric_outlier+label_flip | shared_latent | 0.10+0.10
46941,maternal_health_risk,hist_gradient_boosting,numeric_outlier+label_flip,shared_latent,0.30+0.30,0.03202614379084975,hist_gradient_boosting | numeric_outlier+label_flip | shared_latent | 0.30+0.30
46941,maternal_health_risk,regularized_logistic,missing+label_flip,independent,0.10+0.10,0.015528063077082729,regularized_logistic | missing+label_flip | independent | 0.10+0.10
46941,maternal_health_risk,regularized_logistic,missing+label_flip,independent,0.30+0.30,-0.0019568938686586415,regularized_logistic | missing+label_flip | independent | 0.30+0.30
46941,maternal_health_risk,regularized_logistic,missing+label_flip,shared_latent,0.10+0.10,0.016910467890859964,regularized_logistic | missing+label_flip | shared_latent | 0.10+0.10
46941,maternal_health_risk,regularized_logistic,missing+label_flip,shared_latent,0.30+0.30,0.017444755680049773,regularized_logistic | missing+label_flip | shared_latent | 0.30+0.30
46941,maternal_health_risk,regularized_logistic,numeric_outlier+label_flip,independent,0.10+0.10,0.014218279904554376,regularized_logistic | numeric_outlier+label_flip | independent | 0.10+0.10
46941,maternal_health_risk,regularized_logistic,numeric_outlier+label_flip,independent,0.30+0.30,-0.034717034962133,regularized_logistic | numeric_outlier+label_flip | independent | 0.30+0.30
46941,maternal_health_risk,regularized_logistic,numeric_outlier+label_flip,shared_latent,0.10+0.10,-0.009713144517066064,regularized_logistic | numeric_outlier+label_flip | shared_latent | 0.10+0.10
46941,maternal_health_risk,regularized_logistic,numeric_outlier+label_flip,shared_latent,0.30+0.30,-0.04184562713974479,regularized_logistic | numeric_outlier+label_flip | shared_latent | 0.30+0.30
46947,online_shoppers_intention,extra_trees,categorical_inconsistency+missing,independent,0.10+0.10,-0.01190696024013064,extra_trees | categorical_inconsistency+missing | independent | 0.10+0.10
46947,online_shoppers_intention,extra_trees,categorical_inconsistency+missing,independent,0.30+0.30,-0.002306894341795133,extra_trees | categorical_inconsistency+missing | independent | 0.30+0.30
46947,online_shoppers_intention,extra_trees,categorical_inconsistency+missing,shared_latent,0.10+0.10,-0.006023632881096937,extra_trees | categorical_inconsistency+missing | shared_latent | 0.10+0.10
46947,online_shoppers_intention,extra_trees,categorical_inconsistency+missing,shared_latent,0.30+0.30,-0.004613788683590192,extra_trees | categorical_inconsistency+missing | shared_latent | 0.30+0.30
46947,online_shoppers_intention,extra_trees,missing+label_flip,independent,0.10+0.10,0.009670218659367125,extra_trees | missing+label_flip | independent | 0.10+0.10
46947,online_shoppers_intention,extra_trees,missing+label_flip,independent,0.30+0.30,0.0017931950916602417,extra_trees | missing+label_flip | independent | 0.30+0.30
46947,online_shoppers_intention,extra_trees,missing+label_flip,shared_latent,0.10+0.10,0.0007897843096786872,extra_trees | missing+label_flip | shared_latent | 0.10+0.10
46947,online_shoppers_intention,extra_trees,missing+label_flip,shared_latent,0.30+0.30,0.003535246557536046,extra_trees | missing+label_flip | shared_latent | 0.30+0.30
46947,online_shoppers_intention,extra_trees,numeric_outlier+label_flip,independent,0.10+0.10,0.010722057476383365,extra_trees | numeric_outlier+label_flip | independent | 0.10+0.10
46947,online_shoppers_intention,extra_trees,numeric_outlier+label_flip,independent,0.30+0.30,0.015210476387033212,extra_trees | numeric_outlier+label_flip | independent | 0.30+0.30
46947,online_shoppers_intention,extra_trees,numeric_outlier+label_flip,shared_latent,0.10+0.10,-0.0012622971001112389,extra_trees | numeric_outlier+label_flip | shared_latent | 0.10+0.10
46947,online_shoppers_intention,extra_trees,numeric_outlier+label_flip,shared_latent,0.30+0.30,0.026806954084791574,extra_trees | numeric_outlier+label_flip | shared_latent | 0.30+0.30
46947,online_shoppers_intention,hist_gradient_boosting,categorical_inconsistency+missing,independent,0.10+0.10,0.004384773863706244,hist_gradient_boosting | categorical_inconsistency+missing | independent | 0.10+0.10
46947,online_shoppers_intention,hist_gradient_boosting,categorical_inconsistency+missing,independent,0.30+0.30,-0.002125854958487642,hist_gradient_boosting | categorical_inconsistency+missing | independent | 0.30+0.30
46947,online_shoppers_intention,hist_gradient_boosting,categorical_inconsistency+missing,shared_latent,0.10+0.10,-0.000642237212283218,hist_gradient_boosting | categorical_inconsistency+missing | shared_latent | 0.10+0.10
46947,online_shoppers_intention,hist_gradient_boosting,categorical_inconsistency+missing,shared_latent,0.30+0.30,-0.005979278232186654,hist_gradient_boosting | categorical_inconsistency+missing | shared_latent | 0.30+0.30
46947,online_shoppers_intention,hist_gradient_boosting,missing+label_flip,independent,0.10+0.10,0.0011441689025030177,hist_gradient_boosting | missing+label_flip | independent | 0.10+0.10
46947,online_shoppers_intention,hist_gradient_boosting,missing+label_flip,independent,0.30+0.30,-0.014387199791442687,hist_gradient_boosting | missing+label_flip | independent | 0.30+0.30
46947,online_shoppers_intention,hist_gradient_boosting,missing+label_flip,shared_latent,0.10+0.10,-0.0029011561175018206,hist_gradient_boosting | missing+label_flip | shared_latent | 0.10+0.10
46947,online_shoppers_intention,hist_gradient_boosting,missing+label_flip,shared_latent,0.30+0.30,-0.0031084462113888747,hist_gradient_boosting | missing+label_flip | shared_latent | 0.30+0.30
46947,online_shoppers_intention,hist_gradient_boosting,numeric_outlier+label_flip,independent,0.10+0.10,-0.007389122429693362,hist_gradient_boosting | numeric_outlier+label_flip | independent | 0.10+0.10
46947,online_shoppers_intention,hist_gradient_boosting,numeric_outlier+label_flip,independent,0.30+0.30,0.007245196119963844,hist_gradient_boosting | numeric_outlier+label_flip | independent | 0.30+0.30
46947,online_shoppers_intention,hist_gradient_boosting,numeric_outlier+label_flip,shared_latent,0.10+0.10,0.002864043043923773,hist_gradient_boosting | numeric_outlier+label_flip | shared_latent | 0.10+0.10
46947,online_shoppers_intention,hist_gradient_boosting,numeric_outlier+label_flip,shared_latent,0.30+0.30,-0.003138317709634538,hist_gradient_boosting | numeric_outlier+label_flip | shared_latent | 0.30+0.30
46947,online_shoppers_intention,regularized_logistic,categorical_inconsistency+missing,independent,0.10+0.10,-0.0007861635220125507,regularized_logistic | categorical_inconsistency+missing | independent | 0.10+0.10
46947,online_shoppers_intention,regularized_logistic,categorical_inconsistency+missing,independent,0.30+0.30,0.0011921443390795854,regularized_logistic | categorical_inconsistency+missing | independent | 0.30+0.30
46947,online_shoppers_intention,regularized_logistic,categorical_inconsistency+missing,shared_latent,0.10+0.10,0.0005019316902199847,regularized_logistic | categorical_inconsistency+missing | shared_latent | 0.10+0.10
46947,online_shoppers_intention,regularized_logistic,categorical_inconsistency+missing,shared_latent,0.30+0.30,-0.0013324498611427815,regularized_logistic | categorical_inconsistency+missing | shared_latent | 0.30+0.30
46947,online_shoppers_intention,regularized_logistic,missing+label_flip,independent,0.10+0.10,-0.0011921443390795112,regularized_logistic | missing+label_flip | independent | 0.10+0.10
46947,online_shoppers_intention,regularized_logistic,missing+label_flip,independent,0.30+0.30,-0.002498796088100922,regularized_logistic | missing+label_flip | independent | 0.30+0.30
46947,online_shoppers_intention,regularized_logistic,missing+label_flip,shared_latent,0.10+0.10,-0.0028346241441362663,regularized_logistic | missing+label_flip | shared_latent | 0.10+0.10
46947,online_shoppers_intention,regularized_logistic,missing+label_flip,shared_latent,0.30+0.30,-0.013449868384368235,regularized_logistic | missing+label_flip | shared_latent | 0.30+0.30
46947,online_shoppers_intention,regularized_logistic,numeric_outlier+label_flip,independent,0.10+0.10,-0.003882842173486408,regularized_logistic | numeric_outlier+label_flip | independent | 0.10+0.10
46947,online_shoppers_intention,regularized_logistic,numeric_outlier+label_flip,independent,0.30+0.30,0.0025580864861342403,regularized_logistic | numeric_outlier+label_flip | independent | 0.30+0.30
46947,online_shoppers_intention,regularized_logistic,numeric_outlier+label_flip,shared_latent,0.10+0.10,-0.002546771524677416,regularized_logistic | numeric_outlier+label_flip | shared_latent | 0.10+0.10
46947,online_shoppers_intention,regularized_logistic,numeric_outlier+label_flip,shared_latent,0.30+0.30,0.005233848571418287,regularized_logistic | numeric_outlier+label_flip | shared_latent | 0.30+0.30
46960,students_dropout_and_academic_success,extra_trees,categorical_inconsistency+missing,independent,0.10+0.10,0.004911034903477736,extra_trees | categorical_inconsistency+missing | independent | 0.10+0.10
46960,students_dropout_and_academic_success,extra_trees,categorical_inconsistency+missing,independent,0.30+0.30,0.005831506067667062,extra_trees | categorical_inconsistency+missing | independent | 0.30+0.30
46960,students_dropout_and_academic_success,extra_trees,categorical_inconsistency+missing,shared_latent,0.10+0.10,0.008535270839257203,extra_trees | categorical_inconsistency+missing | shared_latent | 0.10+0.10
46960,students_dropout_and_academic_success,extra_trees,categorical_inconsistency+missing,shared_latent,0.30+0.30,0.005238002545767488,extra_trees | categorical_inconsistency+missing | shared_latent | 0.30+0.30
46960,students_dropout_and_academic_success,extra_trees,missing+label_flip,independent,0.10+0.10,-0.0025027496452019182,extra_trees | missing+label_flip | independent | 0.10+0.10
46960,students_dropout_and_academic_success,extra_trees,missing+label_flip,independent,0.30+0.30,0.001638893500786535,extra_trees | missing+label_flip | independent | 0.30+0.30
46960,students_dropout_and_academic_success,extra_trees,missing+label_flip,shared_latent,0.10+0.10,-0.0035203887225425667,extra_trees | missing+label_flip | shared_latent | 0.10+0.10
46960,students_dropout_and_academic_success,extra_trees,missing+label_flip,shared_latent,0.30+0.30,0.012180339830065945,extra_trees | missing+label_flip | shared_latent | 0.30+0.30
46960,students_dropout_and_academic_success,extra_trees,numeric_outlier+label_flip,independent,0.10+0.10,0.0071420801630512525,extra_trees | numeric_outlier+label_flip | independent | 0.10+0.10
46960,students_dropout_and_academic_success,extra_trees,numeric_outlier+label_flip,independent,0.30+0.30,0.00675754331526109,extra_trees | numeric_outlier+label_flip | independent | 0.30+0.30
46960,students_dropout_and_academic_success,extra_trees,numeric_outlier+label_flip,shared_latent,0.10+0.10,0.011013609232955543,extra_trees | numeric_outlier+label_flip | shared_latent | 0.10+0.10
46960,students_dropout_and_academic_success,extra_trees,numeric_outlier+label_flip,shared_latent,0.30+0.30,-0.00198168472304124,extra_trees | numeric_outlier+label_flip | shared_latent | 0.30+0.30
46960,students_dropout_and_academic_success,hist_gradient_boosting,categorical_inconsistency+missing,independent,0.10+0.10,-0.003794478572487159,hist_gradient_boosting | categorical_inconsistency+missing | independent | 0.10+0.10
46960,students_dropout_and_academic_success,hist_gradient_boosting,categorical_inconsistency+missing,independent,0.30+0.30,-0.007924273912371235,hist_gradient_boosting | categorical_inconsistency+missing | independent | 0.30+0.30
46960,students_dropout_and_academic_success,hist_gradient_boosting,categorical_inconsistency+missing,shared_latent,0.10+0.10,-0.0018501661237348976,hist_gradient_boosting | categorical_inconsistency+missing | shared_latent | 0.10+0.10
46960,students_dropout_and_academic_success,hist_gradient_boosting,categorical_inconsistency+missing,shared_latent,0.30+0.30,-0.01440073001569305,hist_gradient_boosting | categorical_inconsistency+missing | shared_latent | 0.30+0.30
46960,students_dropout_and_academic_success,hist_gradient_boosting,missing+label_flip,independent,0.10+0.10,-0.011491656281945262,hist_gradient_boosting | missing+label_flip | independent | 0.10+0.10
46960,students_dropout_and_academic_success,hist_gradient_boosting,missing+label_flip,independent,0.30+0.30,-0.009236756379208474,hist_gradient_boosting | missing+label_flip | independent | 0.30+0.30
46960,students_dropout_and_academic_success,hist_gradient_boosting,missing+label_flip,shared_latent,0.10+0.10,-0.008464502064539858,hist_gradient_boosting | missing+label_flip | shared_latent | 0.10+0.10
46960,students_dropout_and_academic_success,hist_gradient_boosting,missing+label_flip,shared_latent,0.30+0.30,0.007140966946370453,hist_gradient_boosting | missing+label_flip | shared_latent | 0.30+0.30
46960,students_dropout_and_academic_success,hist_gradient_boosting,numeric_outlier+label_flip,independent,0.10+0.10,-0.00496295851009602,hist_gradient_boosting | numeric_outlier+label_flip | independent | 0.10+0.10
46960,students_dropout_and_academic_success,hist_gradient_boosting,numeric_outlier+label_flip,independent,0.30+0.30,-0.014540279678197451,hist_gradient_boosting | numeric_outlier+label_flip | independent | 0.30+0.30
46960,students_dropout_and_academic_success,hist_gradient_boosting,numeric_outlier+label_flip,shared_latent,0.10+0.10,-0.002453847626717335,hist_gradient_boosting | numeric_outlier+label_flip | shared_latent | 0.10+0.10
46960,students_dropout_and_academic_success,hist_gradient_boosting,numeric_outlier+label_flip,shared_latent,0.30+0.30,-0.007998461852608663,hist_gradient_boosting | numeric_outlier+label_flip | shared_latent | 0.30+0.30
46960,students_dropout_and_academic_success,regularized_logistic,categorical_inconsistency+missing,independent,0.10+0.10,0.0002258239552778892,regularized_logistic | categorical_inconsistency+missing | independent | 0.10+0.10
46960,students_dropout_and_academic_success,regularized_logistic,categorical_inconsistency+missing,independent,0.30+0.30,0.0011538490898022429,regularized_logistic | categorical_inconsistency+missing | independent | 0.30+0.30
46960,students_dropout_and_academic_success,regularized_logistic,categorical_inconsistency+missing,shared_latent,0.10+0.10,0.0019536157595859325,regularized_logistic | categorical_inconsistency+missing | shared_latent | 0.10+0.10
46960,students_dropout_and_academic_success,regularized_logistic,categorical_inconsistency+missing,shared_latent,0.30+0.30,-0.003837496445658154,regularized_logistic | categorical_inconsistency+missing | shared_latent | 0.30+0.30
46960,students_dropout_and_academic_success,regularized_logistic,missing+label_flip,independent,0.10+0.10,0.002861841540284682,regularized_logistic | missing+label_flip | independent | 0.10+0.10
46960,students_dropout_and_academic_success,regularized_logistic,missing+label_flip,independent,0.30+0.30,0.0027771575570555798,regularized_logistic | missing+label_flip | independent | 0.30+0.30
46960,students_dropout_and_academic_success,regularized_logistic,missing+label_flip,shared_latent,0.10+0.10,0.0016392115626953825,regularized_logistic | missing+label_flip | shared_latent | 0.10+0.10
46960,students_dropout_and_academic_success,regularized_logistic,missing+label_flip,shared_latent,0.30+0.30,0.0017813852359478781,regularized_logistic | missing+label_flip | shared_latent | 0.30+0.30
46960,students_dropout_and_academic_success,regularized_logistic,numeric_outlier+label_flip,independent,0.10+0.10,0.003449619947825111,regularized_logistic | numeric_outlier+label_flip | independent | 0.10+0.10
46960,students_dropout_and_academic_success,regularized_logistic,numeric_outlier+label_flip,independent,0.30+0.30,-0.0006768357420161205,regularized_logistic | numeric_outlier+label_flip | independent | 0.30+0.30
46960,students_dropout_and_academic_success,regularized_logistic,numeric_outlier+label_flip,shared_latent,0.10+0.10,-0.004998581443886578,regularized_logistic | numeric_outlier+label_flip | shared_latent | 0.10+0.10
46960,students_dropout_and_academic_success,regularized_logistic,numeric_outlier+label_flip,shared_latent,0.30+0.30,0.012348833126275069,regularized_logistic | numeric_outlier+label_flip | shared_latent | 0.30+0.30
50,tic-tac-toe,extra_trees,categorical_inconsistency+missing,independent,0.10+0.10,-0.030303030303030276,extra_trees | categorical_inconsistency+missing | independent | 0.10+0.10
50,tic-tac-toe,extra_trees,categorical_inconsistency+missing,independent,0.30+0.30,0.019961519961519996,extra_trees | categorical_inconsistency+missing | independent | 0.30+0.30
50,tic-tac-toe,extra_trees,categorical_inconsistency+missing,shared_latent,0.10+0.10,0.030303030303030276,extra_trees | categorical_inconsistency+missing | shared_latent | 0.10+0.10
50,tic-tac-toe,extra_trees,categorical_inconsistency+missing,shared_latent,0.30+0.30,-0.010101010101010091,extra_trees | categorical_inconsistency+missing | shared_latent | 0.30+0.30
50,tic-tac-toe,extra_trees,missing+label_flip,independent,0.10+0.10,-0.00264550264550271,extra_trees | missing+label_flip | independent | 0.10+0.10
50,tic-tac-toe,extra_trees,missing+label_flip,independent,0.30+0.30,-0.03848003848003848,extra_trees | missing+label_flip | independent | 0.30+0.30
50,tic-tac-toe,extra_trees,missing+label_flip,shared_latent,0.10+0.10,-0.010341510341510355,extra_trees | missing+label_flip | shared_latent | 0.10+0.10
50,tic-tac-toe,extra_trees,missing+label_flip,shared_latent,0.30+0.30,-0.03848003848003841,extra_trees | missing+label_flip | shared_latent | 0.30+0.30
50,tic-tac-toe,hist_gradient_boosting,categorical_inconsistency+missing,independent,0.10+0.10,-0.012506012506012465,hist_gradient_boosting | categorical_inconsistency+missing | independent | 0.10+0.10
50,tic-tac-toe,hist_gradient_boosting,categorical_inconsistency+missing,independent,0.30+0.30,0.0,hist_gradient_boosting | categorical_inconsistency+missing | independent | 0.30+0.30
50,tic-tac-toe,hist_gradient_boosting,categorical_inconsistency+missing,shared_latent,0.10+0.10,-0.017556517556517548,hist_gradient_boosting | categorical_inconsistency+missing | shared_latent | 0.10+0.10
50,tic-tac-toe,hist_gradient_boosting,categorical_inconsistency+missing,shared_latent,0.30+0.30,0.012746512746512765,hist_gradient_boosting | categorical_inconsistency+missing | shared_latent | 0.30+0.30
50,tic-tac-toe,hist_gradient_boosting,missing+label_flip,independent,0.10+0.10,0.00481000481000482,hist_gradient_boosting | missing+label_flip | independent | 0.10+0.10
50,tic-tac-toe,hist_gradient_boosting,missing+label_flip,independent,0.30+0.30,-0.03415103415103404,hist_gradient_boosting | missing+label_flip | independent | 0.30+0.30
50,tic-tac-toe,hist_gradient_boosting,missing+label_flip,shared_latent,0.10+0.10,-0.02284752284752282,hist_gradient_boosting | missing+label_flip | shared_latent | 0.10+0.10
50,tic-tac-toe,hist_gradient_boosting,missing+label_flip,shared_latent,0.30+0.30,0.06469456469456465,hist_gradient_boosting | missing+label_flip | shared_latent | 0.30+0.30
50,tic-tac-toe,regularized_logistic,categorical_inconsistency+missing,independent,0.10+0.10,-0.007696007696007719,regularized_logistic | categorical_inconsistency+missing | independent | 0.10+0.10
50,tic-tac-toe,regularized_logistic,categorical_inconsistency+missing,independent,0.30+0.30,-0.048340548340548316,regularized_logistic | categorical_inconsistency+missing | independent | 0.30+0.30
50,tic-tac-toe,regularized_logistic,categorical_inconsistency+missing,shared_latent,0.10+0.10,0.004810004810004746,regularized_logistic | categorical_inconsistency+missing | shared_latent | 0.10+0.10
50,tic-tac-toe,regularized_logistic,categorical_inconsistency+missing,shared_latent,0.30+0.30,-0.019721019721019657,regularized_logistic | categorical_inconsistency+missing | shared_latent | 0.30+0.30
50,tic-tac-toe,regularized_logistic,missing+label_flip,independent,0.10+0.10,-0.012987012987013028,regularized_logistic | missing+label_flip | independent | 0.10+0.10
50,tic-tac-toe,regularized_logistic,missing+label_flip,independent,0.30+0.30,-0.1411736411736412,regularized_logistic | missing+label_flip | independent | 0.30+0.30
50,tic-tac-toe,regularized_logistic,missing+label_flip,shared_latent,0.10+0.10,-0.007936507936507908,regularized_logistic | missing+label_flip | shared_latent | 0.10+0.10
50,tic-tac-toe,regularized_logistic,missing+label_flip,shared_latent,0.30+0.30,-0.12962962962962954,regularized_logistic | missing+label_flip | shared_latent | 0.30+0.30
60,waveform-5000,extra_trees,missing+label_flip,independent,0.10+0.10,-0.004693998811645783,extra_trees | missing+label_flip | independent | 0.10+0.10
60,waveform-5000,extra_trees,missing+label_flip,independent,0.30+0.30,0.003327391562685763,extra_trees | missing+label_flip | independent | 0.30+0.30
60,waveform-5000,extra_trees,missing+label_flip,shared_latent,0.10+0.10,0.004575163398692905,extra_trees | missing+label_flip | shared_latent | 0.10+0.10
60,waveform-5000,extra_trees,missing+label_flip,shared_latent,0.30+0.30,-0.0014854426619132315,extra_trees | missing+label_flip | shared_latent | 0.30+0.30
60,waveform-5000,extra_trees,numeric_outlier+label_flip,independent,0.10+0.10,0.0020003961180431093,extra_trees | numeric_outlier+label_flip | independent | 0.10+0.10
60,waveform-5000,extra_trees,numeric_outlier+label_flip,independent,0.30+0.30,0.007783719548425457,extra_trees | numeric_outlier+label_flip | independent | 0.30+0.30
60,waveform-5000,extra_trees,numeric_outlier+label_flip,shared_latent,0.10+0.10,0.0018617548029312332,extra_trees | numeric_outlier+label_flip | shared_latent | 0.10+0.10
60,waveform-5000,extra_trees,numeric_outlier+label_flip,shared_latent,0.30+0.30,-0.0034462269756387145,extra_trees | numeric_outlier+label_flip | shared_latent | 0.30+0.30
60,waveform-5000,hist_gradient_boosting,missing+label_flip,independent,0.10+0.10,-0.007843137254901933,hist_gradient_boosting | missing+label_flip | independent | 0.10+0.10
60,waveform-5000,hist_gradient_boosting,missing+label_flip,independent,0.30+0.30,-0.013329372152901567,hist_gradient_boosting | missing+label_flip | independent | 0.30+0.30
60,waveform-5000,hist_gradient_boosting,missing+label_flip,shared_latent,0.10+0.10,-0.002218261041790459,hist_gradient_boosting | missing+label_flip | shared_latent | 0.10+0.10
60,waveform-5000,hist_gradient_boosting,missing+label_flip,shared_latent,0.30+0.30,-0.00604080015844725,hist_gradient_boosting | missing+label_flip | shared_latent | 0.30+0.30
60,waveform-5000,hist_gradient_boosting,numeric_outlier+label_flip,independent,0.10+0.10,0.007922360863537295,hist_gradient_boosting | numeric_outlier+label_flip | independent | 0.10+0.10
60,waveform-5000,hist_gradient_boosting,numeric_outlier+label_flip,independent,0.30+0.30,0.009189938601703399,hist_gradient_boosting | numeric_outlier+label_flip | independent | 0.30+0.30
60,waveform-5000,hist_gradient_boosting,numeric_outlier+label_flip,shared_latent,0.10+0.10,-0.004693998811645968,hist_gradient_boosting | numeric_outlier+label_flip | shared_latent | 0.10+0.10
60,waveform-5000,hist_gradient_boosting,numeric_outlier+label_flip,shared_latent,0.30+0.30,0.011863735393147112,hist_gradient_boosting | numeric_outlier+label_flip | shared_latent | 0.30+0.30
60,waveform-5000,regularized_logistic,missing+label_flip,independent,0.10+0.10,0.0019409784115665962,regularized_logistic | missing+label_flip | independent | 0.10+0.10
60,waveform-5000,regularized_logistic,missing+label_flip,independent,0.30+0.30,-0.005387205387205385,regularized_logistic | missing+label_flip | independent | 0.30+0.30
60,waveform-5000,regularized_logistic,missing+label_flip,shared_latent,0.10+0.10,-0.006001188354129623,regularized_logistic | missing+label_flip | shared_latent | 0.10+0.10
60,waveform-5000,regularized_logistic,missing+label_flip,shared_latent,0.30+0.30,0.00784313725490197,regularized_logistic | missing+label_flip | shared_latent | 0.30+0.30
60,waveform-5000,regularized_logistic,numeric_outlier+label_flip,independent,0.10+0.10,0.004020598138245253,regularized_logistic | numeric_outlier+label_flip | independent | 0.10+0.10
60,waveform-5000,regularized_logistic,numeric_outlier+label_flip,independent,0.30+0.30,0.0012081600316894054,regularized_logistic | numeric_outlier+label_flip | independent | 0.30+0.30
60,waveform-5000,regularized_logistic,numeric_outlier+label_flip,shared_latent,0.10+0.10,0.002693602693602637,regularized_logistic | numeric_outlier+label_flip | shared_latent | 0.10+0.10
60,waveform-5000,regularized_logistic,numeric_outlier+label_flip,shared_latent,0.30+0.30,0.003188750247573776,regularized_logistic | numeric_outlier+label_flip | shared_latent | 0.30+0.30
6332,cylinder-bands,extra_trees,categorical_inconsistency+missing,independent,0.10+0.10,0.027115474520804168,extra_trees | categorical_inconsistency+missing | independent | 0.10+0.10
6332,cylinder-bands,extra_trees,categorical_inconsistency+missing,independent,0.30+0.30,-0.014492753623188396,extra_trees | categorical_inconsistency+missing | independent | 0.30+0.30
6332,cylinder-bands,extra_trees,categorical_inconsistency+missing,shared_latent,0.10+0.10,-0.003506311360448692,extra_trees | categorical_inconsistency+missing | shared_latent | 0.10+0.10
6332,cylinder-bands,extra_trees,categorical_inconsistency+missing,shared_latent,0.30+0.30,0.012622720897615772,extra_trees | categorical_inconsistency+missing | shared_latent | 0.30+0.30
6332,cylinder-bands,extra_trees,missing+label_flip,independent,0.10+0.10,0.027115474520804168,extra_trees | missing+label_flip | independent | 0.10+0.10
6332,cylinder-bands,extra_trees,missing+label_flip,independent,0.30+0.30,0.016362786348761132,extra_trees | missing+label_flip | independent | 0.30+0.30
6332,cylinder-bands,extra_trees,missing+label_flip,shared_latent,0.10+0.10,0.010986442262739593,extra_trees | missing+label_flip | shared_latent | 0.10+0.10
6332,cylinder-bands,extra_trees,missing+label_flip,shared_latent,0.30+0.30,0.003740065451145469,extra_trees | missing+label_flip | shared_latent | 0.30+0.30
6332,cylinder-bands,extra_trees,numeric_outlier+label_flip,independent,0.10+0.10,-0.018232819074333717,extra_trees | numeric_outlier+label_flip | independent | 0.10+0.10
6332,cylinder-bands,extra_trees,numeric_outlier+label_flip,independent,0.30+0.30,0.007246376811594235,extra_trees | numeric_outlier+label_flip | independent | 0.30+0.30
6332,cylinder-bands,extra_trees,numeric_outlier+label_flip,shared_latent,0.10+0.10,0.009116409537166933,extra_trees | numeric_outlier+label_flip | shared_latent | 0.10+0.10
6332,cylinder-bands,extra_trees,numeric_outlier+label_flip,shared_latent,0.30+0.30,0.03599812996727455,extra_trees | numeric_outlier+label_flip | shared_latent | 0.30+0.30
6332,cylinder-bands,hist_gradient_boosting,categorical_inconsistency+missing,independent,0.10+0.10,-0.007246376811594161,hist_gradient_boosting | categorical_inconsistency+missing | independent | 0.10+0.10
6332,cylinder-bands,hist_gradient_boosting,categorical_inconsistency+missing,independent,0.30+0.30,-0.014492753623188434,hist_gradient_boosting | categorical_inconsistency+missing | independent | 0.30+0.30
6332,cylinder-bands,hist_gradient_boosting,categorical_inconsistency+missing,shared_latent,0.10+0.10,-0.021739130434782594,hist_gradient_boosting | categorical_inconsistency+missing | shared_latent | 0.10+0.10
6332,cylinder-bands,hist_gradient_boosting,categorical_inconsistency+missing,shared_latent,0.30+0.30,0.0126227208976157,hist_gradient_boosting | categorical_inconsistency+missing | shared_latent | 0.30+0.30
6332,cylinder-bands,hist_gradient_boosting,missing+label_flip,independent,0.10+0.10,-0.003740065451145395,hist_gradient_boosting | missing+label_flip | independent | 0.10+0.10
6332,cylinder-bands,hist_gradient_boosting,missing+label_flip,independent,0.30+0.30,-0.027115474520804133,hist_gradient_boosting | missing+label_flip | independent | 0.30+0.30
6332,cylinder-bands,hist_gradient_boosting,missing+label_flip,shared_latent,0.10+0.10,-0.012622720897615736,hist_gradient_boosting | missing+label_flip | shared_latent | 0.10+0.10
6332,cylinder-bands,hist_gradient_boosting,missing+label_flip,shared_latent,0.30+0.30,0.02875175315568031,hist_gradient_boosting | missing+label_flip | shared_latent | 0.30+0.30
6332,cylinder-bands,hist_gradient_boosting,numeric_outlier+label_flip,independent,0.10+0.10,0.03249181860682567,hist_gradient_boosting | numeric_outlier+label_flip | independent | 0.10+0.10
6332,cylinder-bands,hist_gradient_boosting,numeric_outlier+label_flip,independent,0.30+0.30,-0.04698457223001399,hist_gradient_boosting | numeric_outlier+label_flip | independent | 0.30+0.30
6332,cylinder-bands,hist_gradient_boosting,numeric_outlier+label_flip,shared_latent,0.10+0.10,-0.005376344086021538,hist_gradient_boosting | numeric_outlier+label_flip | shared_latent | 0.10+0.10
6332,cylinder-bands,hist_gradient_boosting,numeric_outlier+label_flip,shared_latent,0.30+0.30,0.02898550724637683,hist_gradient_boosting | numeric_outlier+label_flip | shared_latent | 0.30+0.30
6332,cylinder-bands,regularized_logistic,categorical_inconsistency+missing,independent,0.10+0.10,-0.007246376811594161,regularized_logistic | categorical_inconsistency+missing | independent | 0.10+0.10
6332,cylinder-bands,regularized_logistic,categorical_inconsistency+missing,independent,0.30+0.30,-0.014492753623188396,regularized_logistic | categorical_inconsistency+missing | independent | 0.30+0.30
6332,cylinder-bands,regularized_logistic,categorical_inconsistency+missing,shared_latent,0.10+0.10,0.0,regularized_logistic | categorical_inconsistency+missing | shared_latent | 0.10+0.10
6332,cylinder-bands,regularized_logistic,categorical_inconsistency+missing,shared_latent,0.30+0.30,-0.027115474520803984,regularized_logistic | categorical_inconsistency+missing | shared_latent | 0.30+0.30
6332,cylinder-bands,regularized_logistic,missing+label_flip,independent,0.10+0.10,-0.012622720897615625,regularized_logistic | missing+label_flip | independent | 0.10+0.10
6332,cylinder-bands,regularized_logistic,missing+label_flip,independent,0.30+0.30,0.005376344086021538,regularized_logistic | missing+label_flip | independent | 0.30+0.30
6332,cylinder-bands,regularized_logistic,missing+label_flip,shared_latent,0.10+0.10,-0.027115474520804057,regularized_logistic | missing+label_flip | shared_latent | 0.10+0.10
6332,cylinder-bands,regularized_logistic,missing+label_flip,shared_latent,0.30+0.30,-0.04511453950444122,regularized_logistic | missing+label_flip | shared_latent | 0.30+0.30
6332,cylinder-bands,regularized_logistic,numeric_outlier+label_flip,independent,0.10+0.10,0.0,regularized_logistic | numeric_outlier+label_flip | independent | 0.10+0.10
6332,cylinder-bands,regularized_logistic,numeric_outlier+label_flip,independent,0.30+0.30,0.02337540906965881,regularized_logistic | numeric_outlier+label_flip | independent | 0.30+0.30
6332,cylinder-bands,regularized_logistic,numeric_outlier+label_flip,shared_latent,0.10+0.10,-0.005376344086021501,regularized_logistic | numeric_outlier+label_flip | shared_latent | 0.10+0.10
6332,cylinder-bands,regularized_logistic,numeric_outlier+label_flip,shared_latent,0.30+0.30,0.03786816269284717,regularized_logistic | numeric_outlier+label_flip | shared_latent | 0.30+0.30
