analysis,fold_id,holdout_domain_count,evaluable_domain_count,model,defect_pair,process,severity,candidate_key,training_n,training_mean,training_sd,training_se,selection_score,direction
lodo,lodo_1475,1,1,extra_trees,numeric_outlier+label_flip,independent,0.30+0.30,extra_trees | numeric_outlier+label_flip | independent | 0.30+0.30,19,0.016660477260538105,0.020277234515769578,0.004651916637300762,3.581422144788307,1
lodo,lodo_1485,1,1,extra_trees,numeric_outlier+label_flip,independent,0.30+0.30,extra_trees | numeric_outlier+label_flip | independent | 0.30+0.30,19,0.013737472387154325,0.017674598598187305,0.004054831008270743,3.387927230292372,1
lodo,lodo_1494,1,1,extra_trees,numeric_outlier+label_flip,independent,0.30+0.30,extra_trees | numeric_outlier+label_flip | independent | 0.30+0.30,19,0.015720528317578673,0.020463474540019365,0.004694643029140098,3.348609941160563,1
lodo,lodo_1557,1,1,extra_trees,numeric_outlier+label_flip,independent,0.30+0.30,extra_trees | numeric_outlier+label_flip | independent | 0.30+0.30,19,0.015554313648718916,0.020401324053018907,0.004680384729554476,3.323298093530769,1
lodo,lodo_1590,1,1,extra_trees,numeric_outlier+label_flip,independent,0.30+0.30,extra_trees | numeric_outlier+label_flip | independent | 0.30+0.30,19,0.016567122110450895,0.020336871040304582,0.00466559819434245,3.550910605748337,1
lodo,lodo_24,1,0,extra_trees,numeric_outlier+label_flip,independent,0.30+0.30,extra_trees | numeric_outlier+label_flip | independent | 0.30+0.30,20,0.015999316716514556,0.019956667469960804,0.0044624465067191095,3.5853240352403937,1
lodo,lodo_29,1,1,extra_trees,numeric_outlier+label_flip,independent,0.30+0.30,extra_trees | numeric_outlier+label_flip | independent | 0.30+0.30,19,0.016031669418193457,0.020502987869859615,0.004703708008703069,3.4083045521811193,1
lodo,lodo_333,1,0,extra_trees,numeric_outlier+label_flip,independent,0.30+0.30,extra_trees | numeric_outlier+label_flip | independent | 0.30+0.30,20,0.015999316716514556,0.019956667469960804,0.0044624465067191095,3.5853240352403937,1
lodo,lodo_37,1,1,extra_trees,numeric_outlier+label_flip,independent,0.30+0.30,extra_trees | numeric_outlier+label_flip | independent | 0.30+0.30,19,0.013040216426740473,0.015347309996195192,0.0035209143857161283,3.703644848520845,1
lodo,lodo_40975,1,0,extra_trees,numeric_outlier+label_flip,independent,0.30+0.30,extra_trees | numeric_outlier+label_flip | independent | 0.30+0.30,20,0.015999316716514556,0.019956667469960804,0.0044624465067191095,3.5853240352403937,1
lodo,lodo_40994,1,1,extra_trees,numeric_outlier+label_flip,shared_latent,0.30+0.30,extra_trees | numeric_outlier+label_flip | shared_latent | 0.30+0.30,19,0.010323380196511443,0.013542960693713572,0.0031069682663284713,3.322653890092885,1
lodo,lodo_42178,1,1,extra_trees,numeric_outlier+label_flip,independent,0.30+0.30,extra_trees | numeric_outlier+label_flip | independent | 0.30+0.30,19,0.016821849425346858,0.020152212632760177,0.004623234650260281,3.638545455269032,1
lodo,lodo_43980,1,1,extra_trees,numeric_outlier+label_flip,independent,0.30+0.30,extra_trees | numeric_outlier+label_flip | independent | 0.30+0.30,19,0.015470771982296025,0.020359199845003992,0.004670720773459018,3.3122879171470494,1
lodo,lodo_46173,1,0,extra_trees,numeric_outlier+label_flip,independent,0.30+0.30,extra_trees | numeric_outlier+label_flip | independent | 0.30+0.30,20,0.015999316716514556,0.019956667469960804,0.0044624465067191095,3.5853240352403937,1
lodo,lodo_46584,1,0,extra_trees,numeric_outlier+label_flip,independent,0.30+0.30,extra_trees | numeric_outlier+label_flip | independent | 0.30+0.30,20,0.015999316716514556,0.019956667469960804,0.0044624465067191095,3.5853240352403937,1
lodo,lodo_46720,1,1,extra_trees,numeric_outlier+label_flip,independent,0.30+0.30,extra_trees | numeric_outlier+label_flip | independent | 0.30+0.30,19,0.016768529457379083,0.0201966188343991,0.004633422131597679,3.619037717937654,1
lodo,lodo_46827,1,1,extra_trees,numeric_outlier+label_flip,independent,0.30+0.30,extra_trees | numeric_outlier+label_flip | independent | 0.30+0.30,19,0.016841386017383744,0.02013517139069516,0.00461932512120587,3.64585422664238,1
lodo,lodo_46919,1,1,extra_trees,numeric_outlier+label_flip,independent,0.30+0.30,extra_trees | numeric_outlier+label_flip | independent | 0.30+0.30,19,0.0162910786730182,0.020459656017942245,0.0046937670000954754,3.470789809695885,1
lodo,lodo_46922,1,1,extra_trees,numeric_outlier+label_flip,independent,0.30+0.30,extra_trees | numeric_outlier+label_flip | independent | 0.30+0.30,19,0.01685125356239176,0.02012640654252134,0.0046173143271298085,3.6495790341539847,1
lodo,lodo_46930,1,1,extra_trees,numeric_outlier+label_flip,independent,0.30+0.30,extra_trees | numeric_outlier+label_flip | independent | 0.30+0.30,19,0.01666594742089252,0.02027345320190619,0.004651049144405798,3.583266248850119,1
lodo,lodo_46941,1,1,extra_trees,numeric_outlier+label_flip,independent,0.30+0.30,extra_trees | numeric_outlier+label_flip | independent | 0.30+0.30,19,0.01672160126137608,0.020233167033091744,0.004641806863422399,3.602390567591876,1
lodo,lodo_46947,1,1,extra_trees,numeric_outlier+label_flip,independent,0.30+0.30,extra_trees | numeric_outlier+label_flip | independent | 0.30+0.30,19,0.016040834628592522,0.02050263930646272,0.00470362804277557,3.410311037079149,1
lodo,lodo_46960,1,1,extra_trees,numeric_outlier+label_flip,independent,0.30+0.30,extra_trees | numeric_outlier+label_flip | independent | 0.30+0.30,19,0.01648572584289632,0.02038136035027376,0.004675804742038424,3.525751555594116,1
lodo,lodo_50,1,0,extra_trees,numeric_outlier+label_flip,independent,0.30+0.30,extra_trees | numeric_outlier+label_flip | independent | 0.30+0.30,20,0.015999316716514556,0.019956667469960804,0.0044624465067191095,3.5853240352403937,1
lodo,lodo_60,1,1,extra_trees,numeric_outlier+label_flip,independent,0.30+0.30,extra_trees | numeric_outlier+label_flip | independent | 0.30+0.30,19,0.016431716567466614,0.020407044663010594,0.0046816971274939055,3.5097777835668,1
lodo,lodo_6332,1,1,extra_trees,numeric_outlier+label_flip,independent,0.30+0.30,extra_trees | numeric_outlier+label_flip | independent | 0.30+0.30,19,0.01645999776414194,0.020393976075630326,0.00467869898792941,3.518071542240084,1
paired,pair_01,2,2,extra_trees,numeric_outlier+label_flip,independent,0.30+0.30,extra_trees | numeric_outlier+label_flip | independent | 0.30+0.30,18,0.01552094947960068,0.020111225632689817,0.004740261340949229,3.274281387298498,1
paired,pair_02,2,2,extra_trees,numeric_outlier+label_flip,independent,0.30+0.30,extra_trees | numeric_outlier+label_flip | independent | 0.30+0.30,18,0.013645964442850928,0.018182380019909784,0.004285628070063001,3.184122424942565,1
paired,pair_03,2,2,extra_trees,numeric_outlier+label_flip,independent,0.30+0.30,extra_trees | numeric_outlier+label_flip | independent | 0.30+0.30,18,0.015235314612742393,0.020943973391827637,0.004936541870117313,3.086232227658658,1
paired,pair_04,2,2,extra_trees,numeric_outlier+label_flip,independent,0.30+0.30,extra_trees | numeric_outlier+label_flip | independent | 0.30+0.30,18,0.0172065543412499,0.02064849618453216,0.004866897224462415,3.5354258673811403,1
paired,pair_05,2,2,extra_trees,numeric_outlier+label_flip,independent,0.30+0.30,extra_trees | numeric_outlier+label_flip | independent | 0.30+0.30,18,0.013579487709707539,0.015605919712911294,0.003678350551884132,3.6917328890123935,1
paired,pair_06,2,0,extra_trees,numeric_outlier+label_flip,independent,0.30+0.30,extra_trees | numeric_outlier+label_flip | independent | 0.30+0.30,20,0.015999316716514556,0.019956667469960804,0.0044624465067191095,3.5853240352403937,1
paired,pair_07,2,1,extra_trees,numeric_outlier+label_flip,independent,0.30+0.30,extra_trees | numeric_outlier+label_flip | independent | 0.30+0.30,19,0.01648572584289632,0.02038136035027376,0.004675804742038424,3.525751555594116,1
paired,pair_08,2,1,extra_trees,numeric_outlier+label_flip,independent,0.30+0.30,extra_trees | numeric_outlier+label_flip | independent | 0.30+0.30,19,0.016841386017383744,0.02013517139069516,0.00461932512120587,3.64585422664238,1
paired,pair_09,2,1,extra_trees,numeric_outlier+label_flip,independent,0.30+0.30,extra_trees | numeric_outlier+label_flip | independent | 0.30+0.30,19,0.016821849425346858,0.020152212632760177,0.004623234650260281,3.638545455269032,1
paired,pair_10,2,1,extra_trees,numeric_outlier+label_flip,independent,0.30+0.30,extra_trees | numeric_outlier+label_flip | independent | 0.30+0.30,19,0.01645999776414194,0.020393976075630326,0.00467869898792941,3.518071542240084,1
paired,pair_11,2,2,extra_trees,numeric_outlier+label_flip,independent,0.30+0.30,extra_trees | numeric_outlier+label_flip | independent | 0.30+0.30,18,0.017296558539916657,0.020669129183107215,0.004871760468865293,3.5503712981080304,1
paired,pair_12,2,2,extra_trees,numeric_outlier+label_flip,independent,0.30+0.30,extra_trees | numeric_outlier+label_flip | independent | 0.30+0.30,18,0.016253355167974215,0.020653290674400103,0.004868027296561732,3.338797048129515,1
paired,pair_13,2,2,extra_trees,numeric_outlier+label_flip,independent,0.30+0.30,extra_trees | numeric_outlier+label_flip | independent | 0.30+0.30,18,0.01649956324415736,0.020996470584558585,0.0049489155771084165,3.333975491616252,1
repeated_split,split_001,8,4,extra_trees,numeric_outlier+label_flip,independent,0.30+0.30,extra_trees | numeric_outlier+label_flip | independent | 0.30+0.30,16,0.015235701259203581,0.0211562229327885,0.005289055733197125,2.8806089456716526,1
repeated_split,split_002,8,6,extra_trees,numeric_outlier+label_flip,independent,0.30+0.30,extra_trees | numeric_outlier+label_flip | independent | 0.30+0.30,14,0.0145739523285382,0.01687385260511629,0.004509726803090577,3.231670778493826,1
repeated_split,split_003,8,7,extra_trees,numeric_outlier+label_flip,shared_latent,0.30+0.30,extra_trees | numeric_outlier+label_flip | shared_latent | 0.30+0.30,13,0.010477156152023295,0.011547473296949315,0.0032026928518616893,3.271358396398531,1
repeated_split,split_004,8,7,extra_trees,numeric_outlier+label_flip,independent,0.30+0.30,extra_trees | numeric_outlier+label_flip | independent | 0.30+0.30,13,0.014349783591788779,0.017587401388880118,0.004877867500751834,2.94181496106178,1
repeated_split,split_005,8,4,extra_trees,numeric_outlier+label_flip,independent,0.30+0.30,extra_trees | numeric_outlier+label_flip | independent | 0.30+0.30,16,0.014868247846915641,0.01605776731308233,0.004014441828270583,3.7036899481791385,1
repeated_split,split_006,8,6,extra_trees,numeric_outlier+label_flip,independent,0.30+0.30,extra_trees | numeric_outlier+label_flip | independent | 0.30+0.30,14,0.013672869729734862,0.020103757846473204,0.005372955289155075,2.544757771822998,1
repeated_split,split_007,8,6,extra_trees,numeric_outlier+label_flip,independent,0.30+0.30,extra_trees | numeric_outlier+label_flip | independent | 0.30+0.30,14,0.015948410113871696,0.020078387705424496,0.005366174833750904,2.972025811302893,1
repeated_split,split_008,8,4,extra_trees,numeric_outlier+label_flip,independent,0.30+0.30,extra_trees | numeric_outlier+label_flip | independent | 0.30+0.30,16,0.018017103239512056,0.021843795540557025,0.005460948885139256,3.299262384334259,1
repeated_split,split_009,8,6,extra_trees,numeric_outlier+label_flip,independent,0.30+0.30,extra_trees | numeric_outlier+label_flip | independent | 0.30+0.30,14,0.016252598243003444,0.019602022449255182,0.005238860863783163,3.1023153058634354,1
repeated_split,split_010,8,6,extra_trees,numeric_outlier+label_flip,independent,0.30+0.30,extra_trees | numeric_outlier+label_flip | independent | 0.30+0.30,14,0.013173568135457519,0.015459102714369642,0.004131618990294162,3.1884760347951615,1
repeated_split,split_011,8,8,extra_trees,numeric_outlier+label_flip,shared_latent,0.30+0.30,extra_trees | numeric_outlier+label_flip | shared_latent | 0.30+0.30,12,0.013099404303024946,0.013109384452483505,0.0037843533212758235,3.461464401164511,1
repeated_split,split_012,8,6,extra_trees,numeric_outlier+label_flip,independent,0.30+0.30,extra_trees | numeric_outlier+label_flip | independent | 0.30+0.30,14,0.009336010193211853,0.009484952691812827,0.002534960235894489,3.6829020278172284,1
repeated_split,split_013,8,6,extra_trees,numeric_outlier+label_flip,independent,0.30+0.30,extra_trees | numeric_outlier+label_flip | independent | 0.30+0.30,14,0.02022973641972315,0.022428571820444682,0.005994287959054051,3.3748356031456943,1
repeated_split,split_014,8,6,extra_trees,numeric_outlier+label_flip,independent,0.30+0.30,extra_trees | numeric_outlier+label_flip | independent | 0.30+0.30,14,0.019069207019096136,0.02265657270937824,0.00605522375978757,3.1492159126692822,1
repeated_split,split_015,8,7,extra_trees,numeric_outlier+label_flip,shared_latent,0.30+0.30,extra_trees | numeric_outlier+label_flip | shared_latent | 0.30+0.30,13,0.013901317722840716,0.014733070873979886,0.004086218652398425,3.4020004569949465,1
repeated_split,split_016,8,7,extra_trees,numeric_outlier+label_flip,independent,0.30+0.30,extra_trees | numeric_outlier+label_flip | independent | 0.30+0.30,13,0.018428972549295788,0.02377977135718737,0.006595321919011459,2.794249132278598,1
repeated_split,split_017,8,5,hist_gradient_boosting,numeric_outlier+label_flip,shared_latent,0.30+0.30,hist_gradient_boosting | numeric_outlier+label_flip | shared_latent | 0.30+0.30,15,0.02381418169916103,0.030546380173335108,0.00788704144654982,3.019406181715772,1
repeated_split,split_018,8,5,extra_trees,numeric_outlier+label_flip,independent,0.30+0.30,extra_trees | numeric_outlier+label_flip | independent | 0.30+0.30,15,0.010798813855643017,0.015496531375124356,0.004001187195989157,2.698902432375044,1
repeated_split,split_019,8,7,extra_trees,numeric_outlier+label_flip,independent,0.30+0.30,extra_trees | numeric_outlier+label_flip | independent | 0.30+0.30,13,0.019971120971653895,0.023056576002129063,0.006394743616331451,3.12305264602789,1
repeated_split,split_020,8,7,hist_gradient_boosting,numeric_outlier+label_flip,shared_latent,0.30+0.30,hist_gradient_boosting | numeric_outlier+label_flip | shared_latent | 0.30+0.30,13,0.026549276384031,0.03154837367700111,0.008749944534609685,3.034222248954553,1
repeated_split,split_021,8,6,hist_gradient_boosting,numeric_outlier+label_flip,shared_latent,0.30+0.30,hist_gradient_boosting | numeric_outlier+label_flip | shared_latent | 0.30+0.30,14,0.025909245663209145,0.030523936921304857,0.00815786528964444,3.1759835132480343,1
repeated_split,split_022,8,6,extra_trees,numeric_outlier+label_flip,independent,0.30+0.30,extra_trees | numeric_outlier+label_flip | independent | 0.30+0.30,14,0.017644711135439556,0.022075647939690503,0.005899965084383137,2.990646704358315,1
repeated_split,split_023,8,8,extra_trees,missing+label_flip,independent,0.30+0.30,extra_trees | missing+label_flip | independent | 0.30+0.30,18,0.00795624854978249,0.011275036440478024,0.0026575515750624818,2.9938265824983774,1
repeated_split,split_024,8,5,extra_trees,numeric_outlier+label_flip,independent,0.30+0.30,extra_trees | numeric_outlier+label_flip | independent | 0.30+0.30,15,0.015114157000149963,0.019462107209066885,0.00502509447352129,3.0077358902983673,1
repeated_split,split_025,8,7,hist_gradient_boosting,numeric_outlier+label_flip,independent,0.10+0.10,hist_gradient_boosting | numeric_outlier+label_flip | independent | 0.10+0.10,13,0.0071879340353088,0.009573211844395045,0.0026551312442958095,2.7071859633120225,1
repeated_split,split_026,8,6,extra_trees,numeric_outlier+label_flip,independent,0.30+0.30,extra_trees | numeric_outlier+label_flip | independent | 0.30+0.30,14,0.01297151547586437,0.016875811494862683,0.004510250338396968,2.8760078715441555,1
repeated_split,split_027,8,8,extra_trees,numeric_outlier+label_flip,independent,0.30+0.30,extra_trees | numeric_outlier+label_flip | independent | 0.30+0.30,12,0.009780001263771284,0.009448663378381192,0.00272759417249527,3.585577855529842,1
repeated_split,split_028,8,6,extra_trees,numeric_outlier+label_flip,independent,0.30+0.30,extra_trees | numeric_outlier+label_flip | independent | 0.30+0.30,14,0.018918173550796356,0.02260033061454094,0.006040192427673598,3.1320481553073236,1
repeated_split,split_029,8,5,extra_trees,numeric_outlier+label_flip,independent,0.30+0.30,extra_trees | numeric_outlier+label_flip | independent | 0.30+0.30,15,0.013502590190806655,0.016918571250037817,0.004368356312868004,3.091000189483548,1
repeated_split,split_030,8,6,extra_trees,numeric_outlier+label_flip,independent,0.30+0.30,extra_trees | numeric_outlier+label_flip | independent | 0.30+0.30,14,0.012901329490469729,0.015978644796873345,0.0042704724524898685,3.0210543760673834,1
repeated_split,split_031,8,6,extra_trees,numeric_outlier+label_flip,independent,0.30+0.30,extra_trees | numeric_outlier+label_flip | independent | 0.30+0.30,14,0.01913579434042671,0.0228037309699708,0.0060945534592712096,3.1398189331355835,1
repeated_split,split_032,8,6,extra_trees,numeric_outlier+label_flip,shared_latent,0.30+0.30,extra_trees | numeric_outlier+label_flip | shared_latent | 0.30+0.30,14,0.009341064461704063,0.012866336655045258,0.003438673113290744,2.7164735216034663,1
repeated_split,split_033,8,8,extra_trees,missing+label_flip,independent,0.30+0.30,extra_trees | missing+label_flip | independent | 0.30+0.30,18,0.008094492873100417,0.010999547521820743,0.0025926182142210438,3.122130681910842,1
repeated_split,split_034,8,7,extra_trees,numeric_outlier+label_flip,independent,0.30+0.30,extra_trees | numeric_outlier+label_flip | independent | 0.30+0.30,13,0.017932658765962096,0.024179264558215025,0.006706121397511802,2.6740730897916225,1
repeated_split,split_035,8,6,hist_gradient_boosting,numeric_outlier+label_flip,shared_latent,0.30+0.30,hist_gradient_boosting | numeric_outlier+label_flip | shared_latent | 0.30+0.30,14,0.02214831103584115,0.029580110185412643,0.007905616984059737,2.8015917139040836,1
repeated_split,split_036,8,7,extra_trees,numeric_outlier+label_flip,independent,0.30+0.30,extra_trees | numeric_outlier+label_flip | independent | 0.30+0.30,13,0.02130888318597856,0.02272949836220799,0.006304028600808898,3.3802009056945463,1
repeated_split,split_037,8,7,extra_trees,numeric_outlier+label_flip,independent,0.30+0.30,extra_trees | numeric_outlier+label_flip | independent | 0.30+0.30,13,0.01890513869753147,0.02324712942291559,0.006447593626282288,2.93212317545395,1
repeated_split,split_038,8,5,extra_trees,numeric_outlier+label_flip,shared_latent,0.30+0.30,extra_trees | numeric_outlier+label_flip | shared_latent | 0.30+0.30,15,0.01145405107263697,0.014462895921566049,0.0037343036694770983,3.067252180442208,1
repeated_split,split_039,8,6,extra_trees,numeric_outlier+label_flip,independent,0.30+0.30,extra_trees | numeric_outlier+label_flip | independent | 0.30+0.30,14,0.0175092073484097,0.0223862469479154,0.00598297616105809,2.926504615273813,1
repeated_split,split_040,8,6,extra_trees,numeric_outlier+label_flip,independent,0.30+0.30,extra_trees | numeric_outlier+label_flip | independent | 0.30+0.30,14,0.01783568923539,0.022853826441825285,0.006107942037293228,2.9200816128395997,1
repeated_split,split_041,8,6,extra_trees,numeric_outlier+label_flip,independent,0.30+0.30,extra_trees | numeric_outlier+label_flip | independent | 0.30+0.30,14,0.015621735363392522,0.01718836645736689,0.004593784165841734,3.4006245830076134,1
repeated_split,split_042,8,8,extra_trees,numeric_outlier+label_flip,independent,0.30+0.30,extra_trees | numeric_outlier+label_flip | independent | 0.30+0.30,12,0.01177039578992102,0.016607730326224292,0.004794238787237153,2.4551125449268913,1
repeated_split,split_043,8,8,regularized_logistic,missing+label_flip,shared_latent,0.10+0.10,regularized_logistic | missing+label_flip | shared_latent | 0.10+0.10,18,-0.005495236230085566,0.008018024865812993,0.0018898665847795753,2.9077376542569553,-1
repeated_split,split_044,8,6,extra_trees,numeric_outlier+label_flip,independent,0.30+0.30,extra_trees | numeric_outlier+label_flip | independent | 0.30+0.30,14,0.01615695894490295,0.022604301663635286,0.006041253735186247,2.6744380642050363,1
repeated_split,split_045,8,5,extra_trees,numeric_outlier+label_flip,independent,0.30+0.30,extra_trees | numeric_outlier+label_flip | independent | 0.30+0.30,15,0.01328195719067798,0.016236661496189794,0.004192287971516684,3.1681881781305306,1
repeated_split,split_046,8,6,extra_trees,numeric_outlier+label_flip,shared_latent,0.30+0.30,extra_trees | numeric_outlier+label_flip | shared_latent | 0.30+0.30,14,0.009903427992781632,0.013161925312661074,0.003517672505020373,2.815335418134462,1
repeated_split,split_047,8,7,extra_trees,numeric_outlier+label_flip,independent,0.30+0.30,extra_trees | numeric_outlier+label_flip | independent | 0.30+0.30,13,0.017270382126757248,0.019953223193802088,0.005534028410463906,3.120761377751855,1
repeated_split,split_048,8,7,extra_trees,numeric_outlier+label_flip,independent,0.30+0.30,extra_trees | numeric_outlier+label_flip | independent | 0.30+0.30,13,0.02173221419093859,0.022866287951457072,0.006341967206807915,3.4267307733174177,1
repeated_split,split_049,8,6,extra_trees,numeric_outlier+label_flip,independent,0.30+0.30,extra_trees | numeric_outlier+label_flip | independent | 0.30+0.30,14,0.02048299238789211,0.02230588672456374,0.0059614989879647655,3.435879537888663,1
repeated_split,split_050,8,6,extra_trees,numeric_outlier+label_flip,independent,0.30+0.30,extra_trees | numeric_outlier+label_flip | independent | 0.30+0.30,14,0.018508835850193004,0.022877383134316965,0.006114237828183904,3.027169758571631,1
repeated_split,split_051,8,6,extra_trees,numeric_outlier+label_flip,independent,0.30+0.30,extra_trees | numeric_outlier+label_flip | independent | 0.30+0.30,14,0.01508857242777478,0.01726038211529436,0.004613031160016569,3.2708585536024404,1
repeated_split,split_052,8,5,extra_trees,numeric_outlier+label_flip,independent,0.30+0.30,extra_trees | numeric_outlier+label_flip | independent | 0.30+0.30,15,0.018474858425245884,0.02084698133714138,0.005382667435829693,3.432286806773181,1
repeated_split,split_053,8,6,extra_trees,numeric_outlier+label_flip,independent,0.30+0.30,extra_trees | numeric_outlier+label_flip | independent | 0.30+0.30,14,0.01306495147517174,0.01727842615983287,0.0046178536337690545,2.8292259805792574,1
repeated_split,split_054,8,6,extra_trees,numeric_outlier+label_flip,independent,0.30+0.30,extra_trees | numeric_outlier+label_flip | independent | 0.30+0.30,14,0.013493606832239238,0.016996247316031925,0.004542438165533402,2.970564780523486,1
repeated_split,split_055,8,7,extra_trees,numeric_outlier+label_flip,shared_latent,0.30+0.30,extra_trees | numeric_outlier+label_flip | shared_latent | 0.30+0.30,13,0.013263362553484493,0.01386159758398566,0.003844515449916004,3.449943881425753,1
repeated_split,split_056,8,6,extra_trees,numeric_outlier+label_flip,independent,0.30+0.30,extra_trees | numeric_outlier+label_flip | independent | 0.30+0.30,14,0.01665782733984913,0.019636870412020058,0.005248174373589822,3.1740232229469454,1
repeated_split,split_057,8,7,extra_trees,numeric_outlier+label_flip,independent,0.30+0.30,extra_trees | numeric_outlier+label_flip | independent | 0.30+0.30,13,0.015309771405704229,0.015580677285917938,0.004321302373910325,3.542860480705147,1
repeated_split,split_058,8,4,extra_trees,numeric_outlier+label_flip,independent,0.30+0.30,extra_trees | numeric_outlier+label_flip | independent | 0.30+0.30,16,0.01730087566298192,0.021682138461148016,0.005420534615287004,3.19172865609786,1
repeated_split,split_059,8,8,regularized_logistic,missing+label_flip,shared_latent,0.10+0.10,regularized_logistic | missing+label_flip | shared_latent | 0.10+0.10,18,-0.005266426786679362,0.006981867676631066,0.001645641993164331,3.20022629986051,-1
repeated_split,split_060,8,8,extra_trees,numeric_outlier+label_flip,independent,0.30+0.30,extra_trees | numeric_outlier+label_flip | independent | 0.30+0.30,12,0.007456495556376901,0.008778344745281597,0.0025340898508638336,2.9424748115522,1
repeated_split,split_061,8,7,extra_trees,numeric_outlier+label_flip,independent,0.30+0.30,extra_trees | numeric_outlier+label_flip | independent | 0.30+0.30,13,0.02209623073421837,0.02237435151444514,0.006205528587737486,3.5607330498616845,1
repeated_split,split_062,8,7,extra_trees,numeric_outlier+label_flip,independent,0.30+0.30,extra_trees | numeric_outlier+label_flip | independent | 0.30+0.30,13,0.010030534748491136,0.011137500113196048,0.00308898674912418,3.247192546661164,1
repeated_split,split_063,8,7,extra_trees,numeric_outlier+label_flip,independent,0.30+0.30,extra_trees | numeric_outlier+label_flip | independent | 0.30+0.30,13,0.015470013849584229,0.01726452005240641,0.00478831633040212,3.230783595344685,1
repeated_split,split_064,8,5,extra_trees,numeric_outlier+label_flip,independent,0.30+0.30,extra_trees | numeric_outlier+label_flip | independent | 0.30+0.30,15,0.01705968470491294,0.02180837622661506,0.005630898528900392,3.029655856406344,1
repeated_split,split_065,8,6,extra_trees,numeric_outlier+label_flip,independent,0.30+0.30,extra_trees | numeric_outlier+label_flip | independent | 0.30+0.30,14,0.0143772535459915,0.017187067655236293,0.004593437046371311,3.129955499738292,1
repeated_split,split_066,8,7,extra_trees,numeric_outlier+label_flip,shared_latent,0.30+0.30,extra_trees | numeric_outlier+label_flip | shared_latent | 0.30+0.30,13,0.011882211930290333,0.014190203415265112,0.003935654309461738,3.0191198199811944,1
repeated_split,split_067,8,5,extra_trees,numeric_outlier+label_flip,independent,0.30+0.30,extra_trees | numeric_outlier+label_flip | independent | 0.30+0.30,15,0.01697412195319359,0.022585516282820038,0.0058315552285905636,2.910736722508257,1
repeated_split,split_068,8,8,extra_trees,numeric_outlier+label_flip,independent,0.30+0.30,extra_trees | numeric_outlier+label_flip | independent | 0.30+0.30,12,0.02318886045766808,0.023043306791621334,0.0066520296895808545,3.4859827059985977,1
repeated_split,split_069,8,7,extra_trees,numeric_outlier+label_flip,independent,0.30+0.30,extra_trees | numeric_outlier+label_flip | independent | 0.30+0.30,13,0.01572941936454856,0.02033002258013758,0.005638533757232828,2.7896293685165316,1
repeated_split,split_070,8,7,extra_trees,numeric_outlier+label_flip,independent,0.30+0.30,extra_trees | numeric_outlier+label_flip | independent | 0.30+0.30,13,0.012064851451387667,0.01245163827540009,0.0034534630973450018,3.4935515774478785,1
repeated_split,split_071,8,8,extra_trees,numeric_outlier+label_flip,independent,0.30+0.30,extra_trees | numeric_outlier+label_flip | independent | 0.30+0.30,12,0.018511514266785392,0.02330927174844246,0.006728807159288697,2.7510840820027673,1
repeated_split,split_072,8,5,extra_trees,numeric_outlier+label_flip,independent,0.30+0.30,extra_trees | numeric_outlier+label_flip | independent | 0.30+0.30,15,0.0191082126467948,0.02212796700176837,0.005713416512218411,3.3444459380706775,1
repeated_split,split_073,8,4,extra_trees,numeric_outlier+label_flip,independent,0.30+0.30,extra_trees | numeric_outlier+label_flip | independent | 0.30+0.30,16,0.018869557670440677,0.02133499474467026,0.005333748686167565,3.537766546702248,1
repeated_split,split_074,8,7,extra_trees,numeric_outlier+label_flip,independent,0.30+0.30,extra_trees | numeric_outlier+label_flip | independent | 0.30+0.30,13,0.01583943402705249,0.01697031280392515,0.0047067179211703995,3.3652821971353166,1
repeated_split,split_075,8,7,extra_trees,numeric_outlier+label_flip,independent,0.30+0.30,extra_trees | numeric_outlier+label_flip | independent | 0.30+0.30,13,0.009314185114465974,0.011294925338653304,0.0031326486508501503,2.9732619749547253,1
repeated_split,split_076,8,7,extra_trees,numeric_outlier+label_flip,independent,0.30+0.30,extra_trees | numeric_outlier+label_flip | independent | 0.30+0.30,13,0.013531205313692072,0.017429106769343512,0.004833964472492658,2.799194199851998,1
repeated_split,split_077,8,6,extra_trees,numeric_outlier+label_flip,independent,0.30+0.30,extra_trees | numeric_outlier+label_flip | independent | 0.30+0.30,14,0.014523382475215242,0.017470831723773898,0.004669276183738794,3.1104140992546823,1
repeated_split,split_078,8,6,hist_gradient_boosting,numeric_outlier+label_flip,shared_latent,0.30+0.30,hist_gradient_boosting | numeric_outlier+label_flip | shared_latent | 0.30+0.30,14,0.027270197072941076,0.02946515382965939,0.007874893605655396,3.4629289535234915,1
repeated_split,split_079,8,5,hist_gradient_boosting,numeric_outlier+label_flip,shared_latent,0.30+0.30,hist_gradient_boosting | numeric_outlier+label_flip | shared_latent | 0.30+0.30,15,0.023267903789844623,0.0309575833580467,0.00799321365230285,2.9109573197935386,1
repeated_split,split_080,8,5,extra_trees,numeric_outlier+label_flip,independent,0.30+0.30,extra_trees | numeric_outlier+label_flip | independent | 0.30+0.30,15,0.014222922546800758,0.018219197918633964,0.004704176674675078,3.0234669168294257,1
repeated_split,split_081,8,6,extra_trees,numeric_outlier+label_flip,independent,0.30+0.30,extra_trees | numeric_outlier+label_flip | independent | 0.30+0.30,14,0.015178209360138974,0.016804722010319247,0.004491250874470975,3.379506018337668,1
repeated_split,split_082,8,7,extra_trees,numeric_outlier+label_flip,independent,0.30+0.30,extra_trees | numeric_outlier+label_flip | independent | 0.30+0.30,13,0.020147023753498736,0.023136581630682437,0.00641693318526029,3.1396655024827895,1
repeated_split,split_083,8,8,extra_trees,missing+label_flip,shared_latent,0.30+0.30,extra_trees | missing+label_flip | shared_latent | 0.30+0.30,18,0.014040549332624426,0.021136689093623443,0.004981965396644293,2.818275161461726,1
repeated_split,split_084,8,6,extra_trees,numeric_outlier+label_flip,independent,0.30+0.30,extra_trees | numeric_outlier+label_flip | independent | 0.30+0.30,14,0.019102965187399384,0.0227971521375509,0.006092795192348333,3.13533683380494,1
repeated_split,split_085,8,6,extra_trees,numeric_outlier+label_flip,shared_latent,0.30+0.30,extra_trees | numeric_outlier+label_flip | shared_latent | 0.30+0.30,14,0.008577249844465269,0.012280958279840548,0.003282224161744856,2.6132431612792515,1
repeated_split,split_086,8,6,extra_trees,numeric_outlier+label_flip,independent,0.30+0.30,extra_trees | numeric_outlier+label_flip | independent | 0.30+0.30,14,0.016465918808225143,0.019789762900703875,0.00528903660999454,3.1132170227579765,1
repeated_split,split_087,8,8,extra_trees,numeric_outlier+label_flip,shared_latent,0.30+0.30,extra_trees | numeric_outlier+label_flip | shared_latent | 0.30+0.30,12,0.016259987763244447,0.013568374722275836,0.003916852399185834,4.151289378845188,1
repeated_split,split_088,8,5,extra_trees,numeric_outlier+label_flip,independent,0.30+0.30,extra_trees | numeric_outlier+label_flip | independent | 0.30+0.30,15,0.015140694566070308,0.0193505843831194,0.004996299403680184,3.030381757129676,1
repeated_split,split_089,8,5,extra_trees,numeric_outlier+label_flip,independent,0.30+0.30,extra_trees | numeric_outlier+label_flip | independent | 0.30+0.30,15,0.014716975937837332,0.016369066566021908,0.004226474813544232,3.4820924262165396,1
repeated_split,split_090,8,6,extra_trees,numeric_outlier+label_flip,independent,0.30+0.30,extra_trees | numeric_outlier+label_flip | independent | 0.30+0.30,14,0.017496655892402794,0.02239203199731589,0.005984522280545389,2.923651224305955,1
repeated_split,split_091,8,7,extra_trees,numeric_outlier+label_flip,independent,0.30+0.30,extra_trees | numeric_outlier+label_flip | independent | 0.30+0.30,13,0.020380510194557874,0.023007407383303178,0.006381106695076029,3.1938833134202977,1
repeated_split,split_092,8,4,regularized_logistic,categorical_inconsistency+missing,independent,0.30+0.30,regularized_logistic | categorical_inconsistency+missing | independent | 0.30+0.30,13,-0.011448164990070776,0.017063516592368645,0.0047325680010396705,2.4190175371079286,-1
repeated_split,split_093,8,6,extra_trees,numeric_outlier+label_flip,independent,0.30+0.30,extra_trees | numeric_outlier+label_flip | independent | 0.30+0.30,14,0.019405939752629272,0.022583486968365513,0.006035690773878419,3.215197809108333,1
repeated_split,split_094,8,6,extra_trees,numeric_outlier+label_flip,independent,0.30+0.30,extra_trees | numeric_outlier+label_flip | independent | 0.30+0.30,14,0.011653428679737511,0.01588787369094922,0.004246212853990823,2.7444287605094932,1
repeated_split,split_095,8,5,extra_trees,numeric_outlier+label_flip,shared_latent,0.30+0.30,extra_trees | numeric_outlier+label_flip | shared_latent | 0.30+0.30,15,0.012728393336855518,0.01432280813659761,0.0036981331589311084,3.441842894736239,1
repeated_split,split_096,8,6,hist_gradient_boosting,numeric_outlier+label_flip,shared_latent,0.30+0.30,hist_gradient_boosting | numeric_outlier+label_flip | shared_latent | 0.30+0.30,14,0.023910909553187892,0.03201228323160278,0.008555642572930438,2.794753211037665,1
repeated_split,split_097,8,6,extra_trees,numeric_outlier+label_flip,shared_latent,0.30+0.30,extra_trees | numeric_outlier+label_flip | shared_latent | 0.30+0.30,14,0.011688630591537755,0.013970463213158174,0.0037337633484404924,3.1305226123717316,1
repeated_split,split_098,8,7,extra_trees,numeric_outlier+label_flip,independent,0.30+0.30,extra_trees | numeric_outlier+label_flip | independent | 0.30+0.30,13,0.013798234231639069,0.02083025475498259,0.005777273200005178,2.388364502413821,1
repeated_split,split_099,8,7,extra_trees,numeric_outlier+label_flip,independent,0.10+0.10,extra_trees | numeric_outlier+label_flip | independent | 0.10+0.10,13,0.008100806953722022,0.008350188194842378,0.0023159255150983294,3.4978702470826564,1
repeated_split,split_100,8,7,extra_trees,numeric_outlier+label_flip,independent,0.30+0.30,extra_trees | numeric_outlier+label_flip | independent | 0.30+0.30,13,0.009145520562791335,0.008529252354404646,0.002365588977321377,3.8660649210274327,1
repeated_split,split_101,8,7,extra_trees,numeric_outlier+label_flip,independent,0.30+0.30,extra_trees | numeric_outlier+label_flip | independent | 0.30+0.30,13,0.010655379814091611,0.011604783583720232,0.0032185878655204654,3.3105760225590646,1
repeated_split,split_102,8,6,extra_trees,numeric_outlier+label_flip,shared_latent,0.30+0.30,extra_trees | numeric_outlier+label_flip | shared_latent | 0.30+0.30,14,0.01070600962398977,0.013729648181513333,0.0036694028240119125,2.9176435887418974,1
repeated_split,split_103,8,7,extra_trees,numeric_outlier+label_flip,independent,0.30+0.30,extra_trees | numeric_outlier+label_flip | independent | 0.30+0.30,13,0.019290179920670787,0.022601676240486507,0.006268577122808482,3.077282059828642,1
repeated_split,split_104,8,6,extra_trees,numeric_outlier+label_flip,shared_latent,0.30+0.30,extra_trees | numeric_outlier+label_flip | shared_latent | 0.30+0.30,14,0.009547171942105609,0.01268439889389961,0.003390048201296192,2.816234866057429,1
repeated_split,split_105,8,5,extra_trees,numeric_outlier+label_flip,independent,0.30+0.30,extra_trees | numeric_outlier+label_flip | independent | 0.30+0.30,15,0.017551356968257884,0.022516887591294634,0.005813835376633904,3.0188947280477993,1
repeated_split,split_106,8,6,extra_trees,numeric_outlier+label_flip,independent,0.30+0.30,extra_trees | numeric_outlier+label_flip | independent | 0.30+0.30,14,0.01948880686803342,0.022487640711178383,0.006010074784149929,3.242689578410951,1
repeated_split,split_107,8,8,extra_trees,numeric_outlier+label_flip,independent,0.30+0.30,extra_trees | numeric_outlier+label_flip | independent | 0.30+0.30,12,0.021606715243092905,0.02356478032783486,0.006802566132834927,3.1762594910765594,1
repeated_split,split_108,8,8,hist_gradient_boosting,numeric_outlier+label_flip,shared_latent,0.10+0.10,hist_gradient_boosting | numeric_outlier+label_flip | shared_latent | 0.10+0.10,12,-0.00992621241137908,0.010472492651586018,0.0030231482257397826,3.283402489783668,-1
repeated_split,split_109,8,8,extra_trees,missing+label_flip,independent,0.30+0.30,extra_trees | missing+label_flip | independent | 0.30+0.30,18,0.007714333353478812,0.010374054774797645,0.0024451881598866994,3.1549037738822783,1
repeated_split,split_110,8,6,extra_trees,numeric_outlier+label_flip,independent,0.30+0.30,extra_trees | numeric_outlier+label_flip | independent | 0.30+0.30,14,0.017265661112343504,0.02203013252743563,0.005887800578777743,2.932446654965972,1
repeated_split,split_111,8,6,extra_trees,numeric_outlier+label_flip,independent,0.30+0.30,extra_trees | numeric_outlier+label_flip | independent | 0.30+0.30,14,0.013723885524440729,0.017338945047438138,0.004634027986829597,2.961545671162427,1
repeated_split,split_112,8,4,extra_trees,numeric_outlier+label_flip,independent,0.30+0.30,extra_trees | numeric_outlier+label_flip | independent | 0.30+0.30,16,0.013892829970827676,0.016414884226957,0.00410372105673925,3.3854225905565554,1
repeated_split,split_113,8,7,extra_trees,numeric_outlier+label_flip,independent,0.30+0.30,extra_trees | numeric_outlier+label_flip | independent | 0.30+0.30,13,0.020852440062644268,0.02278425392964788,0.006319215062810564,3.299846556159119,1
repeated_split,split_114,8,5,extra_trees,numeric_outlier+label_flip,independent,0.30+0.30,extra_trees | numeric_outlier+label_flip | independent | 0.30+0.30,15,0.018735151668039907,0.022414167400001673,0.005787313137287445,3.237279757221018,1
repeated_split,split_115,8,7,extra_trees,numeric_outlier+label_flip,shared_latent,0.30+0.30,extra_trees | numeric_outlier+label_flip | shared_latent | 0.30+0.30,13,0.009592632617744047,0.012341307981962058,0.00342286297963517,2.80251727130675,1
repeated_split,split_116,8,6,extra_trees,numeric_outlier+label_flip,independent,0.30+0.30,extra_trees | numeric_outlier+label_flip | independent | 0.30+0.30,14,0.015378292858442407,0.022414492089184068,0.005990524992591546,2.5671026959174146,1
repeated_split,split_117,8,3,extra_trees,numeric_outlier+label_flip,independent,0.30+0.30,extra_trees | numeric_outlier+label_flip | independent | 0.30+0.30,17,0.015047115360247531,0.01825593979447878,0.004427715768679575,3.398392341867701,1
repeated_split,split_118,8,8,hist_gradient_boosting,missing+label_flip,independent,0.10+0.10,hist_gradient_boosting | missing+label_flip | independent | 0.10+0.10,18,0.007392579566260595,0.009788437652773426,0.002307156880499274,3.2041945776400014,1
repeated_split,split_119,8,7,extra_trees,numeric_outlier+label_flip,shared_latent,0.30+0.30,extra_trees | numeric_outlier+label_flip | shared_latent | 0.30+0.30,13,0.011615681388937022,0.014078558087926558,0.0039046894669705744,2.974802858765864,1
repeated_split,split_120,8,5,hist_gradient_boosting,numeric_outlier+label_flip,shared_latent,0.30+0.30,hist_gradient_boosting | numeric_outlier+label_flip | shared_latent | 0.30+0.30,15,0.02464414212898604,0.02992998232919951,0.007727888207551464,3.188987918446402,1
repeated_split,split_121,8,5,extra_trees,numeric_outlier+label_flip,independent,0.30+0.30,extra_trees | numeric_outlier+label_flip | independent | 0.30+0.30,15,0.017838993614905076,0.022578197431207526,0.005829665509229988,3.0600372502780764,1
repeated_split,split_122,8,6,extra_trees,numeric_outlier+label_flip,shared_latent,0.30+0.30,extra_trees | numeric_outlier+label_flip | shared_latent | 0.30+0.30,14,0.012785773155222264,0.01469371974938614,0.003927061788534057,3.2558115567606327,1
repeated_split,split_123,8,7,extra_trees,numeric_outlier+label_flip,independent,0.30+0.30,extra_trees | numeric_outlier+label_flip | independent | 0.30+0.30,13,0.015532640617991198,0.0172122162791752,0.004773809873764783,3.2537199906835936,1
repeated_split,split_124,8,6,extra_trees,numeric_outlier+label_flip,independent,0.30+0.30,extra_trees | numeric_outlier+label_flip | independent | 0.30+0.30,14,0.017668111006828472,0.02185267783757594,0.0058403738179826584,3.0251678329951948,1
repeated_split,split_125,8,6,extra_trees,numeric_outlier+label_flip,independent,0.30+0.30,extra_trees | numeric_outlier+label_flip | independent | 0.30+0.30,14,0.01772824601993186,0.02280674657048725,0.006095359412410348,2.908482473377465,1
repeated_split,split_126,8,7,extra_trees,numeric_outlier+label_flip,independent,0.30+0.30,extra_trees | numeric_outlier+label_flip | independent | 0.30+0.30,13,0.015046827970225975,0.017605019768274954,0.004882753960005578,3.0816273139039727,1
repeated_split,split_127,8,6,extra_trees,numeric_outlier+label_flip,independent,0.30+0.30,extra_trees | numeric_outlier+label_flip | independent | 0.30+0.30,14,0.018119318172090716,0.022048874479925304,0.005892809576275997,3.074818206418499,1
repeated_split,split_128,8,8,extra_trees,numeric_outlier+label_flip,independent,0.30+0.30,extra_trees | numeric_outlier+label_flip | independent | 0.30+0.30,12,0.019277227257584958,0.024558067235872585,0.007089303364703983,2.7191990899362346,1
repeated_split,split_129,8,6,extra_trees,numeric_outlier+label_flip,independent,0.30+0.30,extra_trees | numeric_outlier+label_flip | independent | 0.30+0.30,14,0.018406817963821737,0.022812457407110256,0.0060968856976985715,3.019052492778382,1
repeated_split,split_130,8,5,extra_trees,numeric_outlier+label_flip,independent,0.30+0.30,extra_trees | numeric_outlier+label_flip | independent | 0.30+0.30,15,0.017964250464398156,0.02247880231835479,0.005804001801445118,3.0951490159643473,1
repeated_split,split_131,8,5,extra_trees,numeric_outlier+label_flip,shared_latent,0.30+0.30,extra_trees | numeric_outlier+label_flip | shared_latent | 0.30+0.30,15,0.012123646402816905,0.014557969769491167,0.0037588516314553543,3.2253591233455694,1
repeated_split,split_132,8,5,extra_trees,numeric_outlier+label_flip,independent,0.30+0.30,extra_trees | numeric_outlier+label_flip | independent | 0.30+0.30,15,0.01917003936872785,0.022037674987346205,0.005690103214341573,3.3690143476503,1
repeated_split,split_133,8,8,extra_trees,missing+label_flip,independent,0.30+0.30,extra_trees | missing+label_flip | independent | 0.30+0.30,18,0.012793221119953206,0.015557173923466134,0.0036668610591271437,3.488875338788673,1
repeated_split,split_134,8,5,extra_trees,numeric_outlier+label_flip,independent,0.30+0.30,extra_trees | numeric_outlier+label_flip | independent | 0.30+0.30,15,0.017008909224529398,0.022446047091125864,0.005795544438141193,2.934825089527684,1
repeated_split,split_135,8,6,extra_trees,numeric_outlier+label_flip,independent,0.30+0.30,extra_trees | numeric_outlier+label_flip | independent | 0.30+0.30,14,0.02048647664693388,0.022285107969021386,0.005955945631953122,3.43966817578484,1
repeated_split,split_136,8,8,hist_gradient_boosting,missing+label_flip,independent,0.10+0.10,hist_gradient_boosting | missing+label_flip | independent | 0.10+0.10,18,0.00689966051848514,0.009201329451371337,0.002168774150332056,3.1813642363031436,1
repeated_split,split_137,8,6,extra_trees,numeric_outlier+label_flip,independent,0.30+0.30,extra_trees | numeric_outlier+label_flip | independent | 0.30+0.30,14,0.019560430479811007,0.022687999205239676,0.006063622844100453,3.225865292535823,1
repeated_split,split_138,8,6,extra_trees,numeric_outlier+label_flip,independent,0.30+0.30,extra_trees | numeric_outlier+label_flip | independent | 0.30+0.30,14,0.016799523234095105,0.023311000545703772,0.006230126956065993,2.69649773633235,1
repeated_split,split_139,8,8,extra_trees,missing+label_flip,independent,0.30+0.30,extra_trees | missing+label_flip | independent | 0.30+0.30,18,0.011570355537183786,0.015413750981933339,0.00363305594761529,3.1847446623491935,1
repeated_split,split_140,8,5,extra_trees,numeric_outlier+label_flip,independent,0.30+0.30,extra_trees | numeric_outlier+label_flip | independent | 0.30+0.30,15,0.01627062489584531,0.018896176077342723,0.004878971683636758,3.3348471667532364,1
repeated_split,split_141,8,7,extra_trees,numeric_outlier+label_flip,independent,0.30+0.30,extra_trees | numeric_outlier+label_flip | independent | 0.30+0.30,13,0.019771174698288853,0.023390991062847106,0.0064874936662319355,3.047582890323243,1
repeated_split,split_142,8,6,extra_trees,numeric_outlier+label_flip,independent,0.30+0.30,extra_trees | numeric_outlier+label_flip | independent | 0.30+0.30,14,0.013648175172108677,0.015568334192623276,0.004160812330828158,3.280170814479435,1
repeated_split,split_143,8,6,extra_trees,numeric_outlier+label_flip,independent,0.30+0.30,extra_trees | numeric_outlier+label_flip | independent | 0.30+0.30,14,0.017513829000771138,0.021824498497422372,0.005832842572536943,3.002623297812349,1
repeated_split,split_144,8,5,extra_trees,numeric_outlier+label_flip,independent,0.30+0.30,extra_trees | numeric_outlier+label_flip | independent | 0.30+0.30,15,0.016699340370066006,0.022487887071194645,0.005806347474541996,2.8760490899458695,1
repeated_split,split_145,8,5,extra_trees,numeric_outlier+label_flip,independent,0.30+0.30,extra_trees | numeric_outlier+label_flip | independent | 0.30+0.30,15,0.01963794424625305,0.021752439554393207,0.005616455742236558,3.4965012006723164,1
repeated_split,split_146,8,6,extra_trees,numeric_outlier+label_flip,shared_latent,0.30+0.30,extra_trees | numeric_outlier+label_flip | shared_latent | 0.30+0.30,14,0.011876257356126184,0.013484981619500475,0.003604012934793913,3.295287106622246,1
repeated_split,split_147,8,5,extra_trees,numeric_outlier+label_flip,shared_latent,0.30+0.30,extra_trees | numeric_outlier+label_flip | shared_latent | 0.30+0.30,15,0.010940292705331584,0.014112438649322701,0.0036438159908800476,3.002427326932419,1
repeated_split,split_148,8,8,hist_gradient_boosting,missing+label_flip,independent,0.10+0.10,hist_gradient_boosting | missing+label_flip | independent | 0.10+0.10,18,0.007570233174592249,0.00994696595652096,0.0023445223600292346,3.2289021011929497,1
repeated_split,split_149,8,7,extra_trees,numeric_outlier+label_flip,independent,0.30+0.30,extra_trees | numeric_outlier+label_flip | independent | 0.30+0.30,13,0.021428261942085466,0.022990134855695933,0.006376316157849507,3.3606021739851144,1
repeated_split,split_150,8,6,extra_trees,numeric_outlier+label_flip,independent,0.30+0.30,extra_trees | numeric_outlier+label_flip | independent | 0.30+0.30,14,0.008690942779157898,0.008681879162140752,0.002320329807007336,3.745563562951903,1
repeated_split,split_151,8,4,extra_trees,numeric_outlier+label_flip,independent,0.30+0.30,extra_trees | numeric_outlier+label_flip | independent | 0.30+0.30,16,0.017093632915216803,0.020844347770537806,0.005211086942634452,3.280243278108724,1
repeated_split,split_152,8,6,extra_trees,numeric_outlier+label_flip,independent,0.30+0.30,extra_trees | numeric_outlier+label_flip | independent | 0.30+0.30,14,0.01796499398558941,0.023084657687801206,0.006169634282764945,2.911840988010448,1
repeated_split,split_153,8,7,extra_trees,numeric_outlier+label_flip,independent,0.30+0.30,extra_trees | numeric_outlier+label_flip | independent | 0.30+0.30,13,0.014773519186440775,0.017836512564309348,0.00494695850969808,2.986384291980331,1
repeated_split,split_154,8,7,extra_trees,numeric_outlier+label_flip,independent,0.30+0.30,extra_trees | numeric_outlier+label_flip | independent | 0.30+0.30,13,0.017833562110069402,0.023726608664450803,0.006580577240965041,2.710030056186091,1
repeated_split,split_155,8,6,extra_trees,numeric_outlier+label_flip,independent,0.30+0.30,extra_trees | numeric_outlier+label_flip | independent | 0.30+0.30,14,0.016712480653102515,0.01951415693916549,0.005215377818435323,3.2044621185501114,1
repeated_split,split_156,8,7,extra_trees,numeric_outlier+label_flip,independent,0.30+0.30,extra_trees | numeric_outlier+label_flip | independent | 0.30+0.30,13,0.009807634825814157,0.009529745137347499,0.0026430757488315406,3.7106900285207294,1
repeated_split,split_157,8,6,extra_trees,numeric_outlier+label_flip,independent,0.30+0.30,extra_trees | numeric_outlier+label_flip | independent | 0.30+0.30,14,0.02060114474531519,0.022369987023431306,0.005978630513447069,3.445796608266613,1
repeated_split,split_158,8,8,hist_gradient_boosting,missing+label_flip,independent,0.10+0.10,hist_gradient_boosting | missing+label_flip | independent | 0.10+0.10,18,0.006958343732043239,0.008436958873483516,0.00198861027734407,3.4990987481652764,1
repeated_split,split_159,8,7,extra_trees,numeric_outlier+label_flip,independent,0.30+0.30,extra_trees | numeric_outlier+label_flip | independent | 0.30+0.30,13,0.016194773553864904,0.017453881549267556,0.00484083576013531,3.3454499091314416,1
repeated_split,split_160,8,7,hist_gradient_boosting,numeric_outlier+label_flip,shared_latent,0.30+0.30,hist_gradient_boosting | numeric_outlier+label_flip | shared_latent | 0.30+0.30,13,0.027118226103592998,0.03129188355337108,0.00867880697365598,3.124649065926782,1
repeated_split,split_161,8,4,extra_trees,numeric_outlier+label_flip,independent,0.30+0.30,extra_trees | numeric_outlier+label_flip | independent | 0.30+0.30,16,0.014236624086836494,0.01645336542504035,0.004113341356260088,3.461085004571721,1
repeated_split,split_162,8,6,extra_trees,numeric_outlier+label_flip,shared_latent,0.30+0.30,extra_trees | numeric_outlier+label_flip | shared_latent | 0.30+0.30,14,0.011462987897951724,0.01347309438842025,0.003600835938652512,3.183424097417043,1
repeated_split,split_163,8,7,extra_trees,numeric_outlier+label_flip,independent,0.30+0.30,extra_trees | numeric_outlier+label_flip | independent | 0.30+0.30,13,0.014471994645752996,0.015890192759052506,0.00440714652075157,3.2837561850076686,1
repeated_split,split_164,8,7,extra_trees,numeric_outlier+label_flip,independent,0.30+0.30,extra_trees | numeric_outlier+label_flip | independent | 0.30+0.30,13,0.01549188148777218,0.01707176760786285,0.004734856420996516,3.271879886172282,1
repeated_split,split_165,8,6,extra_trees,numeric_outlier+label_flip,independent,0.30+0.30,extra_trees | numeric_outlier+label_flip | independent | 0.30+0.30,14,0.015831590532599683,0.01977612477150006,0.005285391666646167,2.995348600654525,1
repeated_split,split_166,8,6,extra_trees,numeric_outlier+label_flip,shared_latent,0.30+0.30,extra_trees | numeric_outlier+label_flip | shared_latent | 0.30+0.30,14,0.009798630822092315,0.01315048393016315,0.0035146146669247833,2.7879673166748375,1
repeated_split,split_167,8,7,extra_trees,numeric_outlier+label_flip,shared_latent,0.30+0.30,extra_trees | numeric_outlier+label_flip | shared_latent | 0.30+0.30,13,0.009467475434697325,0.01345164217583766,0.0037308142772443592,2.537643187559086,1
repeated_split,split_168,8,4,extra_trees,numeric_outlier+label_flip,independent,0.30+0.30,extra_trees | numeric_outlier+label_flip | independent | 0.30+0.30,16,0.017386268709242248,0.02061322010868227,0.005153305027170567,3.373809354884668,1
repeated_split,split_169,8,6,extra_trees,numeric_outlier+label_flip,independent,0.30+0.30,extra_trees | numeric_outlier+label_flip | independent | 0.30+0.30,14,0.011854407477598696,0.011573368749057029,0.003093112904983423,3.8325168985909444,1
repeated_split,split_170,8,7,extra_trees,numeric_outlier+label_flip,independent,0.30+0.30,extra_trees | numeric_outlier+label_flip | independent | 0.30+0.30,13,0.020834575347877735,0.023235730011039832,0.0064444319982801205,3.2329575908998702,1
repeated_split,split_171,8,5,extra_trees,numeric_outlier+label_flip,independent,0.30+0.30,extra_trees | numeric_outlier+label_flip | independent | 0.30+0.30,15,0.019609538891280486,0.021784358966688417,0.005624697299052564,3.4863278588491435,1
repeated_split,split_172,8,8,extra_trees,numeric_outlier+label_flip,independent,0.30+0.30,extra_trees | numeric_outlier+label_flip | independent | 0.30+0.30,12,0.021640504918433893,0.023416599092474663,0.006759789894772897,3.2013576243202055,1
repeated_split,split_173,8,6,extra_trees,numeric_outlier+label_flip,independent,0.30+0.30,extra_trees | numeric_outlier+label_flip | independent | 0.30+0.30,14,0.016183394705388734,0.022259511244073566,0.005949104619454676,2.720307632927824,1
repeated_split,split_174,8,7,hist_gradient_boosting,numeric_outlier+label_flip,shared_latent,0.30+0.30,hist_gradient_boosting | numeric_outlier+label_flip | shared_latent | 0.30+0.30,13,0.029291123002534027,0.02951803861092223,0.008186830904831225,3.577834126908461,1
repeated_split,split_175,8,6,extra_trees,numeric_outlier+label_flip,independent,0.30+0.30,extra_trees | numeric_outlier+label_flip | independent | 0.30+0.30,14,0.013956779726615026,0.017012004988054275,0.004546649580527744,3.0696844961152734,1
repeated_split,split_176,8,6,extra_trees,numeric_outlier+label_flip,independent,0.30+0.30,extra_trees | numeric_outlier+label_flip | independent | 0.30+0.30,14,0.016375808149926247,0.01663187297319388,0.004445055026145482,3.6840507155940623,1
repeated_split,split_177,8,5,extra_trees,numeric_outlier+label_flip,independent,0.30+0.30,extra_trees | numeric_outlier+label_flip | independent | 0.30+0.30,15,0.019597929624775003,0.021786817588537025,0.005625332112484182,3.4838706822805587,1
repeated_split,split_178,8,6,extra_trees,numeric_outlier+label_flip,independent,0.30+0.30,extra_trees | numeric_outlier+label_flip | independent | 0.30+0.30,14,0.01995500283573621,0.022227678045769445,0.005940596839341872,3.3590905721094044,1
repeated_split,split_179,8,7,extra_trees,numeric_outlier+label_flip,independent,0.30+0.30,extra_trees | numeric_outlier+label_flip | independent | 0.30+0.30,13,0.020438290940929065,0.023004824622140856,0.006380390366014258,3.2032978812386657,1
repeated_split,split_180,8,5,extra_trees,numeric_outlier+label_flip,independent,0.30+0.30,extra_trees | numeric_outlier+label_flip | independent | 0.30+0.30,15,0.019113331121354642,0.021662534149564837,0.005593242266527604,3.4172185309649707,1
repeated_split,split_181,8,6,extra_trees,numeric_outlier+label_flip,independent,0.30+0.30,extra_trees | numeric_outlier+label_flip | independent | 0.30+0.30,14,0.01564690995917126,0.01694814659925536,0.00452958270823082,3.4543822173152643,1
repeated_split,split_182,8,6,extra_trees,numeric_outlier+label_flip,independent,0.30+0.30,extra_trees | numeric_outlier+label_flip | independent | 0.30+0.30,14,0.014398047066440368,0.015358402813008192,0.004104705809595842,3.507692812669084,1
repeated_split,split_183,8,6,extra_trees,numeric_outlier+label_flip,independent,0.30+0.30,extra_trees | numeric_outlier+label_flip | independent | 0.30+0.30,14,0.014499312085807698,0.01974733578106534,0.005277697485309178,2.7472798746361455,1
repeated_split,split_184,8,7,extra_trees,numeric_outlier+label_flip,independent,0.30+0.30,extra_trees | numeric_outlier+label_flip | independent | 0.30+0.30,13,0.01933533567852168,0.022421695357448663,0.006218659407239541,3.1092450015854176,1
repeated_split,split_185,8,6,extra_trees,numeric_outlier+label_flip,independent,0.30+0.30,extra_trees | numeric_outlier+label_flip | independent | 0.30+0.30,14,0.013727090515331995,0.016509214465873057,0.004412273161147795,3.11111529453926,1
repeated_split,split_186,8,7,extra_trees,numeric_outlier+label_flip,independent,0.30+0.30,extra_trees | numeric_outlier+label_flip | independent | 0.30+0.30,13,0.019006637837971664,0.02214078093104107,0.006140747763514146,3.0951666751240725,1
repeated_split,split_187,8,5,extra_trees,numeric_outlier+label_flip,shared_latent,0.30+0.30,extra_trees | numeric_outlier+label_flip | shared_latent | 0.30+0.30,15,0.012421738313150958,0.014427039411867104,0.0037250455584826223,3.3346540647977707,1
repeated_split,split_188,8,8,regularized_logistic,numeric_outlier+label_flip,shared_latent,0.30+0.30,regularized_logistic | numeric_outlier+label_flip | shared_latent | 0.30+0.30,12,0.014209481392721138,0.01226661585352453,0.0035410669825390595,4.012768316100161,1
repeated_split,split_189,8,6,extra_trees,numeric_outlier+label_flip,independent,0.30+0.30,extra_trees | numeric_outlier+label_flip | independent | 0.30+0.30,14,0.011725119016823554,0.010632873720284524,0.002841755035581222,4.126013280530855,1
repeated_split,split_190,8,8,extra_trees,missing+label_flip,shared_latent,0.30+0.30,extra_trees | missing+label_flip | shared_latent | 0.30+0.30,18,0.015022285669957034,0.02099816692562721,0.004949315408532693,3.035224961427674,1
repeated_split,split_191,8,4,extra_trees,numeric_outlier+label_flip,shared_latent,0.30+0.30,extra_trees | numeric_outlier+label_flip | shared_latent | 0.30+0.30,16,0.011951265911965265,0.014064316914206482,0.0035160792285516204,3.39903202832217,1
repeated_split,split_192,8,5,extra_trees,numeric_outlier+label_flip,independent,0.30+0.30,extra_trees | numeric_outlier+label_flip | independent | 0.30+0.30,15,0.019910875980142403,0.021656735398272134,0.005591745035381908,3.560762490806686,1
repeated_split,split_193,8,7,extra_trees,numeric_outlier+label_flip,independent,0.30+0.30,extra_trees | numeric_outlier+label_flip | independent | 0.30+0.30,13,0.01747835490886337,0.022656822273732263,0.006283871880539714,2.7814626461420118,1
repeated_split,split_194,8,6,extra_trees,numeric_outlier+label_flip,independent,0.30+0.30,extra_trees | numeric_outlier+label_flip | independent | 0.30+0.30,14,0.012135053249588159,0.011659337939587767,0.003116089137610874,3.8943216043210445,1
repeated_split,split_195,8,8,extra_trees,numeric_outlier+label_flip,independent,0.30+0.30,extra_trees | numeric_outlier+label_flip | independent | 0.30+0.30,12,0.01203484520572507,0.018190516146629733,0.005251149696977456,2.2918495758466544,1
repeated_split,split_196,8,8,extra_trees,numeric_outlier+label_flip,shared_latent,0.30+0.30,extra_trees | numeric_outlier+label_flip | shared_latent | 0.30+0.30,12,0.01111938774083608,0.012760916586794634,0.0036837593132461213,3.018489210425015,1
repeated_split,split_197,8,6,extra_trees,numeric_outlier+label_flip,independent,0.30+0.30,extra_trees | numeric_outlier+label_flip | independent | 0.30+0.30,14,0.011268951297783533,0.010993269188710231,0.0029380747760522864,3.8354882556545897,1
repeated_split,split_198,8,8,extra_trees,missing+label_flip,independent,0.30+0.30,extra_trees | missing+label_flip | independent | 0.30+0.30,18,0.011190141820071657,0.016509981622600627,0.0038914399875353946,2.8755786690568557,1
repeated_split,split_199,8,5,extra_trees,numeric_outlier+label_flip,independent,0.30+0.30,extra_trees | numeric_outlier+label_flip | independent | 0.30+0.30,15,0.014499153665227395,0.016477613669681944,0.004254501555194523,3.4079558973306026,1
repeated_split,split_200,8,6,extra_trees,numeric_outlier+label_flip,independent,0.30+0.30,extra_trees | numeric_outlier+label_flip | independent | 0.30+0.30,14,0.010928359811311907,0.01583857876407439,0.004233038230614273,2.5816822849072283,1
repeated_split,split_201,8,6,extra_trees,numeric_outlier+label_flip,shared_latent,0.30+0.30,extra_trees | numeric_outlier+label_flip | shared_latent | 0.30+0.30,14,0.009201141156573047,0.01266912990730211,0.0033859673929753998,2.717433480210687,1
repeated_split,split_202,8,8,hist_gradient_boosting,numeric_outlier+label_flip,shared_latent,0.30+0.30,hist_gradient_boosting | numeric_outlier+label_flip | shared_latent | 0.30+0.30,12,0.010209118635971008,0.013754238275020725,0.003970506585290735,2.571238308429467,1
repeated_split,split_203,8,4,extra_trees,numeric_outlier+label_flip,independent,0.30+0.30,extra_trees | numeric_outlier+label_flip | independent | 0.30+0.30,16,0.018406927643567585,0.021559474334689886,0.005389868583672471,3.4150976703453755,1
repeated_split,split_204,8,8,regularized_logistic,missing+label_flip,shared_latent,0.10+0.10,regularized_logistic | missing+label_flip | shared_latent | 0.10+0.10,18,-0.004806099562552143,0.00588252500842012,0.0013865244413177732,3.46629270954961,-1
repeated_split,split_205,8,5,extra_trees,numeric_outlier+label_flip,independent,0.30+0.30,extra_trees | numeric_outlier+label_flip | independent | 0.30+0.30,15,0.01459306393167492,0.01948102779341513,0.005029979747393375,2.901217234371034,1
repeated_split,split_206,8,6,extra_trees,numeric_outlier+label_flip,independent,0.30+0.30,extra_trees | numeric_outlier+label_flip | independent | 0.30+0.30,14,0.013002214438580517,0.01748279140301432,0.004672472542465464,2.782726772690633,1
repeated_split,split_207,8,6,extra_trees,numeric_outlier+label_flip,independent,0.30+0.30,extra_trees | numeric_outlier+label_flip | independent | 0.30+0.30,14,0.01585100602032443,0.01666917626232404,0.004455024749525827,3.558006276398698,1
repeated_split,split_208,8,6,extra_trees,numeric_outlier+label_flip,independent,0.30+0.30,extra_trees | numeric_outlier+label_flip | independent | 0.30+0.30,14,0.014698846538534847,0.016829996582531554,0.004498005788029241,3.267858520247705,1
repeated_split,split_209,8,5,extra_trees,numeric_outlier+label_flip,independent,0.30+0.30,extra_trees | numeric_outlier+label_flip | independent | 0.30+0.30,15,0.01661569826173789,0.018901807849901475,0.004880425801058736,3.4045591386992013,1
repeated_split,split_210,8,7,extra_trees,numeric_outlier+label_flip,shared_latent,0.30+0.30,extra_trees | numeric_outlier+label_flip | shared_latent | 0.30+0.30,13,0.014054201942637347,0.014297523019401414,0.003965419412198348,3.5441905336429427,1
repeated_split,split_211,8,6,extra_trees,numeric_outlier+label_flip,independent,0.30+0.30,extra_trees | numeric_outlier+label_flip | independent | 0.30+0.30,14,0.017124182386305215,0.02315091760053558,0.006187342989331343,2.7676148575942774,1
repeated_split,split_212,8,8,extra_trees,numeric_outlier+label_flip,independent,0.30+0.30,extra_trees | numeric_outlier+label_flip | independent | 0.30+0.30,12,0.019226500510744697,0.024743763794993042,0.007142909343901875,2.6916904002371194,1
repeated_split,split_213,8,4,extra_trees,numeric_outlier+label_flip,independent,0.30+0.30,extra_trees | numeric_outlier+label_flip | independent | 0.30+0.30,16,0.015025642300891935,0.022036399359649354,0.005509099839912338,2.7274223988525548,1
repeated_split,split_214,8,8,extra_trees,missing+label_flip,shared_latent,0.30+0.30,extra_trees | missing+label_flip | shared_latent | 0.30+0.30,18,0.015229446345312505,0.020859295798456665,0.004916583169954923,3.0975671149791886,1
repeated_split,split_215,8,6,extra_trees,numeric_outlier+label_flip,independent,0.30+0.30,extra_trees | numeric_outlier+label_flip | independent | 0.30+0.30,14,0.018406817963821737,0.022812457407110256,0.0060968856976985715,3.019052492778382,1
repeated_split,split_216,8,7,extra_trees,numeric_outlier+label_flip,independent,0.30+0.30,extra_trees | numeric_outlier+label_flip | independent | 0.30+0.30,13,0.012614417878680596,0.011758349541341197,0.0032611793989333975,3.8680539570458077,1
repeated_split,split_217,8,6,extra_trees,numeric_outlier+label_flip,shared_latent,0.30+0.30,extra_trees | numeric_outlier+label_flip | shared_latent | 0.30+0.30,14,0.009380091795683752,0.011784076312628488,0.0031494268701038725,2.978348817915046,1
repeated_split,split_218,8,7,extra_trees,numeric_outlier+label_flip,independent,0.30+0.30,extra_trees | numeric_outlier+label_flip | independent | 0.30+0.30,13,0.0159382779171997,0.017201713080087926,0.004770896810467432,3.3407299613420345,1
repeated_split,split_219,8,8,hist_gradient_boosting,missing+label_flip,independent,0.10+0.10,hist_gradient_boosting | missing+label_flip | independent | 0.10+0.10,18,0.007116358191802343,0.009414010476203917,0.0022189035486283298,3.207150755246435,1
repeated_split,split_220,8,6,extra_trees,numeric_outlier+label_flip,shared_latent,0.30+0.30,extra_trees | numeric_outlier+label_flip | shared_latent | 0.30+0.30,14,0.014140044154058506,0.0138102548499599,0.003690945862327365,3.8310082784964914,1
repeated_split,split_221,8,7,extra_trees,numeric_outlier+label_flip,shared_latent,0.30+0.30,extra_trees | numeric_outlier+label_flip | shared_latent | 0.30+0.30,13,0.009843119848493821,0.01257319649802412,0.003487177282316172,2.822661153021751,1
repeated_split,split_222,8,7,extra_trees,numeric_outlier+label_flip,independent,0.30+0.30,extra_trees | numeric_outlier+label_flip | independent | 0.30+0.30,13,0.018018944615345856,0.02248159805467983,0.006235273426193815,2.8898403299604976,1
repeated_split,split_223,8,6,extra_trees,numeric_outlier+label_flip,independent,0.30+0.30,extra_trees | numeric_outlier+label_flip | independent | 0.30+0.30,14,0.01601779533823393,0.019557866781400465,0.005227059765154839,3.064398736171604,1
repeated_split,split_224,8,7,extra_trees,numeric_outlier+label_flip,independent,0.30+0.30,extra_trees | numeric_outlier+label_flip | independent | 0.30+0.30,13,0.02212416948339137,0.022349546542928256,0.006198648926453598,3.569192213640846,1
repeated_split,split_225,8,6,extra_trees,numeric_outlier+label_flip,independent,0.30+0.30,extra_trees | numeric_outlier+label_flip | independent | 0.30+0.30,14,0.017648816725993218,0.01907778548003019,0.005098752640331686,3.4613988892869925,1
repeated_split,split_226,8,6,extra_trees,numeric_outlier+label_flip,independent,0.30+0.30,extra_trees | numeric_outlier+label_flip | independent | 0.30+0.30,14,0.020951711562939034,0.0219169700321887,0.00585755662976014,3.576868801658855,1
repeated_split,split_227,8,7,extra_trees,numeric_outlier+label_flip,independent,0.30+0.30,extra_trees | numeric_outlier+label_flip | independent | 0.30+0.30,13,0.015140436624452856,0.017666141411441055,0.0048997060537345,3.090070395735881,1
repeated_split,split_228,8,6,extra_trees,numeric_outlier+label_flip,independent,0.30+0.30,extra_trees | numeric_outlier+label_flip | independent | 0.30+0.30,14,0.020848597676797923,0.02218542709694511,0.005929304798287102,3.516195976772995,1
repeated_split,split_229,8,5,extra_trees,numeric_outlier+label_flip,independent,0.30+0.30,extra_trees | numeric_outlier+label_flip | independent | 0.30+0.30,15,0.018514880877930295,0.022082867261691442,0.0057017718094026625,3.2472153388176332,1
repeated_split,split_230,8,7,extra_trees,numeric_outlier+label_flip,shared_latent,0.30+0.30,extra_trees | numeric_outlier+label_flip | shared_latent | 0.30+0.30,13,0.01361228856088356,0.014942057538105074,0.004144181124197775,3.28467510297794,1
repeated_split,split_231,8,7,extra_trees,numeric_outlier+label_flip,independent,0.30+0.30,extra_trees | numeric_outlier+label_flip | independent | 0.30+0.30,13,0.014701686639223407,0.017621968333852038,0.00488745464633125,3.008045639924081,1
repeated_split,split_232,8,7,extra_trees,numeric_outlier+label_flip,independent,0.30+0.30,extra_trees | numeric_outlier+label_flip | independent | 0.30+0.30,13,0.021358239085113622,0.02295555374964852,0.006366725084694415,3.354666457400329,1
repeated_split,split_233,8,7,extra_trees,numeric_outlier+label_flip,independent,0.30+0.30,extra_trees | numeric_outlier+label_flip | independent | 0.30+0.30,13,0.017729358046855766,0.023751997286944996,0.00658761877790475,2.691315123807869,1
repeated_split,split_234,8,5,extra_trees,numeric_outlier+label_flip,independent,0.30+0.30,extra_trees | numeric_outlier+label_flip | independent | 0.30+0.30,15,0.01805203254790473,0.022615471688885357,0.005839289681178554,3.0914774798878035,1
repeated_split,split_235,8,6,extra_trees,numeric_outlier+label_flip,independent,0.30+0.30,extra_trees | numeric_outlier+label_flip | independent | 0.30+0.30,14,0.01821732757256998,0.02277022964936738,0.006085599854721033,2.9935138700316455,1
repeated_split,split_236,8,4,extra_trees,numeric_outlier+label_flip,shared_latent,0.30+0.30,extra_trees | numeric_outlier+label_flip | shared_latent | 0.30+0.30,16,0.011058395540280583,0.013476066790114804,0.003369016697528701,3.282380745809995,1
repeated_split,split_237,8,5,extra_trees,numeric_outlier+label_flip,independent,0.30+0.30,extra_trees | numeric_outlier+label_flip | independent | 0.30+0.30,15,0.011188195217911307,0.011498530133082366,0.0029689077140861437,3.7684550330844937,1
repeated_split,split_238,8,6,extra_trees,numeric_outlier+label_flip,independent,0.30+0.30,extra_trees | numeric_outlier+label_flip | independent | 0.30+0.30,14,0.013101127379203284,0.01722969006605271,0.004604828364819409,2.84508484166208,1
repeated_split,split_239,8,6,extra_trees,numeric_outlier+label_flip,independent,0.30+0.30,extra_trees | numeric_outlier+label_flip | independent | 0.30+0.30,14,0.012605384612093746,0.01689615403427971,0.004515687110745215,2.7914654631625937,1
repeated_split,split_240,8,7,hist_gradient_boosting,numeric_outlier+label_flip,shared_latent,0.30+0.30,hist_gradient_boosting | numeric_outlier+label_flip | shared_latent | 0.30+0.30,13,0.027284730189547187,0.031222952117217907,0.008659688833075854,3.1507748968222296,1
repeated_split,split_241,8,8,extra_trees,numeric_outlier+label_flip,shared_latent,0.30+0.30,extra_trees | numeric_outlier+label_flip | shared_latent | 0.30+0.30,12,0.01150164129375437,0.013568397898717903,0.003916859089648368,2.9364450010855303,1
repeated_split,split_242,8,8,regularized_logistic,missing+label_flip,shared_latent,0.10+0.10,regularized_logistic | missing+label_flip | shared_latent | 0.10+0.10,18,-0.006388781759137652,0.007708064531930898,0.0018168082334506167,3.5164865732711945,-1
repeated_split,split_243,8,8,hist_gradient_boosting,missing+label_flip,independent,0.10+0.10,hist_gradient_boosting | missing+label_flip | independent | 0.10+0.10,18,0.007322462268752548,0.009145292732223293,0.0021555661689637135,3.3970018523128034,1
repeated_split,split_244,8,5,extra_trees,numeric_outlier+label_flip,independent,0.30+0.30,extra_trees | numeric_outlier+label_flip | independent | 0.30+0.30,15,0.011350619184727571,0.011377484885813426,0.002937653965632133,3.863838054964759,1
repeated_split,split_245,8,7,extra_trees,numeric_outlier+label_flip,independent,0.30+0.30,extra_trees | numeric_outlier+label_flip | independent | 0.30+0.30,13,0.01644524268823434,0.016968310442395565,0.0047061625660037125,3.494405995881054,1
repeated_split,split_246,8,8,extra_trees,numeric_outlier+label_flip,shared_latent,0.30+0.30,extra_trees | numeric_outlier+label_flip | shared_latent | 0.30+0.30,12,0.010371277418710466,0.013507818352762256,0.0038993712810659283,2.6597306773709897,1
repeated_split,split_247,8,7,extra_trees,numeric_outlier+label_flip,independent,0.30+0.30,extra_trees | numeric_outlier+label_flip | independent | 0.30+0.30,13,0.013323766766762512,0.01621777245317617,0.004498000781056468,2.9621530576153194,1
repeated_split,split_248,8,6,extra_trees,numeric_outlier+label_flip,independent,0.30+0.30,extra_trees | numeric_outlier+label_flip | independent | 0.30+0.30,14,0.016128155593773175,0.01942487803011531,0.005191517026325985,3.1066363669786523,1
repeated_split,split_249,8,6,extra_trees,numeric_outlier+label_flip,independent,0.30+0.30,extra_trees | numeric_outlier+label_flip | independent | 0.30+0.30,14,0.016250118718304528,0.019244469045470333,0.005143300697037609,3.1594728124031564,1
repeated_split,split_250,8,2,regularized_logistic,categorical_inconsistency+missing,shared_latent,0.30+0.30,regularized_logistic | categorical_inconsistency+missing | shared_latent | 0.30+0.30,15,-0.005387011858252316,0.009251949586147463,0.0023888431111399816,2.2550714331681565,-1
repeated_split,split_251,8,8,extra_trees,missing+label_flip,shared_latent,0.30+0.30,extra_trees | missing+label_flip | shared_latent | 0.30+0.30,18,0.012649751519742257,0.013506202377046136,0.0031834424296290635,3.97360775304368,1
repeated_split,split_252,8,5,extra_trees,numeric_outlier+label_flip,independent,0.30+0.30,extra_trees | numeric_outlier+label_flip | independent | 0.30+0.30,15,0.015589167612258857,0.019395254475262406,0.005007833171876411,3.1129566575433003,1
repeated_split,split_253,8,7,extra_trees,numeric_outlier+label_flip,shared_latent,0.30+0.30,extra_trees | numeric_outlier+label_flip | shared_latent | 0.30+0.30,13,0.013711821634168096,0.014848761211351409,0.0041183053788190985,3.329481515549943,1
repeated_split,split_254,8,7,extra_trees,numeric_outlier+label_flip,independent,0.30+0.30,extra_trees | numeric_outlier+label_flip | independent | 0.30+0.30,13,0.02080675861432152,0.022795956070998612,0.006322460652862317,3.290927339326634,1
repeated_split,split_255,8,6,extra_trees,numeric_outlier+label_flip,independent,0.10+0.10,extra_trees | numeric_outlier+label_flip | independent | 0.10+0.10,14,0.006746578176246782,0.008414720679723367,0.002248928699209027,2.999907546477409,1
repeated_split,split_256,8,7,extra_trees,numeric_outlier+label_flip,independent,0.30+0.30,extra_trees | numeric_outlier+label_flip | independent | 0.30+0.30,13,0.01867627447242308,0.023403783627036465,0.006491041685164966,2.8772384123039925,1
repeated_split,split_257,8,7,hist_gradient_boosting,numeric_outlier+label_flip,shared_latent,0.30+0.30,hist_gradient_boosting | numeric_outlier+label_flip | shared_latent | 0.30+0.30,13,0.016967607684273685,0.022211202496830715,0.006160279191695149,2.754356930307349,1
repeated_split,split_258,8,5,extra_trees,numeric_outlier+label_flip,independent,0.30+0.30,extra_trees | numeric_outlier+label_flip | independent | 0.30+0.30,15,0.017305793291036712,0.0221380618064206,0.005716022979571831,3.027593372679729,1
repeated_split,split_259,8,6,extra_trees,numeric_outlier+label_flip,independent,0.30+0.30,extra_trees | numeric_outlier+label_flip | independent | 0.30+0.30,14,0.01842043749599077,0.022961142096123675,0.006136623352337661,3.00172202828348,1
repeated_split,split_260,8,7,extra_trees,numeric_outlier+label_flip,shared_latent,0.30+0.30,extra_trees | numeric_outlier+label_flip | shared_latent | 0.30+0.30,13,0.010607573909653462,0.013460464925036735,0.0037332612676003454,2.8413692879501484,1
repeated_split,split_261,8,8,extra_trees,numeric_outlier+label_flip,independent,0.30+0.30,extra_trees | numeric_outlier+label_flip | independent | 0.30+0.30,12,0.02224923252922569,0.023305356855142623,0.006727677026938442,3.3071195956846675,1
repeated_split,split_262,8,6,extra_trees,numeric_outlier+label_flip,independent,0.30+0.30,extra_trees | numeric_outlier+label_flip | independent | 0.30+0.30,14,0.011914905502376881,0.011605194908887017,0.003101618803984889,3.8415118863313835,1
repeated_split,split_263,8,6,hist_gradient_boosting,numeric_outlier+label_flip,shared_latent,0.30+0.30,hist_gradient_boosting | numeric_outlier+label_flip | shared_latent | 0.30+0.30,14,0.01982944375544529,0.023902082758457115,0.006388100322318795,3.1041221575943356,1
repeated_split,split_264,8,6,extra_trees,numeric_outlier+label_flip,independent,0.30+0.30,extra_trees | numeric_outlier+label_flip | independent | 0.30+0.30,14,0.017232859435029405,0.022146672127761446,0.005918947097092798,2.911473806463593,1
repeated_split,split_265,8,7,extra_trees,numeric_outlier+label_flip,independent,0.30+0.30,extra_trees | numeric_outlier+label_flip | independent | 0.30+0.30,13,0.012447045598682566,0.016098925310598595,0.004465038514402175,2.78766813735964,1
repeated_split,split_266,8,7,extra_trees,numeric_outlier+label_flip,independent,0.30+0.30,extra_trees | numeric_outlier+label_flip | independent | 0.30+0.30,13,0.014896794796996281,0.015913289797356713,0.0044135524865913526,3.375239071531079,1
repeated_split,split_267,8,7,extra_trees,numeric_outlier+label_flip,shared_latent,0.30+0.30,extra_trees | numeric_outlier+label_flip | shared_latent | 0.30+0.30,13,0.0121480051776587,0.013795956172507475,0.003826309798002279,3.174861895396235,1
repeated_split,split_268,8,6,extra_trees,numeric_outlier+label_flip,independent,0.30+0.30,extra_trees | numeric_outlier+label_flip | independent | 0.30+0.30,14,0.018891018415144623,0.02282324520420942,0.006099768857748793,3.097005617048352,1
repeated_split,split_269,8,4,extra_trees,numeric_outlier+label_flip,independent,0.30+0.30,extra_trees | numeric_outlier+label_flip | independent | 0.30+0.30,16,0.017697823269557468,0.021626044110782606,0.0054065110276956515,3.273427757549694,1
repeated_split,split_270,8,8,extra_trees,numeric_outlier+label_flip,shared_latent,0.30+0.30,extra_trees | numeric_outlier+label_flip | shared_latent | 0.30+0.30,12,0.011379596106037913,0.013706586279818016,0.003956750639161882,2.875995265763914,1
repeated_split,split_271,8,5,extra_trees,numeric_outlier+label_flip,independent,0.30+0.30,extra_trees | numeric_outlier+label_flip | independent | 0.30+0.30,15,0.015256607142600114,0.016336960434454897,0.004218185046019553,3.6168653049009443,1
repeated_split,split_272,8,7,extra_trees,numeric_outlier+label_flip,independent,0.30+0.30,extra_trees | numeric_outlier+label_flip | independent | 0.30+0.30,13,0.01819445200230102,0.023771813462664392,0.006593114796184741,2.759614016250659,1
repeated_split,split_273,8,6,extra_trees,numeric_outlier+label_flip,independent,0.30+0.30,extra_trees | numeric_outlier+label_flip | independent | 0.30+0.30,14,0.01868291541660764,0.021880533805234095,0.005847818638493649,3.1948520587875495,1
repeated_split,split_274,8,5,extra_trees,numeric_outlier+label_flip,independent,0.30+0.30,extra_trees | numeric_outlier+label_flip | independent | 0.30+0.30,15,0.011890595198162544,0.011357639361033504,0.002932529873167507,4.054722615773111,1
repeated_split,split_275,8,6,extra_trees,numeric_outlier+label_flip,independent,0.30+0.30,extra_trees | numeric_outlier+label_flip | independent | 0.30+0.30,14,0.015811853897655808,0.019877991327631534,0.005312616648947206,2.976283617375107,1
repeated_split,split_276,8,5,extra_trees,numeric_outlier+label_flip,independent,0.30+0.30,extra_trees | numeric_outlier+label_flip | independent | 0.30+0.30,15,0.015808304044771685,0.016063671548755005,0.004147622159151603,3.811413730127548,1
repeated_split,split_277,8,5,extra_trees,numeric_outlier+label_flip,independent,0.30+0.30,extra_trees | numeric_outlier+label_flip | independent | 0.30+0.30,15,0.013807092617191855,0.019340706107422792,0.004993748843862703,2.764875256824483,1
repeated_split,split_278,8,6,extra_trees,numeric_outlier+label_flip,independent,0.30+0.30,extra_trees | numeric_outlier+label_flip | independent | 0.30+0.30,14,0.019419879631578263,0.02240018049530874,0.00598670005823868,3.2438370793027,1
repeated_split,split_279,8,7,extra_trees,numeric_outlier+label_flip,independent,0.30+0.30,extra_trees | numeric_outlier+label_flip | independent | 0.30+0.30,13,0.017291908009410394,0.019714577454103266,0.00546783999114428,3.162475134132745,1
repeated_split,split_280,8,5,extra_trees,numeric_outlier+label_flip,shared_latent,0.30+0.30,extra_trees | numeric_outlier+label_flip | shared_latent | 0.30+0.30,15,0.010870693824227999,0.013876116679213039,0.003582797920574871,3.0341353504201436,1
repeated_split,split_281,8,6,extra_trees,numeric_outlier+label_flip,independent,0.30+0.30,extra_trees | numeric_outlier+label_flip | independent | 0.30+0.30,14,0.013854328512449414,0.017270814423735664,0.004615819311726606,3.00148848488331,1
repeated_split,split_282,8,6,extra_trees,numeric_outlier+label_flip,independent,0.30+0.30,extra_trees | numeric_outlier+label_flip | independent | 0.30+0.30,14,0.016569512688790148,0.01970299807651461,0.005265847735327404,3.1465992792820354,1
repeated_split,split_283,8,7,extra_trees,numeric_outlier+label_flip,shared_latent,0.30+0.30,extra_trees | numeric_outlier+label_flip | shared_latent | 0.30+0.30,13,0.011081478301609235,0.012954288230407661,0.003592873111682653,3.08429436752901,1
repeated_split,split_284,8,8,extra_trees,numeric_outlier+label_flip,independent,0.30+0.30,extra_trees | numeric_outlier+label_flip | independent | 0.30+0.30,12,0.015227580255089286,0.018198346020747755,0.005253409986942336,2.898608768959275,1
repeated_split,split_285,8,8,hist_gradient_boosting,missing+label_flip,independent,0.10+0.10,hist_gradient_boosting | missing+label_flip | independent | 0.10+0.10,18,0.008001088948184713,0.009378328107176578,0.002210493133592319,3.619594572176741,1
repeated_split,split_286,8,6,extra_trees,numeric_outlier+label_flip,independent,0.30+0.30,extra_trees | numeric_outlier+label_flip | independent | 0.30+0.30,14,0.016662657410679484,0.019843526892788614,0.005303405641289277,3.141878735609734,1
repeated_split,split_287,8,6,extra_trees,numeric_outlier+label_flip,independent,0.30+0.30,extra_trees | numeric_outlier+label_flip | independent | 0.30+0.30,14,0.013898020680839144,0.0172247774359314,0.0046035154091921306,3.0190016640517996,1
repeated_split,split_288,8,7,extra_trees,numeric_outlier+label_flip,independent,0.30+0.30,extra_trees | numeric_outlier+label_flip | independent | 0.30+0.30,13,0.01019850267063068,0.01059614276196841,0.002938841234647209,3.4702462148673883,1
repeated_split,split_289,8,7,hist_gradient_boosting,numeric_outlier+label_flip,shared_latent,0.30+0.30,hist_gradient_boosting | numeric_outlier+label_flip | shared_latent | 0.30+0.30,13,0.02856560112655779,0.03028978338858189,0.00840087439463303,3.4003128465778714,1
repeated_split,split_290,8,8,extra_trees,missing+label_flip,shared_latent,0.30+0.30,extra_trees | missing+label_flip | shared_latent | 0.30+0.30,18,0.01506178540475401,0.02103787606876691,0.00495867494332909,3.037461736631203,1
repeated_split,split_291,8,5,extra_trees,numeric_outlier+label_flip,independent,0.30+0.30,extra_trees | numeric_outlier+label_flip | independent | 0.30+0.30,15,0.01637075531395466,0.022544407269209237,0.005820940926917654,2.812389872958807,1
repeated_split,split_292,8,8,extra_trees,numeric_outlier+label_flip,independent,0.30+0.30,extra_trees | numeric_outlier+label_flip | independent | 0.30+0.30,12,0.02142699566280805,0.023751148245099787,0.006856365916435536,3.125124289449744,1
repeated_split,split_293,8,8,extra_trees,numeric_outlier+label_flip,shared_latent,0.30+0.30,extra_trees | numeric_outlier+label_flip | shared_latent | 0.30+0.30,12,0.012852931370656571,0.013858628006548244,0.004000641305089758,3.2127177596013454,1
repeated_split,split_294,8,3,extra_trees,numeric_outlier+label_flip,independent,0.30+0.30,extra_trees | numeric_outlier+label_flip | independent | 0.30+0.30,17,0.015874449611510646,0.0215986074120445,0.005238431748594587,3.0303820634428584,1
repeated_split,split_295,8,7,extra_trees,numeric_outlier+label_flip,independent,0.30+0.30,extra_trees | numeric_outlier+label_flip | independent | 0.30+0.30,13,0.012108481573809136,0.012003347739469128,0.0033291296732215927,3.6371312512113056,1
repeated_split,split_296,8,8,regularized_logistic,missing+label_flip,shared_latent,0.10+0.10,regularized_logistic | missing+label_flip | shared_latent | 0.10+0.10,18,-0.004740829502391418,0.0058295107642173,0.0013740288641260088,3.4503128909209346,-1
repeated_split,split_297,8,6,extra_trees,numeric_outlier+label_flip,independent,0.10+0.10,extra_trees | numeric_outlier+label_flip | independent | 0.10+0.10,14,0.007932428144868752,0.007888176672681067,0.002108203893965358,3.762647516008762,1
repeated_split,split_298,8,6,extra_trees,numeric_outlier+label_flip,independent,0.30+0.30,extra_trees | numeric_outlier+label_flip | independent | 0.30+0.30,14,0.014927461655711542,0.016665826985903503,0.004454129617750166,3.3513756753337547,1
repeated_split,split_299,8,8,extra_trees,numeric_outlier+label_flip,independent,0.30+0.30,extra_trees | numeric_outlier+label_flip | independent | 0.30+0.30,12,0.022260569455521264,0.023216152917626538,0.006701926068269599,3.3215182066711195,1
repeated_split,split_300,8,7,extra_trees,numeric_outlier+label_flip,independent,0.30+0.30,extra_trees | numeric_outlier+label_flip | independent | 0.30+0.30,13,0.02021048373405609,0.023383855742576495,0.006485514684454817,3.116249783922125,1
repeated_split,split_301,8,5,extra_trees,numeric_outlier+label_flip,independent,0.30+0.30,extra_trees | numeric_outlier+label_flip | independent | 0.30+0.30,15,0.01921824345547952,0.022056767633031157,0.005695032914259763,3.3745623150586295,1
repeated_split,split_302,8,7,extra_trees,numeric_outlier+label_flip,independent,0.30+0.30,extra_trees | numeric_outlier+label_flip | independent | 0.30+0.30,13,0.012084700980708223,0.017329946710187966,0.004806462420357015,2.5142609936000695,1
repeated_split,split_303,8,6,extra_trees,numeric_outlier+label_flip,independent,0.30+0.30,extra_trees | numeric_outlier+label_flip | independent | 0.30+0.30,14,0.01516330699531372,0.022332486641626563,0.005968608114833743,2.540509730841342,1
repeated_split,split_304,8,7,extra_trees,numeric_outlier+label_flip,independent,0.30+0.30,extra_trees | numeric_outlier+label_flip | independent | 0.30+0.30,13,0.01796776471885719,0.023986764634167455,0.006652731524690537,2.700810133728189,1
repeated_split,split_305,8,6,extra_trees,numeric_outlier+label_flip,shared_latent,0.30+0.30,extra_trees | numeric_outlier+label_flip | shared_latent | 0.30+0.30,14,0.009521433330479598,0.012983637158390786,0.0034700229914918224,2.743910733106172,1
repeated_split,split_306,8,6,extra_trees,numeric_outlier+label_flip,independent,0.30+0.30,extra_trees | numeric_outlier+label_flip | independent | 0.30+0.30,14,0.017825872021324123,0.022731595930448854,0.006075274559023173,2.9341673118046367,1
repeated_split,split_307,8,5,extra_trees,numeric_outlier+label_flip,independent,0.30+0.30,extra_trees | numeric_outlier+label_flip | independent | 0.30+0.30,15,0.016140962535843534,0.021635803465544907,0.005586340433591476,2.8893624954873114,1
repeated_split,split_308,8,6,extra_trees,numeric_outlier+label_flip,independent,0.30+0.30,extra_trees | numeric_outlier+label_flip | independent | 0.30+0.30,14,0.01046425698252281,0.0116127327932704,0.003103633388326584,3.3716150309121797,1
repeated_split,split_309,8,5,extra_trees,numeric_outlier+label_flip,independent,0.30+0.30,extra_trees | numeric_outlier+label_flip | independent | 0.30+0.30,15,0.01962601553508283,0.021938624012947088,0.005664528362723346,3.4647219112249603,1
repeated_split,split_310,8,8,extra_trees,missing+label_flip,independent,0.30+0.30,extra_trees | missing+label_flip | independent | 0.30+0.30,18,0.007351416559499406,0.008814422930703312,0.002077579408848838,3.5384527437017383,1
repeated_split,split_311,8,5,extra_trees,numeric_outlier+label_flip,independent,0.30+0.30,extra_trees | numeric_outlier+label_flip | independent | 0.30+0.30,15,0.019806092113793007,0.02175635051694835,0.005617465548426139,3.525805711321565,1
repeated_split,split_312,8,5,extra_trees,numeric_outlier+label_flip,independent,0.30+0.30,extra_trees | numeric_outlier+label_flip | independent | 0.30+0.30,15,0.019582823691327845,0.021762625356236295,0.005619085704963628,3.485055170813524,1
repeated_split,split_313,8,5,extra_trees,numeric_outlier+label_flip,independent,0.30+0.30,extra_trees | numeric_outlier+label_flip | independent | 0.30+0.30,15,0.01382549295445478,0.017219571080115965,0.0044460741348082665,3.1095956871738024,1
repeated_split,split_314,8,7,extra_trees,numeric_outlier+label_flip,independent,0.30+0.30,extra_trees | numeric_outlier+label_flip | independent | 0.30+0.30,13,0.019724911873073868,0.023300479070817965,0.006462390156362285,3.052262614267339,1
repeated_split,split_315,8,6,extra_trees,numeric_outlier+label_flip,independent,0.30+0.30,extra_trees | numeric_outlier+label_flip | independent | 0.30+0.30,14,0.013424785357152625,0.017421805610716285,0.004656173403876878,2.8832228082344877,1
repeated_split,split_316,8,6,extra_trees,numeric_outlier+label_flip,independent,0.30+0.30,extra_trees | numeric_outlier+label_flip | independent | 0.30+0.30,14,0.015064029273095542,0.020276315777135134,0.00541907333600562,2.779816462900867,1
repeated_split,split_317,8,4,extra_trees,numeric_outlier+label_flip,independent,0.30+0.30,extra_trees | numeric_outlier+label_flip | independent | 0.30+0.30,16,0.012384389923810024,0.01608263256135536,0.00402065814033884,3.0801897330088184,1
repeated_split,split_318,8,5,extra_trees,numeric_outlier+label_flip,independent,0.30+0.30,extra_trees | numeric_outlier+label_flip | independent | 0.30+0.30,15,0.018084550147681795,0.022336120555011357,0.005767161528562677,3.1357800640948796,1
repeated_split,split_319,8,5,extra_trees,numeric_outlier+label_flip,independent,0.30+0.30,extra_trees | numeric_outlier+label_flip | independent | 0.30+0.30,15,0.019155644762422364,0.022105650549332757,0.00570765442897644,3.3561325410966703,1
repeated_split,split_320,8,6,extra_trees,numeric_outlier+label_flip,independent,0.30+0.30,extra_trees | numeric_outlier+label_flip | independent | 0.30+0.30,14,0.013891277475804539,0.01979576973250318,0.005290642003321181,2.6256317224042642,1
repeated_split,split_321,8,5,extra_trees,numeric_outlier+label_flip,independent,0.30+0.30,extra_trees | numeric_outlier+label_flip | independent | 0.30+0.30,15,0.017744908705162717,0.021309756388782745,0.005502155440366178,3.225083132871608,1
repeated_split,split_322,8,6,extra_trees,numeric_outlier+label_flip,independent,0.30+0.30,extra_trees | numeric_outlier+label_flip | independent | 0.30+0.30,14,0.016069894001134545,0.019485493371729345,0.005207717157804699,3.0857847141431107,1
repeated_split,split_323,8,5,regularized_logistic,categorical_inconsistency+missing,shared_latent,0.30+0.30,regularized_logistic | categorical_inconsistency+missing | shared_latent | 0.30+0.30,12,-0.007094152085075615,0.009436741887732802,0.0027241527345777754,2.6041682593744726,-1
repeated_split,split_324,8,7,extra_trees,numeric_outlier+label_flip,independent,0.30+0.30,extra_trees | numeric_outlier+label_flip | independent | 0.30+0.30,13,0.012134064119487621,0.010749059069316927,0.0029812525874933393,4.070122796837566,1
repeated_split,split_325,8,8,extra_trees,missing+label_flip,independent,0.30+0.30,extra_trees | missing+label_flip | independent | 0.30+0.30,18,0.012346609882987716,0.015484650412583269,0.0036497671036802336,3.382848694794263,1
repeated_split,split_326,8,7,extra_trees,numeric_outlier+label_flip,independent,0.30+0.30,extra_trees | numeric_outlier+label_flip | independent | 0.30+0.30,13,0.0167778166284163,0.017295981775009867,0.00479704224225298,3.4975336428424746,1
repeated_split,split_327,8,5,extra_trees,numeric_outlier+label_flip,independent,0.30+0.30,extra_trees | numeric_outlier+label_flip | independent | 0.30+0.30,15,0.015167311500011316,0.01668331278536617,0.004307612838486163,3.5210479838159294,1
repeated_split,split_328,8,6,extra_trees,numeric_outlier+label_flip,independent,0.30+0.30,extra_trees | numeric_outlier+label_flip | independent | 0.30+0.30,14,0.020316608123194618,0.02218656758936071,0.005929609607706487,3.426297761119028,1
repeated_split,split_329,8,6,extra_trees,numeric_outlier+label_flip,independent,0.30+0.30,extra_trees | numeric_outlier+label_flip | independent | 0.30+0.30,14,0.011398239758558675,0.011910661441283854,0.0031832581687959494,3.5806834237607563,1
repeated_split,split_330,8,5,extra_trees,numeric_outlier+label_flip,independent,0.30+0.30,extra_trees | numeric_outlier+label_flip | independent | 0.30+0.30,15,0.017327082223286674,0.022690928335723164,0.005858772503616119,2.9574594699814933,1
repeated_split,split_331,8,6,extra_trees,numeric_outlier+label_flip,independent,0.30+0.30,extra_trees | numeric_outlier+label_flip | independent | 0.30+0.30,14,0.01961266879934096,0.02248557389604318,0.006009522404570091,3.2635985822144566,1
repeated_split,split_332,8,6,extra_trees,numeric_outlier+label_flip,independent,0.30+0.30,extra_trees | numeric_outlier+label_flip | independent | 0.30+0.30,14,0.013922441724285662,0.017409981959335515,0.004653013400124913,2.992134457191098,1
repeated_split,split_333,8,6,extra_trees,numeric_outlier+label_flip,independent,0.30+0.30,extra_trees | numeric_outlier+label_flip | independent | 0.30+0.30,14,0.019132197348510883,0.022651299839728165,0.006053814526096449,3.160354065364386,1
repeated_split,split_334,8,7,extra_trees,numeric_outlier+label_flip,independent,0.30+0.30,extra_trees | numeric_outlier+label_flip | independent | 0.30+0.30,13,0.012410518373893502,0.017770228809510482,0.0049285747038013425,2.5180745184447417,1
repeated_split,split_335,8,5,extra_trees,numeric_outlier+label_flip,independent,0.30+0.30,extra_trees | numeric_outlier+label_flip | independent | 0.30+0.30,15,0.016921562592288223,0.022326973346709036,0.005764799729534731,2.9353253167831967,1
repeated_split,split_336,8,6,extra_trees,numeric_outlier+label_flip,independent,0.30+0.30,extra_trees | numeric_outlier+label_flip | independent | 0.30+0.30,14,0.020288041774216108,0.02246835601822388,0.006004920733161009,3.378569455909607,1
repeated_split,split_337,8,5,extra_trees,numeric_outlier+label_flip,independent,0.30+0.30,extra_trees | numeric_outlier+label_flip | independent | 0.30+0.30,15,0.014262858758730951,0.01694059353584483,0.004374042442613069,3.2607956931963984,1
repeated_split,split_338,8,6,extra_trees,numeric_outlier+label_flip,independent,0.30+0.30,extra_trees | numeric_outlier+label_flip | independent | 0.30+0.30,14,0.015468887322737901,0.01666470877229283,0.004453830762591855,3.473164596343118,1
repeated_split,split_339,8,5,extra_trees,numeric_outlier+label_flip,independent,0.30+0.30,extra_trees | numeric_outlier+label_flip | independent | 0.30+0.30,15,0.019040102122511535,0.022143213370954016,0.00571735310781482,3.330230224277452,1
repeated_split,split_340,8,5,extra_trees,numeric_outlier+label_flip,independent,0.30+0.30,extra_trees | numeric_outlier+label_flip | independent | 0.30+0.30,15,0.015876512835066584,0.018845451061434773,0.004865874540846918,3.262828234018388,1
repeated_split,split_341,8,5,extra_trees,numeric_outlier+label_flip,independent,0.30+0.30,extra_trees | numeric_outlier+label_flip | independent | 0.30+0.30,15,0.017985151974714526,0.022481534261986066,0.005804707186257565,3.098373681500029,1
repeated_split,split_342,8,7,hist_gradient_boosting,numeric_outlier+label_flip,shared_latent,0.30+0.30,hist_gradient_boosting | numeric_outlier+label_flip | shared_latent | 0.30+0.30,13,0.018378529589213162,0.025300246236113603,0.007017025775859415,2.619133829099016,1
repeated_split,split_343,8,4,extra_trees,numeric_outlier+label_flip,independent,0.30+0.30,extra_trees | numeric_outlier+label_flip | independent | 0.30+0.30,16,0.01497557483193392,0.015961634707730075,0.003990408676932519,3.7528925091065726,1
repeated_split,split_344,8,3,regularized_logistic,categorical_inconsistency+missing,shared_latent,0.30+0.30,regularized_logistic | categorical_inconsistency+missing | shared_latent | 0.30+0.30,14,-0.006266206248563787,0.008976356788239362,0.002399032263073873,2.611972479492591,-1
repeated_split,split_345,8,6,extra_trees,numeric_outlier+label_flip,independent,0.30+0.30,extra_trees | numeric_outlier+label_flip | independent | 0.30+0.30,14,0.018522687325915745,0.022671675739738936,0.006059260214438411,3.0569222430452228,1
repeated_split,split_346,8,7,extra_trees,numeric_outlier+label_flip,independent,0.30+0.30,extra_trees | numeric_outlier+label_flip | independent | 0.30+0.30,13,0.008766383959585938,0.008336164690695964,0.002312036094847439,3.7916293690753964,1
repeated_split,split_347,8,6,extra_trees,numeric_outlier+label_flip,independent,0.30+0.30,extra_trees | numeric_outlier+label_flip | independent | 0.30+0.30,14,0.018925597339848776,0.02259483389077638,0.006038723366453832,3.134039463536911,1
repeated_split,split_348,8,5,extra_trees,numeric_outlier+label_flip,independent,0.30+0.30,extra_trees | numeric_outlier+label_flip | independent | 0.30+0.30,15,0.01236021040754834,0.016509520799454457,0.0042627399406768044,2.899592886162763,1
repeated_split,split_349,8,6,hist_gradient_boosting,numeric_outlier+label_flip,shared_latent,0.30+0.30,hist_gradient_boosting | numeric_outlier+label_flip | shared_latent | 0.30+0.30,14,0.024189034215698207,0.03203315195456004,0.008561219973745121,2.8254190746037646,1
repeated_split,split_350,8,6,extra_trees,numeric_outlier+label_flip,independent,0.30+0.30,extra_trees | numeric_outlier+label_flip | independent | 0.30+0.30,14,0.014829030063873065,0.016635054401733226,0.004445905298687964,3.3354354327451095,1
repeated_split,split_351,8,7,extra_trees,numeric_outlier+label_flip,independent,0.30+0.30,extra_trees | numeric_outlier+label_flip | independent | 0.30+0.30,13,0.014975071750399057,0.01739684270457072,0.004825016030962412,3.1036315018029246,1
repeated_split,split_352,8,8,hist_gradient_boosting,missing+label_flip,independent,0.10+0.10,hist_gradient_boosting | missing+label_flip | independent | 0.10+0.10,18,0.006352807269843585,0.008525928351852731,0.002009580584501904,3.1612602743264446,1
repeated_split,split_353,8,5,extra_trees,numeric_outlier+label_flip,independent,0.30+0.30,extra_trees | numeric_outlier+label_flip | independent | 0.30+0.30,15,0.016347940502701067,0.02149180773506978,0.005549160895854467,2.9460202739686085,1
repeated_split,split_354,8,7,extra_trees,numeric_outlier+label_flip,independent,0.30+0.30,extra_trees | numeric_outlier+label_flip | independent | 0.30+0.30,13,0.018391840341561008,0.022887881883589194,0.006347956286003396,2.897285285677402,1
repeated_split,split_355,8,4,extra_trees,numeric_outlier+label_flip,independent,0.30+0.30,extra_trees | numeric_outlier+label_flip | independent | 0.30+0.30,16,0.011377013113653054,0.011183303127162725,0.0027958257817906813,4.069285428209429,1
repeated_split,split_356,8,7,extra_trees,numeric_outlier+label_flip,independent,0.30+0.30,extra_trees | numeric_outlier+label_flip | independent | 0.30+0.30,13,0.0209773136183258,0.023115929508254543,0.00641120531707868,3.2719765755192336,1
repeated_split,split_357,8,7,extra_trees,numeric_outlier+label_flip,shared_latent,0.30+0.30,extra_trees | numeric_outlier+label_flip | shared_latent | 0.30+0.30,13,0.011508868715094177,0.014101131869603682,0.003910950307533498,2.9427294672921644,1
repeated_split,split_358,8,4,extra_trees,numeric_outlier+label_flip,independent,0.30+0.30,extra_trees | numeric_outlier+label_flip | independent | 0.30+0.30,16,0.017255442853984053,0.021614526262896717,0.005403631565724179,3.1933048439936575,1
repeated_split,split_359,8,6,extra_trees,numeric_outlier+label_flip,independent,0.30+0.30,extra_trees | numeric_outlier+label_flip | independent | 0.30+0.30,14,0.01727303037347437,0.023075880627893473,0.006167288514833665,2.8007495241918696,1
repeated_split,split_360,8,8,extra_trees,numeric_outlier+label_flip,independent,0.30+0.30,extra_trees | numeric_outlier+label_flip | independent | 0.30+0.30,12,0.014670099309553278,0.020907845176636426,0.0060355750204530295,2.43060508068246,1
repeated_split,split_361,8,6,extra_trees,numeric_outlier+label_flip,independent,0.30+0.30,extra_trees | numeric_outlier+label_flip | independent | 0.30+0.30,14,0.014906517435349667,0.019612756331446955,0.005241729614468278,2.8438165513544496,1
repeated_split,split_362,8,6,extra_trees,numeric_outlier+label_flip,independent,0.30+0.30,extra_trees | numeric_outlier+label_flip | independent | 0.30+0.30,14,0.017647228704093847,0.02316873812080302,0.006192105723709545,2.849955974834649,1
repeated_split,split_363,8,6,extra_trees,numeric_outlier+label_flip,independent,0.30+0.30,extra_trees | numeric_outlier+label_flip | independent | 0.30+0.30,14,0.015393905701417316,0.017073054313388368,0.00456296569903445,3.373662375913708,1
repeated_split,split_364,8,7,extra_trees,numeric_outlier+label_flip,independent,0.30+0.30,extra_trees | numeric_outlier+label_flip | independent | 0.30+0.30,13,0.009450476524427997,0.007921408307788294,0.0021970033713551635,4.301530278762713,1
repeated_split,split_365,8,6,extra_trees,numeric_outlier+label_flip,independent,0.30+0.30,extra_trees | numeric_outlier+label_flip | independent | 0.30+0.30,14,0.01811454078417704,0.02273132440304604,0.006075201990272284,2.9817182726076186,1
repeated_split,split_366,8,6,extra_trees,numeric_outlier+label_flip,independent,0.30+0.30,extra_trees | numeric_outlier+label_flip | independent | 0.30+0.30,14,0.013303449731955996,0.01748943178454859,0.004674247259081085,2.8461159614759737,1
repeated_split,split_367,8,7,extra_trees,numeric_outlier+label_flip,independent,0.30+0.30,extra_trees | numeric_outlier+label_flip | independent | 0.30+0.30,13,0.021051532258017966,0.022724493902606776,0.006302640613447501,3.3401130651653834,1
repeated_split,split_368,8,5,extra_trees,numeric_outlier+label_flip,independent,0.30+0.30,extra_trees | numeric_outlier+label_flip | independent | 0.30+0.30,15,0.019396502441161406,0.02191704922501355,0.005658957776432377,3.4275750425177587,1
repeated_split,split_369,8,7,hist_gradient_boosting,numeric_outlier+label_flip,independent,0.10+0.10,hist_gradient_boosting | numeric_outlier+label_flip | independent | 0.10+0.10,13,0.008877463268456925,0.011340426549181782,0.0031452684160544666,2.8224819297276773,1
repeated_split,split_370,8,6,extra_trees,numeric_outlier+label_flip,independent,0.30+0.30,extra_trees | numeric_outlier+label_flip | independent | 0.30+0.30,14,0.018218908642613718,0.023051451088011113,0.006160759445665356,2.957250449931517,1
repeated_split,split_371,8,6,hist_gradient_boosting,numeric_outlier+label_flip,shared_latent,0.30+0.30,hist_gradient_boosting | numeric_outlier+label_flip | shared_latent | 0.30+0.30,14,0.02495050556039135,0.03129379794303809,0.008363619302412832,2.9832187069051965,1
repeated_split,split_372,8,5,extra_trees,numeric_outlier+label_flip,independent,0.30+0.30,extra_trees | numeric_outlier+label_flip | independent | 0.30+0.30,15,0.013544340013971,0.017222617462426138,0.004446860707338498,3.04582061489339,1
repeated_split,split_373,8,7,extra_trees,numeric_outlier+label_flip,independent,0.30+0.30,extra_trees | numeric_outlier+label_flip | independent | 0.30+0.30,13,0.011999179651804661,0.0177724449629739,0.004929189354181854,2.4343109565520606,1
repeated_split,split_374,8,5,extra_trees,numeric_outlier+label_flip,independent,0.10+0.10,extra_trees | numeric_outlier+label_flip | independent | 0.10+0.10,15,0.00729043811177633,0.007998887293466001,0.002065303818385596,3.5299591502596024,1
repeated_split,split_375,8,8,extra_trees,missing+label_flip,independent,0.30+0.30,extra_trees | missing+label_flip | independent | 0.30+0.30,18,0.009159082256610817,0.011172559701287344,0.0026333975759972768,3.478047652239613,1
repeated_split,split_376,8,7,extra_trees,numeric_outlier+label_flip,independent,0.30+0.30,extra_trees | numeric_outlier+label_flip | independent | 0.30+0.30,13,0.018007798601576894,0.02395965560043494,0.006645212831525086,2.7098904215900155,1
repeated_split,split_377,8,7,extra_trees,numeric_outlier+label_flip,independent,0.30+0.30,extra_trees | numeric_outlier+label_flip | independent | 0.30+0.30,13,0.010391134402506504,0.011142235889491963,0.0030903002171444914,3.3624999748756292,1
repeated_split,split_378,8,8,hist_gradient_boosting,missing+label_flip,independent,0.10+0.10,hist_gradient_boosting | missing+label_flip | independent | 0.10+0.10,18,0.007199278463095686,0.009493656804047991,0.0022376763681333806,3.21730102065705,1
repeated_split,split_379,8,7,extra_trees,numeric_outlier+label_flip,independent,0.10+0.10,extra_trees | numeric_outlier+label_flip | independent | 0.10+0.10,13,0.007946930329257166,0.008489247912342733,0.0023544937413905653,3.3752182855936175,1
repeated_split,split_380,8,8,extra_trees,numeric_outlier+label_flip,independent,0.30+0.30,extra_trees | numeric_outlier+label_flip | independent | 0.30+0.30,12,0.01951484546283073,0.024501969955910263,0.007073109474860457,2.759019287371589,1
repeated_split,split_381,8,8,extra_trees,numeric_outlier+label_flip,independent,0.30+0.30,extra_trees | numeric_outlier+label_flip | independent | 0.30+0.30,12,0.013580357468564723,0.01643020016410274,0.004742990243792076,2.8632480293079983,1
repeated_split,split_382,8,8,hist_gradient_boosting,missing+label_flip,independent,0.10+0.10,hist_gradient_boosting | missing+label_flip | independent | 0.10+0.10,18,0.007371493498413855,0.009899360833129579,0.0023333017248394787,3.159254296150226,1
repeated_split,split_383,8,6,extra_trees,numeric_outlier+label_flip,independent,0.30+0.30,extra_trees | numeric_outlier+label_flip | independent | 0.30+0.30,14,0.015995467116298092,0.022823886553515818,0.006099940265560921,2.6222334022851657,1
repeated_split,split_384,8,6,extra_trees,numeric_outlier+label_flip,independent,0.30+0.30,extra_trees | numeric_outlier+label_flip | independent | 0.30+0.30,14,0.018410934139980083,0.0232941963440767,0.006225635844269795,2.9572777143600346,1
repeated_split,split_385,8,8,regularized_logistic,numeric_outlier+label_flip,independent,0.30+0.30,regularized_logistic | numeric_outlier+label_flip | independent | 0.30+0.30,12,0.01170594807479696,0.012721377094435367,0.0036723452449674994,3.1875946551698893,1
repeated_split,split_386,8,8,extra_trees,missing+label_flip,independent,0.30+0.30,extra_trees | missing+label_flip | independent | 0.30+0.30,18,0.009089983504343983,0.01107969730185318,0.002611509698544893,3.4807389416967625,1
repeated_split,split_387,8,7,extra_trees,numeric_outlier+label_flip,independent,0.30+0.30,extra_trees | numeric_outlier+label_flip | independent | 0.30+0.30,13,0.020119120831948722,0.02340162251215893,0.006490442299741649,3.099807363320919,1
repeated_split,split_388,8,7,extra_trees,numeric_outlier+label_flip,independent,0.30+0.30,extra_trees | numeric_outlier+label_flip | independent | 0.30+0.30,13,0.01551227804106753,0.020224718993345166,0.005609327797104341,2.7654433119553667,1
repeated_split,split_389,8,6,extra_trees,numeric_outlier+label_flip,independent,0.30+0.30,extra_trees | numeric_outlier+label_flip | independent | 0.30+0.30,14,0.02032486369350601,0.022405857761771057,0.005988217371524066,3.3941426024641976,1
repeated_split,split_390,8,8,extra_trees,numeric_outlier+label_flip,independent,0.30+0.30,extra_trees | numeric_outlier+label_flip | independent | 0.30+0.30,12,0.015342330690750665,0.01625035098229141,0.004691072257025923,3.270538130759362,1
repeated_split,split_391,8,7,extra_trees,numeric_outlier+label_flip,independent,0.30+0.30,extra_trees | numeric_outlier+label_flip | independent | 0.30+0.30,13,0.013321713321548594,0.015932030241032978,0.0044187501504836385,3.014814793294098,1
repeated_split,split_392,8,5,extra_trees,numeric_outlier+label_flip,independent,0.30+0.30,extra_trees | numeric_outlier+label_flip | independent | 0.30+0.30,15,0.014427212393280108,0.016538161763608613,0.004270135005822696,3.378631442239499,1
repeated_split,split_393,8,6,hist_gradient_boosting,numeric_outlier+label_flip,shared_latent,0.30+0.30,hist_gradient_boosting | numeric_outlier+label_flip | shared_latent | 0.30+0.30,14,0.023834529932741235,0.03165732959715151,0.008460777223765661,2.817061518390049,1
repeated_split,split_394,8,8,extra_trees,missing+label_flip,shared_latent,0.30+0.30,extra_trees | missing+label_flip | shared_latent | 0.30+0.30,18,0.01610528667036199,0.02005004895932954,0.004725841860754733,3.4079190850854926,1
repeated_split,split_395,8,6,extra_trees,numeric_outlier+label_flip,independent,0.30+0.30,extra_trees | numeric_outlier+label_flip | independent | 0.30+0.30,14,0.0150842023290696,0.022512488488620183,0.006016715632007788,2.5070492361022514,1
repeated_split,split_396,8,8,extra_trees,missing+label_flip,independent,0.30+0.30,extra_trees | missing+label_flip | independent | 0.30+0.30,18,0.01166723049702505,0.015312052664792658,0.0036090854243868114,3.232738803628437,1
repeated_split,split_397,8,7,extra_trees,numeric_outlier+label_flip,shared_latent,0.30+0.30,extra_trees | numeric_outlier+label_flip | shared_latent | 0.30+0.30,13,0.012113845690693313,0.013171402136332963,0.0036530896747926484,3.3160548382598636,1
repeated_split,split_398,8,8,extra_trees,missing+label_flip,independent,0.30+0.30,extra_trees | missing+label_flip | independent | 0.30+0.30,18,0.009573771572674916,0.009839196338918775,0.0023191208175584394,4.12819008832586,1
repeated_split,split_399,8,7,extra_trees,numeric_outlier+label_flip,independent,0.30+0.30,extra_trees | numeric_outlier+label_flip | independent | 0.30+0.30,13,0.014695352336790079,0.023466123963025953,0.006508331783468024,2.2579291937940393,1
repeated_split,split_400,8,8,extra_trees,numeric_outlier+label_flip,independent,0.30+0.30,extra_trees | numeric_outlier+label_flip | independent | 0.30+0.30,12,0.017407693023944876,0.01762407307747818,0.0050876316677498324,3.4215710100027708,1
repeated_split,split_401,8,6,extra_trees,numeric_outlier+label_flip,independent,0.30+0.30,extra_trees | numeric_outlier+label_flip | independent | 0.30+0.30,14,0.01849966132419648,0.022949854699865675,0.00613360666879579,3.0161147140901545,1
repeated_split,split_402,8,5,extra_trees,numeric_outlier+label_flip,independent,0.30+0.30,extra_trees | numeric_outlier+label_flip | independent | 0.30+0.30,15,0.013458898463340703,0.019666636135932006,0.005077903615359043,2.650483247187248,1
repeated_split,split_403,8,8,extra_trees,numeric_outlier+label_flip,independent,0.30+0.30,extra_trees | numeric_outlier+label_flip | independent | 0.30+0.30,12,0.014013676523092494,0.011726662201701665,0.003385195789424133,4.139694539049515,1
repeated_split,split_404,8,4,extra_trees,numeric_outlier+label_flip,shared_latent,0.30+0.30,extra_trees | numeric_outlier+label_flip | shared_latent | 0.30+0.30,16,0.010348193889326462,0.01348781356775406,0.003371953391938515,3.0689018163970974,1
repeated_split,split_405,8,7,extra_trees,numeric_outlier+label_flip,independent,0.30+0.30,extra_trees | numeric_outlier+label_flip | independent | 0.30+0.30,13,0.016501258191815756,0.020320428482940828,0.005635872833434006,2.9278975377024854,1
repeated_split,split_406,8,6,extra_trees,numeric_outlier+label_flip,independent,0.30+0.30,extra_trees | numeric_outlier+label_flip | independent | 0.30+0.30,14,0.011285989010026717,0.011959840325496735,0.0031964017784665514,3.5308418003199464,1
repeated_split,split_407,8,3,extra_trees,numeric_outlier+label_flip,independent,0.30+0.30,extra_trees | numeric_outlier+label_flip | independent | 0.30+0.30,17,0.016855076403052192,0.021586750840589232,0.005235556107625896,3.219347869942943,1
repeated_split,split_408,8,6,extra_trees,numeric_outlier+label_flip,independent,0.30+0.30,extra_trees | numeric_outlier+label_flip | independent | 0.30+0.30,14,0.015355922535490202,0.019932287443570406,0.00532712789632405,2.8825894242348595,1
repeated_split,split_409,8,8,extra_trees,missing+label_flip,independent,0.30+0.30,extra_trees | missing+label_flip | independent | 0.30+0.30,18,0.011403174906854309,0.015345218666081576,0.0036169027258588903,3.152745807988642,1
repeated_split,split_410,8,5,extra_trees,numeric_outlier+label_flip,independent,0.30+0.30,extra_trees | numeric_outlier+label_flip | independent | 0.30+0.30,15,0.017979195001051346,0.022409280995027214,0.0057860514729481845,3.10733409218884,1
repeated_split,split_411,8,6,hist_gradient_boosting,numeric_outlier+label_flip,shared_latent,0.30+0.30,hist_gradient_boosting | numeric_outlier+label_flip | shared_latent | 0.30+0.30,14,0.017699918463268266,0.024413053973498612,0.006524663123832286,2.712771238505284,1
repeated_split,split_412,8,8,regularized_logistic,missing+label_flip,shared_latent,0.10+0.10,regularized_logistic | missing+label_flip | shared_latent | 0.10+0.10,18,-0.005310439239010551,0.008231527871947784,0.001940189725926783,2.7370721368364523,-1
repeated_split,split_413,8,6,extra_trees,numeric_outlier+label_flip,independent,0.30+0.30,extra_trees | numeric_outlier+label_flip | independent | 0.30+0.30,14,0.01745903969940511,0.021982881668746776,0.005875172255603131,2.9716643086940104,1
repeated_split,split_414,8,5,extra_trees,numeric_outlier+label_flip,independent,0.30+0.30,extra_trees | numeric_outlier+label_flip | independent | 0.30+0.30,15,0.020400896637364278,0.021252072638124574,0.0054872615599897865,3.717864806393929,1
repeated_split,split_415,8,5,extra_trees,numeric_outlier+label_flip,independent,0.30+0.30,extra_trees | numeric_outlier+label_flip | independent | 0.30+0.30,15,0.01906618465922964,0.021668307914962683,0.005594733046342989,3.4078810376291857,1
repeated_split,split_416,8,4,extra_trees,numeric_outlier+label_flip,independent,0.30+0.30,extra_trees | numeric_outlier+label_flip | independent | 0.30+0.30,16,0.017432604664483972,0.02147055694140907,0.005367639235352268,3.2477228629058383,1
repeated_split,split_417,8,6,hist_gradient_boosting,numeric_outlier+label_flip,shared_latent,0.30+0.30,hist_gradient_boosting | numeric_outlier+label_flip | shared_latent | 0.30+0.30,14,0.024755983584581892,0.03137855847986767,0.008386272508751067,2.951965078495726,1
repeated_split,split_418,8,6,extra_trees,numeric_outlier+label_flip,independent,0.30+0.30,extra_trees | numeric_outlier+label_flip | independent | 0.30+0.30,14,0.013863104002529634,0.017239787239292537,0.00460752694787929,3.008794991185112,1
repeated_split,split_419,8,4,extra_trees,numeric_outlier+label_flip,shared_latent,0.30+0.30,extra_trees | numeric_outlier+label_flip | shared_latent | 0.30+0.30,16,0.012172343656932448,0.013944575285187553,0.0034861438212968883,3.491635537975076,1
repeated_split,split_420,8,6,extra_trees,numeric_outlier+label_flip,independent,0.30+0.30,extra_trees | numeric_outlier+label_flip | independent | 0.30+0.30,14,0.013922570673059975,0.016839571444227132,0.0045005647774571415,3.0935163388374445,1
repeated_split,split_421,8,6,extra_trees,numeric_outlier+label_flip,independent,0.30+0.30,extra_trees | numeric_outlier+label_flip | independent | 0.30+0.30,14,0.014676994902595565,0.016818164299670084,0.004494843477417026,3.2652961057121703,1
repeated_split,split_422,8,7,extra_trees,numeric_outlier+label_flip,independent,0.30+0.30,extra_trees | numeric_outlier+label_flip | independent | 0.30+0.30,13,0.021548345641171293,0.022766906840698136,0.006314403845988384,3.412570080524896,1
repeated_split,split_423,8,6,extra_trees,numeric_outlier+label_flip,independent,0.30+0.30,extra_trees | numeric_outlier+label_flip | independent | 0.30+0.30,14,0.014337756168522004,0.01678248418197495,0.004485307564850243,3.1966049064019355,1
repeated_split,split_424,8,5,extra_trees,numeric_outlier+label_flip,independent,0.30+0.30,extra_trees | numeric_outlier+label_flip | independent | 0.30+0.30,15,0.012311355900785982,0.016536861858794962,0.004269799371843034,2.8833569984511604,1
repeated_split,split_425,8,7,extra_trees,numeric_outlier+label_flip,independent,0.30+0.30,extra_trees | numeric_outlier+label_flip | independent | 0.30+0.30,13,0.017902785766729042,0.0228035106863074,0.006324555926159412,2.8306787030975804,1
repeated_split,split_426,8,7,extra_trees,numeric_outlier+label_flip,independent,0.30+0.30,extra_trees | numeric_outlier+label_flip | independent | 0.30+0.30,13,0.01984866986211512,0.023013080282557857,0.006382680074240897,3.1097704461516122,1
repeated_split,split_427,8,5,extra_trees,numeric_outlier+label_flip,independent,0.30+0.30,extra_trees | numeric_outlier+label_flip | independent | 0.30+0.30,15,0.010711559189466913,0.011711984153213372,0.003024021305096038,3.5421573159606865,1
repeated_split,split_428,8,5,extra_trees,numeric_outlier+label_flip,independent,0.30+0.30,extra_trees | numeric_outlier+label_flip | independent | 0.30+0.30,15,0.012147069947139091,0.01567521934797928,0.004047324232191469,3.0012594124592593,1
repeated_split,split_429,8,7,extra_trees,numeric_outlier+label_flip,independent,0.30+0.30,extra_trees | numeric_outlier+label_flip | independent | 0.30+0.30,13,0.019173333658095103,0.023854698879738945,0.006616103074742473,2.89797988959557,1
repeated_split,split_430,8,7,hist_gradient_boosting,numeric_outlier+label_flip,shared_latent,0.10+0.10,hist_gradient_boosting | numeric_outlier+label_flip | shared_latent | 0.10+0.10,13,-0.009624201729042402,0.009956876967680868,0.002761540803881521,3.4850840210345524,-1
repeated_split,split_431,8,6,extra_trees,numeric_outlier+label_flip,independent,0.30+0.30,extra_trees | numeric_outlier+label_flip | independent | 0.30+0.30,14,0.01722105283539677,0.023271068589638795,0.006219454691896074,2.768900761964829,1
repeated_split,split_432,8,7,extra_trees,numeric_outlier+label_flip,independent,0.30+0.30,extra_trees | numeric_outlier+label_flip | independent | 0.30+0.30,13,0.014211974704489637,0.017915539656701226,0.004968876681526522,2.860198716005059,1
repeated_split,split_433,8,7,extra_trees,numeric_outlier+label_flip,independent,0.30+0.30,extra_trees | numeric_outlier+label_flip | independent | 0.30+0.30,13,0.02044669952534471,0.02304792338772257,0.006392343812876879,3.19862324741614,1
repeated_split,split_434,8,5,extra_trees,numeric_outlier+label_flip,independent,0.30+0.30,extra_trees | numeric_outlier+label_flip | independent | 0.30+0.30,15,0.013728073308015535,0.01695389548221484,0.004377476990397282,3.1360697813215985,1
repeated_split,split_435,8,5,extra_trees,numeric_outlier+label_flip,independent,0.30+0.30,extra_trees | numeric_outlier+label_flip | independent | 0.30+0.30,15,0.014135877751034632,0.0170436864126754,0.004400660908951563,3.2122169927431283,1
repeated_split,split_436,8,7,extra_trees,numeric_outlier+label_flip,independent,0.30+0.30,extra_trees | numeric_outlier+label_flip | independent | 0.30+0.30,13,0.02256175025682381,0.022220232114831436,0.006162783557133568,3.6609674910143566,1
repeated_split,split_437,8,6,extra_trees,numeric_outlier+label_flip,independent,0.30+0.30,extra_trees | numeric_outlier+label_flip | independent | 0.30+0.30,14,0.013588009897383443,0.017260134071097607,0.004612964867416496,2.9456131334018694,1
repeated_split,split_438,8,8,extra_trees,numeric_outlier+label_flip,shared_latent,0.30+0.30,extra_trees | numeric_outlier+label_flip | shared_latent | 0.30+0.30,12,0.010460218145639142,0.01415975464128848,0.0040875690769034785,2.5590315292147277,1
repeated_split,split_439,8,6,extra_trees,numeric_outlier+label_flip,independent,0.30+0.30,extra_trees | numeric_outlier+label_flip | independent | 0.30+0.30,14,0.013760372323280468,0.015775228182236933,0.00421610707543652,3.2637625366418783,1
repeated_split,split_440,8,8,extra_trees,numeric_outlier+label_flip,shared_latent,0.30+0.30,extra_trees | numeric_outlier+label_flip | shared_latent | 0.30+0.30,12,0.011107340025805467,0.013884596228354222,0.004008137685014786,2.7711972239208373,1
repeated_split,split_441,8,6,extra_trees,numeric_outlier+label_flip,independent,0.30+0.30,extra_trees | numeric_outlier+label_flip | independent | 0.30+0.30,14,0.017702768022560617,0.023124949349373036,0.006180402682275348,2.8643389326928532,1
repeated_split,split_442,8,6,hist_gradient_boosting,numeric_outlier+label_flip,shared_latent,0.30+0.30,hist_gradient_boosting | numeric_outlier+label_flip | shared_latent | 0.30+0.30,14,0.023658737977486913,0.032128178165085716,0.008586616796784444,2.755303810267479,1
repeated_split,split_443,8,6,extra_trees,numeric_outlier+label_flip,independent,0.30+0.30,extra_trees | numeric_outlier+label_flip | independent | 0.30+0.30,14,0.012276675615308022,0.015636442996974826,0.0041790151744643235,2.9376958691904433,1
repeated_split,split_444,8,6,extra_trees,numeric_outlier+label_flip,independent,0.30+0.30,extra_trees | numeric_outlier+label_flip | independent | 0.30+0.30,14,0.013302469133102165,0.01674380617621533,0.004474970432996231,2.972638441366294,1
repeated_split,split_445,8,8,extra_trees,numeric_outlier+label_flip,independent,0.30+0.30,extra_trees | numeric_outlier+label_flip | independent | 0.30+0.30,12,0.017589364122307032,0.020957956406689512,0.006050040886533316,2.9073132648506395,1
repeated_split,split_446,8,5,extra_trees,numeric_outlier+label_flip,independent,0.30+0.30,extra_trees | numeric_outlier+label_flip | independent | 0.30+0.30,15,0.019224099129543308,0.022033748102611384,0.005689089297062877,3.3791171355788334,1
repeated_split,split_447,8,8,hist_gradient_boosting,missing+label_flip,independent,0.10+0.10,hist_gradient_boosting | missing+label_flip | independent | 0.10+0.10,18,0.006578534641360985,0.00792462153301412,0.0018678512081104063,3.5219800232461216,1
repeated_split,split_448,8,6,extra_trees,numeric_outlier+label_flip,independent,0.30+0.30,extra_trees | numeric_outlier+label_flip | independent | 0.30+0.30,14,0.016041040616613652,0.016922871075662014,0.004522827540405275,3.546684120344829,1
repeated_split,split_449,8,8,extra_trees,numeric_outlier+label_flip,independent,0.30+0.30,extra_trees | numeric_outlier+label_flip | independent | 0.30+0.30,12,0.010766447501803037,0.01269300906623176,0.0036641561006076338,2.9383157284204175,1
repeated_split,split_450,8,7,extra_trees,numeric_outlier+label_flip,shared_latent,0.30+0.30,extra_trees | numeric_outlier+label_flip | shared_latent | 0.30+0.30,13,0.013745473029988105,0.014802006298936991,0.004105337899273713,3.348195292869767,1
repeated_split,split_451,8,7,extra_trees,numeric_outlier+label_flip,independent,0.30+0.30,extra_trees | numeric_outlier+label_flip | independent | 0.30+0.30,13,0.016341187017337097,0.023018810334768495,0.006384269304783708,2.5596017707293,1
repeated_split,split_452,8,7,hist_gradient_boosting,numeric_outlier+label_flip,shared_latent,0.30+0.30,hist_gradient_boosting | numeric_outlier+label_flip | shared_latent | 0.30+0.30,13,0.025131700186075467,0.03290612556199405,0.009126517153125064,2.75370108491715,1
repeated_split,split_453,8,6,extra_trees,numeric_outlier+label_flip,independent,0.30+0.30,extra_trees | numeric_outlier+label_flip | independent | 0.30+0.30,14,0.016310867220599018,0.019855591974243046,0.005306630169942563,3.073677022564314,1
repeated_split,split_454,8,6,extra_trees,numeric_outlier+label_flip,shared_latent,0.30+0.30,extra_trees | numeric_outlier+label_flip | shared_latent | 0.30+0.30,14,0.010147288696788577,0.012200887098699629,0.003260824238431739,3.111878456125809,1
repeated_split,split_455,8,7,extra_trees,numeric_outlier+label_flip,shared_latent,0.30+0.30,extra_trees | numeric_outlier+label_flip | shared_latent | 0.30+0.30,13,0.008962332181092984,0.012741347648649735,0.003533814020439935,2.53616407916601,1
repeated_split,split_456,8,7,extra_trees,numeric_outlier+label_flip,independent,0.30+0.30,extra_trees | numeric_outlier+label_flip | independent | 0.30+0.30,13,0.014725137670614173,0.020136584999806632,0.005584883825349373,2.6366059046345542,1
repeated_split,split_457,8,5,extra_trees,numeric_outlier+label_flip,independent,0.30+0.30,extra_trees | numeric_outlier+label_flip | independent | 0.30+0.30,15,0.019063359786416455,0.0221878769817732,0.005728885202540433,3.3275862776867906,1
repeated_split,split_458,8,7,extra_trees,numeric_outlier+label_flip,independent,0.30+0.30,extra_trees | numeric_outlier+label_flip | independent | 0.30+0.30,13,0.01772458515928739,0.020216473192526736,0.005607040823438333,3.1611300358641534,1
repeated_split,split_459,8,5,extra_trees,numeric_outlier+label_flip,independent,0.30+0.30,extra_trees | numeric_outlier+label_flip | independent | 0.30+0.30,15,0.011756263135705382,0.01587789353305056,0.004099654481757284,2.867622915057504,1
repeated_split,split_460,8,7,hist_gradient_boosting,numeric_outlier+label_flip,shared_latent,0.30+0.30,hist_gradient_boosting | numeric_outlier+label_flip | shared_latent | 0.30+0.30,13,0.021276830030708623,0.024017267004300836,0.006661191360039697,3.194147845436139,1
repeated_split,split_461,8,5,extra_trees,numeric_outlier+label_flip,independent,0.30+0.30,extra_trees | numeric_outlier+label_flip | independent | 0.30+0.30,15,0.018831301091662766,0.021762577689421487,0.005619073397444967,3.3513178703494946,1
repeated_split,split_462,8,6,extra_trees,numeric_outlier+label_flip,independent,0.30+0.30,extra_trees | numeric_outlier+label_flip | independent | 0.30+0.30,14,0.01699262972322332,0.022216605641991405,0.005937637614957197,2.861850255128077,1
repeated_split,split_463,8,5,extra_trees,numeric_outlier+label_flip,independent,0.30+0.30,extra_trees | numeric_outlier+label_flip | independent | 0.30+0.30,15,0.014368136710895178,0.019532168030363988,0.005043184099794976,2.849020861935081,1
repeated_split,split_464,8,6,hist_gradient_boosting,numeric_outlier+label_flip,shared_latent,0.30+0.30,hist_gradient_boosting | numeric_outlier+label_flip | shared_latent | 0.30+0.30,14,0.022104485857733547,0.02957803171732268,0.007905061490096739,2.796244644703332,1
repeated_split,split_465,8,6,hist_gradient_boosting,numeric_outlier+label_flip,shared_latent,0.30+0.30,hist_gradient_boosting | numeric_outlier+label_flip | shared_latent | 0.30+0.30,14,0.026780430892084546,0.029689654748842064,0.007934894000126638,3.375020623042619,1
repeated_split,split_466,8,6,extra_trees,numeric_outlier+label_flip,independent,0.30+0.30,extra_trees | numeric_outlier+label_flip | independent | 0.30+0.30,14,0.015725318493411803,0.0160008647356914,0.0042764109809335996,3.6772233921209203,1
repeated_split,split_467,8,6,extra_trees,numeric_outlier+label_flip,independent,0.30+0.30,extra_trees | numeric_outlier+label_flip | independent | 0.30+0.30,14,0.018101138781775078,0.022871464157075246,0.006112655914975431,2.9612559636195117,1
repeated_split,split_468,8,5,extra_trees,numeric_outlier+label_flip,independent,0.30+0.30,extra_trees | numeric_outlier+label_flip | independent | 0.30+0.30,15,0.01706176782064783,0.02179190067717988,0.0056266445603282535,3.0323166209831567,1
repeated_split,split_469,8,6,extra_trees,numeric_outlier+label_flip,independent,0.30+0.30,extra_trees | numeric_outlier+label_flip | independent | 0.30+0.30,14,0.01516106419021965,0.016618171508353388,0.004441393155636193,3.413583004013062,1
repeated_split,split_470,8,4,hist_gradient_boosting,numeric_outlier+label_flip,shared_latent,0.30+0.30,hist_gradient_boosting | numeric_outlier+label_flip | shared_latent | 0.30+0.30,16,0.023137645895167223,0.02954548937601974,0.007386372344004935,3.132477597605356,1
repeated_split,split_471,8,6,extra_trees,numeric_outlier+label_flip,independent,0.30+0.30,extra_trees | numeric_outlier+label_flip | independent | 0.30+0.30,14,0.017532047537702166,0.022239375481405782,0.0059437231105172305,2.9496743390821423,1
repeated_split,split_472,8,5,extra_trees,numeric_outlier+label_flip,independent,0.30+0.30,extra_trees | numeric_outlier+label_flip | independent | 0.30+0.30,15,0.018582930416788858,0.021922740933927112,0.005660427369354622,3.2829553678925842,1
repeated_split,split_473,8,4,extra_trees,numeric_outlier+label_flip,independent,0.30+0.30,extra_trees | numeric_outlier+label_flip | independent | 0.30+0.30,16,0.013014624218112461,0.014807955905447305,0.0037019889763618263,3.5155761676261763,1
repeated_split,split_474,8,7,hist_gradient_boosting,numeric_outlier+label_flip,shared_latent,0.30+0.30,hist_gradient_boosting | numeric_outlier+label_flip | shared_latent | 0.30+0.30,13,0.02123699912784784,0.02374247733889676,0.006584978419379544,3.2250673844803353,1
repeated_split,split_475,8,7,extra_trees,numeric_outlier+label_flip,independent,0.30+0.30,extra_trees | numeric_outlier+label_flip | independent | 0.30+0.30,13,0.021428377527196195,0.02289694156553141,0.006350468989678939,3.3742984277259733,1
repeated_split,split_476,8,4,extra_trees,numeric_outlier+label_flip,independent,0.30+0.30,extra_trees | numeric_outlier+label_flip | independent | 0.30+0.30,16,0.015746946832878563,0.020919680490111024,0.005229920122527756,3.0109344815896835,1
repeated_split,split_477,8,6,extra_trees,numeric_outlier+label_flip,independent,0.30+0.30,extra_trees | numeric_outlier+label_flip | independent | 0.30+0.30,14,0.01997148853340921,0.022106441000244878,0.005908194875989183,3.3803029440638537,1
repeated_split,split_478,8,7,extra_trees,numeric_outlier+label_flip,independent,0.30+0.30,extra_trees | numeric_outlier+label_flip | independent | 0.30+0.30,13,0.015166284590795833,0.017276932983343606,0.004791759058015416,3.165076625759475,1
repeated_split,split_479,8,7,extra_trees,numeric_outlier+label_flip,independent,0.30+0.30,extra_trees | numeric_outlier+label_flip | independent | 0.30+0.30,13,0.02120449774408132,0.0227909153591752,0.006321062610943536,3.35457802733521,1
repeated_split,split_480,8,7,extra_trees,numeric_outlier+label_flip,independent,0.30+0.30,extra_trees | numeric_outlier+label_flip | independent | 0.30+0.30,13,0.010768795992544728,0.008938274239546198,0.0024790312372955934,4.343953327628314,1
repeated_split,split_481,8,7,extra_trees,numeric_outlier+label_flip,shared_latent,0.30+0.30,extra_trees | numeric_outlier+label_flip | shared_latent | 0.30+0.30,13,0.010026119366503565,0.012027994032531996,0.003335965325020692,3.0054627040949162,1
repeated_split,split_482,8,7,extra_trees,numeric_outlier+label_flip,independent,0.30+0.30,extra_trees | numeric_outlier+label_flip | independent | 0.30+0.30,13,0.017428691283576988,0.019967694960234157,0.0055380421563037035,3.1470853402115573,1
repeated_split,split_483,8,6,extra_trees,numeric_outlier+label_flip,independent,0.30+0.30,extra_trees | numeric_outlier+label_flip | independent | 0.30+0.30,14,0.015107566347215216,0.017268256957862785,0.0046151358002212714,3.273482515182086,1
repeated_split,split_484,8,8,extra_trees,missing+label_flip,independent,0.30+0.30,extra_trees | missing+label_flip | independent | 0.30+0.30,18,0.011039302141085776,0.016171085490189092,0.003811561403086698,2.8962676902294877,1
repeated_split,split_485,8,6,hist_gradient_boosting,numeric_outlier+label_flip,shared_latent,0.30+0.30,hist_gradient_boosting | numeric_outlier+label_flip | shared_latent | 0.30+0.30,14,0.02118752859939854,0.022597706964986242,0.0060394912278352655,3.508164479442879,1
repeated_split,split_486,8,4,extra_trees,numeric_outlier+label_flip,independent,0.30+0.30,extra_trees | numeric_outlier+label_flip | independent | 0.30+0.30,16,0.018637119589313456,0.02139064843961291,0.0053476621099032276,3.4850967032490234,1
repeated_split,split_487,8,7,extra_trees,numeric_outlier+label_flip,independent,0.30+0.30,extra_trees | numeric_outlier+label_flip | independent | 0.30+0.30,13,0.020174101502041013,0.02304448479928413,0.006391390120036108,3.1564497117455006,1
repeated_split,split_488,8,5,extra_trees,numeric_outlier+label_flip,independent,0.30+0.30,extra_trees | numeric_outlier+label_flip | independent | 0.30+0.30,15,0.018317405005621464,0.022241003578535583,0.005742602430840525,3.189739360546401,1
repeated_split,split_489,8,6,extra_trees,numeric_outlier+label_flip,independent,0.30+0.30,extra_trees | numeric_outlier+label_flip | independent | 0.30+0.30,14,0.013757770848502392,0.016912030352509645,0.004519930235272344,3.043801592586623,1
repeated_split,split_490,8,6,extra_trees,numeric_outlier+label_flip,shared_latent,0.30+0.30,extra_trees | numeric_outlier+label_flip | shared_latent | 0.30+0.30,14,0.013183290940066506,0.014360904343528401,0.00383811312983693,3.4348364662785813,1
repeated_split,split_491,8,7,extra_trees,numeric_outlier+label_flip,shared_latent,0.30+0.30,extra_trees | numeric_outlier+label_flip | shared_latent | 0.30+0.30,13,0.013337422445809414,0.015240679270565834,0.004227003890994325,3.155289843528398,1
repeated_split,split_492,8,6,extra_trees,numeric_outlier+label_flip,shared_latent,0.30+0.30,extra_trees | numeric_outlier+label_flip | shared_latent | 0.30+0.30,14,0.011147245861993588,0.01282280081847315,0.0034270376715407856,3.2527351404870375,1
repeated_split,split_493,8,7,extra_trees,numeric_outlier+label_flip,independent,0.30+0.30,extra_trees | numeric_outlier+label_flip | independent | 0.30+0.30,13,0.014268443363389725,0.0176449484715346,0.00489382818977215,2.915599569516977,1
repeated_split,split_494,8,7,extra_trees,numeric_outlier+label_flip,independent,0.30+0.30,extra_trees | numeric_outlier+label_flip | independent | 0.30+0.30,13,0.0146319114455875,0.020733822929220894,0.0057505278236689925,2.544446682852835,1
repeated_split,split_495,8,5,extra_trees,numeric_outlier+label_flip,independent,0.30+0.30,extra_trees | numeric_outlier+label_flip | independent | 0.30+0.30,15,0.016571289806625644,0.022638966263043882,0.0058453559541413675,2.8349496483417878,1
repeated_split,split_496,8,7,extra_trees,numeric_outlier+label_flip,shared_latent,0.30+0.30,extra_trees | numeric_outlier+label_flip | shared_latent | 0.30+0.30,13,0.013983123885393663,0.01456172484585138,0.004038695814685777,3.462286967626353,1
repeated_split,split_497,8,8,regularized_logistic,missing+label_flip,shared_latent,0.10+0.10,regularized_logistic | missing+label_flip | shared_latent | 0.10+0.10,18,-0.004844448708039802,0.00792434329276402,0.0018677856262545246,2.5936856135649715,-1
repeated_split,split_498,8,8,extra_trees,numeric_outlier+label_flip,independent,0.30+0.30,extra_trees | numeric_outlier+label_flip | independent | 0.30+0.30,12,0.009611378699801582,0.011381703813401138,0.003285614880251869,2.9252907142497455,1
repeated_split,split_499,8,7,hist_gradient_boosting,numeric_outlier+label_flip,independent,0.10+0.10,hist_gradient_boosting | numeric_outlier+label_flip | independent | 0.10+0.10,13,0.00974301416019453,0.01139364837197466,0.0031600294938278033,3.083203552126545,1
repeated_split,split_500,8,7,extra_trees,numeric_outlier+label_flip,independent,0.30+0.30,extra_trees | numeric_outlier+label_flip | independent | 0.30+0.30,13,0.01065981905429342,0.011986650224864507,0.0033244986159077644,3.206444124622601,1
