repetition,model,defect_pair,process,severity,candidate_key,training_n,training_mean,training_sd,training_se,selection_score,direction,holdout_n,holdout_mean,holdout_positive_proportion,selection_optimism
1,extra_trees,numeric_outlier+label_flip,independent,0.30+0.30,extra_trees | numeric_outlier+label_flip | independent | 0.30+0.30,16,0.015235701259203581,0.0211562229327885,0.005289055733197125,2.8806089456716526,1,4,0.019053778545758467,1.0,-0.0038180772865548853
2,extra_trees,numeric_outlier+label_flip,independent,0.30+0.30,extra_trees | numeric_outlier+label_flip | independent | 0.30+0.30,14,0.0145739523285382,0.01687385260511629,0.004509726803090577,3.231670778493826,1,6,0.019325166955126056,0.8333333333333334,-0.004751214626587856
3,extra_trees,numeric_outlier+label_flip,shared_latent,0.30+0.30,extra_trees | numeric_outlier+label_flip | shared_latent | 0.30+0.30,13,0.010477156152023295,0.011547473296949315,0.0032026928518616893,3.271358396398531,1,7,-0.0023893532727503023,0.42857142857142855,0.012866509424773596
4,extra_trees,numeric_outlier+label_flip,independent,0.30+0.30,extra_trees | numeric_outlier+label_flip | independent | 0.30+0.30,13,0.014349783591788779,0.017587401388880118,0.004877867500751834,2.94181496106178,1,7,0.019062735376719576,0.8571428571428571,-0.004712951784930797
5,extra_trees,numeric_outlier+label_flip,independent,0.30+0.30,extra_trees | numeric_outlier+label_flip | independent | 0.30+0.30,16,0.014868247846915641,0.01605776731308233,0.004014441828270583,3.7036899481791385,1,4,0.020523592194910224,0.75,-0.0056553443479945825
6,extra_trees,numeric_outlier+label_flip,independent,0.30+0.30,extra_trees | numeric_outlier+label_flip | independent | 0.30+0.30,14,0.013672869729734862,0.020103757846473204,0.005372955289155075,2.544757771822998,1,6,0.02142769301900052,1.0,-0.007754823289265659
7,extra_trees,numeric_outlier+label_flip,independent,0.30+0.30,extra_trees | numeric_outlier+label_flip | independent | 0.30+0.30,14,0.015948410113871696,0.020078387705424496,0.005366174833750904,2.972025811302893,1,6,0.01611809878934791,1.0,-0.00016968867547621433
8,extra_trees,numeric_outlier+label_flip,independent,0.30+0.30,extra_trees | numeric_outlier+label_flip | independent | 0.30+0.30,16,0.018017103239512056,0.021843795540557025,0.005460948885139256,3.299262384334259,1,4,0.007928170624524574,1.0,0.010088932614987481
9,extra_trees,numeric_outlier+label_flip,independent,0.30+0.30,extra_trees | numeric_outlier+label_flip | independent | 0.30+0.30,14,0.016252598243003444,0.019602022449255182,0.005238860863783163,3.1023153058634354,1,6,0.015408326488040492,0.8333333333333334,0.0008442717549629521
10,extra_trees,numeric_outlier+label_flip,independent,0.30+0.30,extra_trees | numeric_outlier+label_flip | independent | 0.30+0.30,14,0.013173568135457519,0.015459102714369642,0.004131618990294162,3.1884760347951615,1,6,0.022592730072314316,0.8333333333333334,-0.009419161936856798
11,extra_trees,numeric_outlier+label_flip,shared_latent,0.30+0.30,extra_trees | numeric_outlier+label_flip | shared_latent | 0.30+0.30,12,0.013099404303024946,0.013109384452483505,0.0037843533212758235,3.461464401164511,1,8,-0.004714411821156079,0.5,0.017813816124181023
12,extra_trees,numeric_outlier+label_flip,independent,0.30+0.30,extra_trees | numeric_outlier+label_flip | independent | 0.30+0.30,14,0.009336010193211853,0.009484952691812827,0.002534960235894489,3.6829020278172284,1,6,0.031547031937554204,1.0,-0.02221102174434235
13,extra_trees,numeric_outlier+label_flip,independent,0.30+0.30,extra_trees | numeric_outlier+label_flip | independent | 0.30+0.30,14,0.02022973641972315,0.022428571820444682,0.005994287959054051,3.3748356031456943,1,6,0.006128337409027851,0.6666666666666666,0.0141013990106953
14,extra_trees,numeric_outlier+label_flip,independent,0.30+0.30,extra_trees | numeric_outlier+label_flip | independent | 0.30+0.30,14,0.019069207019096136,0.02265657270937824,0.00605522375978757,3.1492159126692822,1,6,0.00883623934382421,0.8333333333333334,0.010232967675271926
15,extra_trees,numeric_outlier+label_flip,shared_latent,0.30+0.30,extra_trees | numeric_outlier+label_flip | shared_latent | 0.30+0.30,13,0.013901317722840716,0.014733070873979886,0.004086218652398425,3.4020004569949465,1,7,-0.008748510475696938,0.5714285714285714,0.022649828198537655
16,extra_trees,numeric_outlier+label_flip,independent,0.30+0.30,extra_trees | numeric_outlier+label_flip | independent | 0.30+0.30,13,0.018428972549295788,0.02377977135718737,0.006595321919011459,2.794249132278598,1,7,0.011487098741349415,0.8571428571428571,0.0069418738079463724
17,hist_gradient_boosting,numeric_outlier+label_flip,shared_latent,0.30+0.30,hist_gradient_boosting | numeric_outlier+label_flip | shared_latent | 0.30+0.30,15,0.02381418169916103,0.030546380173335108,0.00788704144654982,3.019406181715772,1,5,0.0012850575999648745,0.4,0.022529124099196156
18,extra_trees,numeric_outlier+label_flip,independent,0.30+0.30,extra_trees | numeric_outlier+label_flip | independent | 0.30+0.30,15,0.010798813855643017,0.015496531375124356,0.004001187195989157,2.698902432375044,1,5,0.03160082529912918,1.0,-0.02080201144348616
19,extra_trees,numeric_outlier+label_flip,independent,0.30+0.30,extra_trees | numeric_outlier+label_flip | independent | 0.30+0.30,13,0.019971120971653895,0.023056576002129063,0.006394743616331451,3.12305264602789,1,7,0.008623108814112932,1.0,0.011348012157540962
20,hist_gradient_boosting,numeric_outlier+label_flip,shared_latent,0.30+0.30,hist_gradient_boosting | numeric_outlier+label_flip | shared_latent | 0.30+0.30,13,0.026549276384031,0.03154837367700111,0.008749944534609685,3.034222248954553,1,7,0.002642488642119547,0.42857142857142855,0.023906787741911455
21,hist_gradient_boosting,numeric_outlier+label_flip,shared_latent,0.30+0.30,hist_gradient_boosting | numeric_outlier+label_flip | shared_latent | 0.30+0.30,14,0.025909245663209145,0.030523936921304857,0.00815786528964444,3.1759835132480343,1,6,0.0001514290337186385,0.5,0.025757816629490508
22,extra_trees,numeric_outlier+label_flip,independent,0.30+0.30,extra_trees | numeric_outlier+label_flip | independent | 0.30+0.30,14,0.017644711135439556,0.022075647939690503,0.005899965084383137,2.990646704358315,1,6,0.012160063072356238,1.0,0.005484648063083318
23,extra_trees,missing+label_flip,independent,0.30+0.30,extra_trees | missing+label_flip | independent | 0.30+0.30,18,0.00795624854978249,0.011275036440478024,0.0026575515750624818,2.9938265824983774,1,8,0.004340499275167231,0.625,0.003615749274615258
24,extra_trees,numeric_outlier+label_flip,independent,0.30+0.30,extra_trees | numeric_outlier+label_flip | independent | 0.30+0.30,15,0.015114157000149963,0.019462107209066885,0.00502509447352129,3.0077358902983673,1,5,0.018654795865608347,1.0,-0.0035406388654583842
25,hist_gradient_boosting,numeric_outlier+label_flip,independent,0.10+0.10,hist_gradient_boosting | numeric_outlier+label_flip | independent | 0.10+0.10,13,0.0071879340353088,0.009573211844395045,0.0026551312442958095,2.7071859633120225,1,7,0.012462590423031803,0.42857142857142855,-0.005274656387723003
26,extra_trees,numeric_outlier+label_flip,independent,0.30+0.30,extra_trees | numeric_outlier+label_flip | independent | 0.30+0.30,14,0.01297151547586437,0.016875811494862683,0.004510250338396968,2.8760078715441555,1,6,0.023064186278031664,0.8333333333333334,-0.010092670802167294
27,extra_trees,numeric_outlier+label_flip,independent,0.30+0.30,extra_trees | numeric_outlier+label_flip | independent | 0.30+0.30,12,0.009780001263771284,0.009448663378381192,0.00272759417249527,3.585577855529842,1,8,0.025328289895629467,0.875,-0.015548288631858182
28,extra_trees,numeric_outlier+label_flip,independent,0.30+0.30,extra_trees | numeric_outlier+label_flip | independent | 0.30+0.30,14,0.018918173550796356,0.02260033061454094,0.006040192427673598,3.1320481553073236,1,6,0.009188650769857034,0.6666666666666666,0.009729522780939323
29,extra_trees,numeric_outlier+label_flip,independent,0.30+0.30,extra_trees | numeric_outlier+label_flip | independent | 0.30+0.30,15,0.013502590190806655,0.016918571250037817,0.004368356312868004,3.091000189483548,1,5,0.023489496293638272,1.0,-0.009986906102831617
30,extra_trees,numeric_outlier+label_flip,independent,0.30+0.30,extra_trees | numeric_outlier+label_flip | independent | 0.30+0.30,14,0.012901329490469729,0.015978644796873345,0.0042704724524898685,3.0210543760673834,1,6,0.023227953577285822,0.8333333333333334,-0.010326624086816094
31,extra_trees,numeric_outlier+label_flip,independent,0.30+0.30,extra_trees | numeric_outlier+label_flip | independent | 0.30+0.30,14,0.01913579434042671,0.0228037309699708,0.0060945534592712096,3.1398189331355835,1,6,0.008680868927386206,1.0,0.010454925413040503
32,extra_trees,numeric_outlier+label_flip,shared_latent,0.30+0.30,extra_trees | numeric_outlier+label_flip | shared_latent | 0.30+0.30,14,0.009341064461704063,0.012866336655045258,0.003438673113290744,2.7164735216034663,1,6,-0.001882890899467693,0.6666666666666666,0.011223955361171756
33,extra_trees,missing+label_flip,independent,0.30+0.30,extra_trees | missing+label_flip | independent | 0.30+0.30,18,0.008094492873100417,0.010999547521820743,0.0025926182142210438,3.122130681910842,1,8,0.004029449547701899,0.5,0.004065043325398518
34,extra_trees,numeric_outlier+label_flip,independent,0.30+0.30,extra_trees | numeric_outlier+label_flip | independent | 0.30+0.30,13,0.017932658765962096,0.024179264558215025,0.006706121397511802,2.6740730897916225,1,7,0.012408824338969133,1.0,0.005523834426992964
35,hist_gradient_boosting,numeric_outlier+label_flip,shared_latent,0.30+0.30,hist_gradient_boosting | numeric_outlier+label_flip | shared_latent | 0.30+0.30,14,0.02214831103584115,0.029580110185412643,0.007905616984059737,2.8015917139040836,1,6,0.008926943164243964,0.5,0.013221367871597186
36,extra_trees,numeric_outlier+label_flip,independent,0.30+0.30,extra_trees | numeric_outlier+label_flip | independent | 0.30+0.30,13,0.02130888318597856,0.02272949836220799,0.006304028600808898,3.3802009056945463,1,7,0.006138693273224265,0.8571428571428571,0.015170189912754295
37,extra_trees,numeric_outlier+label_flip,independent,0.30+0.30,extra_trees | numeric_outlier+label_flip | independent | 0.30+0.30,13,0.01890513869753147,0.02324712942291559,0.006447593626282288,2.93212317545395,1,7,0.0106027901803403,0.8571428571428571,0.008302348517191168
38,extra_trees,numeric_outlier+label_flip,shared_latent,0.30+0.30,extra_trees | numeric_outlier+label_flip | shared_latent | 0.30+0.30,15,0.01145405107263697,0.014462895921566049,0.0037343036694770983,3.067252180442208,1,5,-0.010466641804500758,0.6,0.02192069287713773
39,extra_trees,numeric_outlier+label_flip,independent,0.30+0.30,extra_trees | numeric_outlier+label_flip | independent | 0.30+0.30,14,0.0175092073484097,0.0223862469479154,0.00598297616105809,2.926504615273813,1,6,0.012476238575425902,0.8333333333333334,0.005032968772983797
40,extra_trees,numeric_outlier+label_flip,independent,0.30+0.30,extra_trees | numeric_outlier+label_flip | independent | 0.30+0.30,14,0.01783568923539,0.022853826441825285,0.006107942037293228,2.9200816128395997,1,6,0.011714447505805192,0.8333333333333334,0.006121241729584809
41,extra_trees,numeric_outlier+label_flip,independent,0.30+0.30,extra_trees | numeric_outlier+label_flip | independent | 0.30+0.30,14,0.015621735363392522,0.01718836645736689,0.004593784165841734,3.4006245830076134,1,6,0.016880339873799315,1.0,-0.0012586045104067932
42,extra_trees,numeric_outlier+label_flip,independent,0.30+0.30,extra_trees | numeric_outlier+label_flip | independent | 0.30+0.30,12,0.01177039578992102,0.016607730326224292,0.004794238787237153,2.4551125449268913,1,8,0.02234269810640487,0.875,-0.010572302316483848
43,regularized_logistic,missing+label_flip,shared_latent,0.10+0.10,regularized_logistic | missing+label_flip | shared_latent | 0.10+0.10,18,-0.005495236230085566,0.008018024865812993,0.0018898665847795753,2.9077376542569553,-1,8,-0.00324145281463926,0.5,0.008736689044724825
44,extra_trees,numeric_outlier+label_flip,independent,0.30+0.30,extra_trees | numeric_outlier+label_flip | independent | 0.30+0.30,14,0.01615695894490295,0.022604301663635286,0.006041253735186247,2.6744380642050363,1,6,0.015631484850274983,1.0,0.0005254740946279667
45,extra_trees,numeric_outlier+label_flip,independent,0.30+0.30,extra_trees | numeric_outlier+label_flip | independent | 0.30+0.30,15,0.01328195719067798,0.016236661496189794,0.004192287971516684,3.1681881781305306,1,5,0.02415139529402429,0.8,-0.01086943810334631
46,extra_trees,numeric_outlier+label_flip,shared_latent,0.30+0.30,extra_trees | numeric_outlier+label_flip | shared_latent | 0.30+0.30,14,0.009903427992781632,0.013161925312661074,0.003517672505020373,2.815335418134462,1,6,-0.003195072471982023,0.5,0.013098500464763655
47,extra_trees,numeric_outlier+label_flip,independent,0.30+0.30,extra_trees | numeric_outlier+label_flip | independent | 0.30+0.30,13,0.017270382126757248,0.019953223193802088,0.005534028410463906,3.120761377751855,1,7,0.013638766668920993,0.7142857142857143,0.0036316154578362545
48,extra_trees,numeric_outlier+label_flip,independent,0.30+0.30,extra_trees | numeric_outlier+label_flip | independent | 0.30+0.30,13,0.02173221419093859,0.022866287951457072,0.006341967206807915,3.4267307733174177,1,7,0.005352507121155641,0.8571428571428571,0.01637970706978295
49,extra_trees,numeric_outlier+label_flip,independent,0.30+0.30,extra_trees | numeric_outlier+label_flip | independent | 0.30+0.30,14,0.02048299238789211,0.02230588672456374,0.0059614989879647655,3.435879537888663,1,6,0.005537406816633602,0.8333333333333334,0.014945585571258507
50,extra_trees,numeric_outlier+label_flip,independent,0.30+0.30,extra_trees | numeric_outlier+label_flip | independent | 0.30+0.30,14,0.018508835850193004,0.022877383134316965,0.006114237828183904,3.027169758571631,1,6,0.010143772071264852,0.8333333333333334,0.008365063778928152
51,extra_trees,numeric_outlier+label_flip,independent,0.30+0.30,extra_trees | numeric_outlier+label_flip | independent | 0.30+0.30,14,0.01508857242777478,0.01726038211529436,0.004613031160016569,3.2708585536024404,1,6,0.018124386723574044,0.8333333333333334,-0.003035814295799263
52,extra_trees,numeric_outlier+label_flip,independent,0.30+0.30,extra_trees | numeric_outlier+label_flip | independent | 0.30+0.30,15,0.018474858425245884,0.02084698133714138,0.005382667435829693,3.432286806773181,1,5,0.008572691590320574,0.6,0.00990216683492531
53,extra_trees,numeric_outlier+label_flip,independent,0.30+0.30,extra_trees | numeric_outlier+label_flip | independent | 0.30+0.30,14,0.01306495147517174,0.01727842615983287,0.0046178536337690545,2.8292259805792574,1,6,0.02284616894631446,1.0,-0.00978121747114272
54,extra_trees,numeric_outlier+label_flip,independent,0.30+0.30,extra_trees | numeric_outlier+label_flip | independent | 0.30+0.30,14,0.013493606832239238,0.016996247316031925,0.004542438165533402,2.970564780523486,1,6,0.021845973113156978,1.0,-0.00835236628091774
55,extra_trees,numeric_outlier+label_flip,shared_latent,0.30+0.30,extra_trees | numeric_outlier+label_flip | shared_latent | 0.30+0.30,13,0.013263362553484493,0.01386159758398566,0.003844515449916004,3.449943881425753,1,7,-0.007563736589749668,0.5714285714285714,0.020827099143234162
56,extra_trees,numeric_outlier+label_flip,independent,0.30+0.30,extra_trees | numeric_outlier+label_flip | independent | 0.30+0.30,14,0.01665782733984913,0.019636870412020058,0.005248174373589822,3.1740232229469454,1,6,0.014462791928733886,0.8333333333333334,0.0021950354111152457
57,extra_trees,numeric_outlier+label_flip,independent,0.30+0.30,extra_trees | numeric_outlier+label_flip | independent | 0.30+0.30,13,0.015309771405704229,0.015580677285917938,0.004321302373910325,3.542860480705147,1,7,0.017279900865162314,0.8571428571428571,-0.0019701294594580854
58,extra_trees,numeric_outlier+label_flip,independent,0.30+0.30,extra_trees | numeric_outlier+label_flip | independent | 0.30+0.30,16,0.01730087566298192,0.021682138461148016,0.005420534615287004,3.19172865609786,1,4,0.010793080930645108,0.75,0.006507794732336812
59,regularized_logistic,missing+label_flip,shared_latent,0.10+0.10,regularized_logistic | missing+label_flip | shared_latent | 0.10+0.10,18,-0.005266426786679362,0.006981867676631066,0.001645641993164331,3.20022629986051,-1,8,-0.002726631566975303,0.375,0.007993058353654665
60,extra_trees,numeric_outlier+label_flip,independent,0.30+0.30,extra_trees | numeric_outlier+label_flip | independent | 0.30+0.30,12,0.007456495556376901,0.008778344745281597,0.0025340898508638336,2.9424748115522,1,8,0.028813548456721044,1.0,-0.021357052900344144
61,extra_trees,numeric_outlier+label_flip,independent,0.30+0.30,extra_trees | numeric_outlier+label_flip | independent | 0.30+0.30,13,0.02209623073421837,0.02237435151444514,0.006205528587737486,3.5607330498616845,1,7,0.004676476397921763,0.7142857142857143,0.017419754336296608
62,extra_trees,numeric_outlier+label_flip,independent,0.30+0.30,extra_trees | numeric_outlier+label_flip | independent | 0.30+0.30,13,0.010030534748491136,0.011137500113196048,0.00308898674912418,3.247192546661164,1,7,0.02708419751427234,1.0,-0.017053662765781206
63,extra_trees,numeric_outlier+label_flip,independent,0.30+0.30,extra_trees | numeric_outlier+label_flip | independent | 0.30+0.30,13,0.015470013849584229,0.01726452005240641,0.00478831633040212,3.230783595344685,1,7,0.01698230775509946,1.0,-0.0015122939055152319
64,extra_trees,numeric_outlier+label_flip,independent,0.30+0.30,extra_trees | numeric_outlier+label_flip | independent | 0.30+0.30,15,0.01705968470491294,0.02180837622661506,0.005630898528900392,3.029655856406344,1,5,0.012818212751319415,1.0,0.004241471953593524
65,extra_trees,numeric_outlier+label_flip,independent,0.30+0.30,extra_trees | numeric_outlier+label_flip | independent | 0.30+0.30,14,0.0143772535459915,0.017187067655236293,0.004593437046371311,3.129955499738292,1,6,0.019784130781068363,1.0,-0.005406877235076863
66,extra_trees,numeric_outlier+label_flip,shared_latent,0.30+0.30,extra_trees | numeric_outlier+label_flip | shared_latent | 0.30+0.30,13,0.011882211930290333,0.014190203415265112,0.003935654309461738,3.0191198199811944,1,7,-0.004998742575246233,0.7142857142857143,0.016880954505536568
67,extra_trees,numeric_outlier+label_flip,independent,0.30+0.30,extra_trees | numeric_outlier+label_flip | independent | 0.30+0.30,15,0.01697412195319359,0.022585516282820038,0.0058315552285905636,2.910736722508257,1,5,0.013074901006477475,1.0,0.0038992209467161136
68,extra_trees,numeric_outlier+label_flip,independent,0.30+0.30,extra_trees | numeric_outlier+label_flip | independent | 0.30+0.30,12,0.02318886045766808,0.023043306791621334,0.0066520296895808545,3.4859827059985977,1,8,0.005215001104784275,0.75,0.017973859352883804
69,extra_trees,numeric_outlier+label_flip,independent,0.30+0.30,extra_trees | numeric_outlier+label_flip | independent | 0.30+0.30,13,0.01572941936454856,0.02033002258013758,0.005638533757232828,2.7896293685165316,1,7,0.016500554655879986,0.8571428571428571,-0.0007711352913314269
70,extra_trees,numeric_outlier+label_flip,independent,0.30+0.30,extra_trees | numeric_outlier+label_flip | independent | 0.30+0.30,13,0.012064851451387667,0.01245163827540009,0.0034534630973450018,3.4935515774478785,1,7,0.023306180780321643,1.0,-0.011241329328933977
71,extra_trees,numeric_outlier+label_flip,independent,0.30+0.30,extra_trees | numeric_outlier+label_flip | independent | 0.30+0.30,12,0.018511514266785392,0.02330927174844246,0.006728807159288697,2.7510840820027673,1,8,0.012231020391108311,0.875,0.006280493875677081
72,extra_trees,numeric_outlier+label_flip,independent,0.30+0.30,extra_trees | numeric_outlier+label_flip | independent | 0.30+0.30,15,0.0191082126467948,0.02212796700176837,0.005713416512218411,3.3444459380706775,1,5,0.006672628925673825,0.8,0.012435583721120975
73,extra_trees,numeric_outlier+label_flip,independent,0.30+0.30,extra_trees | numeric_outlier+label_flip | independent | 0.30+0.30,16,0.018869557670440677,0.02133499474467026,0.005333748686167565,3.537766546702248,1,4,0.004518352900810077,0.75,0.0143512047696306
74,extra_trees,numeric_outlier+label_flip,independent,0.30+0.30,extra_trees | numeric_outlier+label_flip | independent | 0.30+0.30,13,0.01583943402705249,0.01697031280392515,0.0047067179211703995,3.3652821971353166,1,7,0.01629624171122982,0.7142857142857143,-0.0004568076841773294
75,extra_trees,numeric_outlier+label_flip,independent,0.30+0.30,extra_trees | numeric_outlier+label_flip | independent | 0.30+0.30,13,0.009314185114465974,0.011294925338653304,0.0031326486508501503,2.9732619749547253,1,7,0.02841456112031907,0.8571428571428571,-0.019100376005853095
76,extra_trees,numeric_outlier+label_flip,independent,0.30+0.30,extra_trees | numeric_outlier+label_flip | independent | 0.30+0.30,13,0.013531205313692072,0.017429106769343512,0.004833964472492658,2.799194199851998,1,7,0.020582952178899182,1.0,-0.00705174686520711
77,extra_trees,numeric_outlier+label_flip,independent,0.30+0.30,extra_trees | numeric_outlier+label_flip | independent | 0.30+0.30,14,0.014523382475215242,0.017470831723773898,0.004669276183738794,3.1104140992546823,1,6,0.019443163279546302,1.0,-0.00491978080433106
78,hist_gradient_boosting,numeric_outlier+label_flip,shared_latent,0.30+0.30,hist_gradient_boosting | numeric_outlier+label_flip | shared_latent | 0.30+0.30,14,0.027270197072941076,0.02946515382965939,0.007874893605655396,3.4629289535234915,1,6,-0.0030241242556558715,0.16666666666666666,0.030294321328596947
79,hist_gradient_boosting,numeric_outlier+label_flip,shared_latent,0.30+0.30,hist_gradient_boosting | numeric_outlier+label_flip | shared_latent | 0.30+0.30,15,0.023267903789844623,0.0309575833580467,0.00799321365230285,2.9109573197935386,1,5,0.0029238913279141,0.4,0.020344012461930523
80,extra_trees,numeric_outlier+label_flip,independent,0.30+0.30,extra_trees | numeric_outlier+label_flip | independent | 0.30+0.30,15,0.014222922546800758,0.018219197918633964,0.004704176674675078,3.0234669168294257,1,5,0.021328499225655967,0.8,-0.007105576678855209
81,extra_trees,numeric_outlier+label_flip,independent,0.30+0.30,extra_trees | numeric_outlier+label_flip | independent | 0.30+0.30,14,0.015178209360138974,0.016804722010319247,0.004491250874470975,3.379506018337668,1,6,0.01791523388139092,0.8333333333333334,-0.002737024521251947
82,extra_trees,numeric_outlier+label_flip,independent,0.30+0.30,extra_trees | numeric_outlier+label_flip | independent | 0.30+0.30,13,0.020147023753498736,0.023136581630682437,0.00641693318526029,3.1396655024827895,1,7,0.008296432219258226,0.7142857142857143,0.01185059153424051
83,extra_trees,missing+label_flip,shared_latent,0.30+0.30,extra_trees | missing+label_flip | shared_latent | 0.30+0.30,18,0.014040549332624426,0.021136689093623443,0.004981965396644293,2.818275161461726,1,8,-0.00635164412193756,0.5,0.020392193454561985
84,extra_trees,numeric_outlier+label_flip,independent,0.30+0.30,extra_trees | numeric_outlier+label_flip | independent | 0.30+0.30,14,0.019102965187399384,0.0227971521375509,0.006092795192348333,3.13533683380494,1,6,0.00875747028444996,0.8333333333333334,0.010345494902949424
85,extra_trees,numeric_outlier+label_flip,shared_latent,0.30+0.30,extra_trees | numeric_outlier+label_flip | shared_latent | 0.30+0.30,14,0.008577249844465269,0.012280958279840548,0.003282224161744856,2.6132431612792515,1,6,-0.0001006567925771774,0.5,0.008677906637042446
86,extra_trees,numeric_outlier+label_flip,independent,0.30+0.30,extra_trees | numeric_outlier+label_flip | independent | 0.30+0.30,14,0.016465918808225143,0.019789762900703875,0.00528903660999454,3.1132170227579765,1,6,0.014910578502523204,1.0,0.0015553403057019383
87,extra_trees,numeric_outlier+label_flip,shared_latent,0.30+0.30,extra_trees | numeric_outlier+label_flip | shared_latent | 0.30+0.30,12,0.016259987763244447,0.013568374722275836,0.003916852399185834,4.151289378845188,1,8,-0.00945528701148533,0.375,0.025715274774729777
88,extra_trees,numeric_outlier+label_flip,independent,0.30+0.30,extra_trees | numeric_outlier+label_flip | independent | 0.30+0.30,15,0.015140694566070308,0.0193505843831194,0.004996299403680184,3.030381757129676,1,5,0.018575183167847308,1.0,-0.003434488601776999
89,extra_trees,numeric_outlier+label_flip,independent,0.30+0.30,extra_trees | numeric_outlier+label_flip | independent | 0.30+0.30,15,0.014716975937837332,0.016369066566021908,0.004226474813544232,3.4820924262165396,1,5,0.019846339052546246,0.8,-0.005129363114708914
90,extra_trees,numeric_outlier+label_flip,independent,0.30+0.30,extra_trees | numeric_outlier+label_flip | independent | 0.30+0.30,14,0.017496655892402794,0.02239203199731589,0.005984522280545389,2.923651224305955,1,6,0.012505525306108682,0.8333333333333334,0.004991130586294112
91,extra_trees,numeric_outlier+label_flip,independent,0.30+0.30,extra_trees | numeric_outlier+label_flip | independent | 0.30+0.30,13,0.020380510194557874,0.023007407383303178,0.006381106695076029,3.1938833134202977,1,7,0.007862814543005537,0.7142857142857143,0.012517695651552337
92,regularized_logistic,categorical_inconsistency+missing,independent,0.30+0.30,regularized_logistic | categorical_inconsistency+missing | independent | 0.30+0.30,13,-0.011448164990070776,0.017063516592368645,0.0047325680010396705,2.4190175371079286,-1,4,-0.0010051553254933714,0.25,0.012453320315564146
93,extra_trees,numeric_outlier+label_flip,independent,0.30+0.30,extra_trees | numeric_outlier+label_flip | independent | 0.30+0.30,14,0.019405939752629272,0.022583486968365513,0.006035690773878419,3.215197809108333,1,6,0.008050529632246882,0.8333333333333334,0.01135541012038239
94,extra_trees,numeric_outlier+label_flip,independent,0.30+0.30,extra_trees | numeric_outlier+label_flip | independent | 0.30+0.30,14,0.011653428679737511,0.01588787369094922,0.004246212853990823,2.7444287605094932,1,6,0.026139722135661004,1.0,-0.014486293455923492
95,extra_trees,numeric_outlier+label_flip,shared_latent,0.30+0.30,extra_trees | numeric_outlier+label_flip | shared_latent | 0.30+0.30,15,0.012728393336855518,0.01432280813659761,0.0036981331589311084,3.441842894736239,1,5,-0.014289668597156404,0.6,0.027018061934011923
96,hist_gradient_boosting,numeric_outlier+label_flip,shared_latent,0.30+0.30,hist_gradient_boosting | numeric_outlier+label_flip | shared_latent | 0.30+0.30,14,0.023910909553187892,0.03201228323160278,0.008555642572930438,2.794753211037665,1,6,0.004814213290434904,0.6666666666666666,0.01909669626275299
97,extra_trees,numeric_outlier+label_flip,shared_latent,0.30+0.30,extra_trees | numeric_outlier+label_flip | shared_latent | 0.30+0.30,14,0.011688630591537755,0.013970463213158174,0.0037337633484404924,3.1305226123717316,1,6,-0.0073605452024129705,0.6666666666666666,0.019049175793950726
98,extra_trees,numeric_outlier+label_flip,independent,0.30+0.30,extra_trees | numeric_outlier+label_flip | independent | 0.30+0.30,13,0.013798234231639069,0.02083025475498259,0.005777273200005178,2.388364502413821,1,7,0.020087041331283334,1.0,-0.0062888070996442655
99,extra_trees,numeric_outlier+label_flip,independent,0.10+0.10,extra_trees | numeric_outlier+label_flip | independent | 0.10+0.10,13,0.008100806953722022,0.008350188194842378,0.0023159255150983294,3.4978702470826564,1,7,-0.009844494962396755,0.14285714285714285,0.017945301916118775
100,extra_trees,numeric_outlier+label_flip,independent,0.30+0.30,extra_trees | numeric_outlier+label_flip | independent | 0.30+0.30,13,0.009145520562791335,0.008529252354404646,0.002365588977321377,3.8660649210274327,1,7,0.02872779528771483,0.7142857142857143,-0.019582274724923496
101,extra_trees,numeric_outlier+label_flip,independent,0.30+0.30,extra_trees | numeric_outlier+label_flip | independent | 0.30+0.30,13,0.010655379814091611,0.011604783583720232,0.0032185878655204654,3.3105760225590646,1,7,0.02592377096387146,1.0,-0.01526839114977985
102,extra_trees,numeric_outlier+label_flip,shared_latent,0.30+0.30,extra_trees | numeric_outlier+label_flip | shared_latent | 0.30+0.30,14,0.01070600962398977,0.013729648181513333,0.0036694028240119125,2.9176435887418974,1,6,-0.0050677629448010126,0.5,0.015773772568790784
103,extra_trees,numeric_outlier+label_flip,independent,0.30+0.30,extra_trees | numeric_outlier+label_flip | independent | 0.30+0.30,13,0.019290179920670787,0.022601676240486507,0.006268577122808482,3.077282059828642,1,7,0.00988771362308156,0.8571428571428571,0.009402466297589228
104,extra_trees,numeric_outlier+label_flip,shared_latent,0.30+0.30,extra_trees | numeric_outlier+label_flip | shared_latent | 0.30+0.30,14,0.009547171942105609,0.01268439889389961,0.003390048201296192,2.816234866057429,1,6,-0.002363808353737968,0.5,0.011910980295843577
105,extra_trees,numeric_outlier+label_flip,independent,0.30+0.30,extra_trees | numeric_outlier+label_flip | independent | 0.30+0.30,15,0.017551356968257884,0.022516887591294634,0.005813835376633904,3.0188947280477993,1,5,0.011343195961284589,1.0,0.0062081610069732954
106,extra_trees,numeric_outlier+label_flip,independent,0.30+0.30,extra_trees | numeric_outlier+label_flip | independent | 0.30+0.30,14,0.01948880686803342,0.022487640711178383,0.006010074784149929,3.242689578410951,1,6,0.007857173029637217,1.0,0.011631633838396204
107,extra_trees,numeric_outlier+label_flip,independent,0.30+0.30,extra_trees | numeric_outlier+label_flip | independent | 0.30+0.30,12,0.021606715243092905,0.02356478032783486,0.006802566132834927,3.1762594910765594,1,8,0.007588218926647038,0.75,0.014018496316445868
108,hist_gradient_boosting,numeric_outlier+label_flip,shared_latent,0.10+0.10,hist_gradient_boosting | numeric_outlier+label_flip | shared_latent | 0.10+0.10,12,-0.00992621241137908,0.010472492651586018,0.0030231482257397826,3.283402489783668,-1,8,-0.03486630491866353,0.5,0.04479251733004261
109,extra_trees,missing+label_flip,independent,0.30+0.30,extra_trees | missing+label_flip | independent | 0.30+0.30,18,0.007714333353478812,0.010374054774797645,0.0024451881598866994,3.1549037738822783,1,8,0.004884808466850512,0.5,0.0028295248866282994
110,extra_trees,numeric_outlier+label_flip,independent,0.30+0.30,extra_trees | numeric_outlier+label_flip | independent | 0.30+0.30,14,0.017265661112343504,0.02203013252743563,0.005887800578777743,2.932446654965972,1,6,0.013044513126247022,0.6666666666666666,0.004221147986096482
111,extra_trees,numeric_outlier+label_flip,independent,0.30+0.30,extra_trees | numeric_outlier+label_flip | independent | 0.30+0.30,14,0.013723885524440729,0.017338945047438138,0.004634027986829597,2.961545671162427,1,6,0.02130865616468683,1.0,-0.0075847706402461
112,extra_trees,numeric_outlier+label_flip,independent,0.30+0.30,extra_trees | numeric_outlier+label_flip | independent | 0.30+0.30,16,0.013892829970827676,0.016414884226957,0.00410372105673925,3.3854225905565554,1,4,0.024425263699262085,0.75,-0.010532433728434409
113,extra_trees,numeric_outlier+label_flip,independent,0.30+0.30,extra_trees | numeric_outlier+label_flip | independent | 0.30+0.30,13,0.020852440062644268,0.02278425392964788,0.006319215062810564,3.299846556159119,1,7,0.006986373359416521,0.8571428571428571,0.013866066703227747
114,extra_trees,numeric_outlier+label_flip,independent,0.30+0.30,extra_trees | numeric_outlier+label_flip | independent | 0.30+0.30,15,0.018735151668039907,0.022414167400001673,0.005787313137287445,3.237279757221018,1,5,0.007791811861938507,1.0,0.0109433398061014
115,extra_trees,numeric_outlier+label_flip,shared_latent,0.30+0.30,extra_trees | numeric_outlier+label_flip | shared_latent | 0.30+0.30,13,0.009592632617744047,0.012341307981962058,0.00342286297963517,2.80251727130675,1,7,-0.0007466667090888451,0.5714285714285714,0.010339299326832892
116,extra_trees,numeric_outlier+label_flip,independent,0.30+0.30,extra_trees | numeric_outlier+label_flip | independent | 0.30+0.30,14,0.015378292858442407,0.022414492089184068,0.005990524992591546,2.5671026959174146,1,6,0.017448372385349582,1.0,-0.002070079526907175
118,hist_gradient_boosting,missing+label_flip,independent,0.10+0.10,hist_gradient_boosting | missing+label_flip | independent | 0.10+0.10,18,0.007392579566260595,0.009788437652773426,0.002307156880499274,3.2041945776400014,1,8,-0.00684556879451413,0.5,0.014238148360774725
119,extra_trees,numeric_outlier+label_flip,shared_latent,0.30+0.30,extra_trees | numeric_outlier+label_flip | shared_latent | 0.30+0.30,13,0.011615681388937022,0.014078558087926558,0.0039046894669705744,2.974802858765864,1,7,-0.004503757284161511,0.5714285714285714,0.016119438673098535
120,hist_gradient_boosting,numeric_outlier+label_flip,shared_latent,0.30+0.30,hist_gradient_boosting | numeric_outlier+label_flip | shared_latent | 0.30+0.30,15,0.02464414212898604,0.02992998232919951,0.007727888207551464,3.188987918446402,1,5,-0.0012048236895101593,0.4,0.0258489658184962
121,extra_trees,numeric_outlier+label_flip,independent,0.30+0.30,extra_trees | numeric_outlier+label_flip | independent | 0.30+0.30,15,0.017838993614905076,0.022578197431207526,0.005829665509229988,3.0600372502780764,1,5,0.01048028602134301,1.0,0.007358707593562065
122,extra_trees,numeric_outlier+label_flip,shared_latent,0.30+0.30,extra_trees | numeric_outlier+label_flip | shared_latent | 0.30+0.30,14,0.012785773155222264,0.01469371974938614,0.003927061788534057,3.2558115567606327,1,6,-0.009920544517676828,0.5,0.022706317672899094
123,extra_trees,numeric_outlier+label_flip,independent,0.30+0.30,extra_trees | numeric_outlier+label_flip | independent | 0.30+0.30,13,0.015532640617991198,0.0172122162791752,0.004773809873764783,3.2537199906835936,1,7,0.01686600089948651,0.7142857142857143,-0.0013333602814953101
124,extra_trees,numeric_outlier+label_flip,independent,0.30+0.30,extra_trees | numeric_outlier+label_flip | independent | 0.30+0.30,14,0.017668111006828472,0.02185267783757594,0.0058403738179826584,3.0251678329951948,1,6,0.012105463372448768,0.8333333333333334,0.005562647634379704
125,extra_trees,numeric_outlier+label_flip,independent,0.30+0.30,extra_trees | numeric_outlier+label_flip | independent | 0.30+0.30,14,0.01772824601993186,0.02280674657048725,0.006095359412410348,2.908482473377465,1,6,0.01196514834187419,1.0,0.005763097678057671
126,extra_trees,numeric_outlier+label_flip,independent,0.30+0.30,extra_trees | numeric_outlier+label_flip | independent | 0.30+0.30,13,0.015046827970225975,0.017605019768274954,0.004882753960005578,3.0816273139039727,1,7,0.017768224388193362,1.0,-0.0027213964179673873
127,extra_trees,numeric_outlier+label_flip,independent,0.30+0.30,extra_trees | numeric_outlier+label_flip | independent | 0.30+0.30,14,0.018119318172090716,0.022048874479925304,0.005892809576275997,3.074818206418499,1,6,0.011052646653503528,0.8333333333333334,0.007066671518587187
128,extra_trees,numeric_outlier+label_flip,independent,0.30+0.30,extra_trees | numeric_outlier+label_flip | independent | 0.30+0.30,12,0.019277227257584958,0.024558067235872585,0.007089303364703983,2.7191990899362346,1,8,0.011082450904908963,0.875,0.008194776352675995
129,extra_trees,numeric_outlier+label_flip,independent,0.30+0.30,extra_trees | numeric_outlier+label_flip | independent | 0.30+0.30,14,0.018406817963821737,0.022812457407110256,0.0060968856976985715,3.019052492778382,1,6,0.010381813806131141,1.0,0.008025004157690595
130,extra_trees,numeric_outlier+label_flip,independent,0.30+0.30,extra_trees | numeric_outlier+label_flip | independent | 0.30+0.30,15,0.017964250464398156,0.02247880231835479,0.005804001801445118,3.0951490159643473,1,5,0.010104515472863746,1.0,0.00785973499153441
131,extra_trees,numeric_outlier+label_flip,shared_latent,0.30+0.30,extra_trees | numeric_outlier+label_flip | shared_latent | 0.30+0.30,15,0.012123646402816905,0.014557969769491167,0.0037588516314553543,3.2253591233455694,1,5,-0.012475427795040569,0.6,0.024599074197857472
132,extra_trees,numeric_outlier+label_flip,independent,0.30+0.30,extra_trees | numeric_outlier+label_flip | independent | 0.30+0.30,15,0.01917003936872785,0.022037674987346205,0.005690103214341573,3.3690143476503,1,5,0.006487148759874687,0.8,0.012682890608853163
133,extra_trees,missing+label_flip,independent,0.30+0.30,extra_trees | missing+label_flip | independent | 0.30+0.30,18,0.012793221119953206,0.015557173923466134,0.0036668610591271437,3.488875338788673,1,8,-0.0065426890077168775,0.375,0.019335910127670084
134,extra_trees,numeric_outlier+label_flip,independent,0.30+0.30,extra_trees | numeric_outlier+label_flip | independent | 0.30+0.30,15,0.017008909224529398,0.022446047091125864,0.005795544438141193,2.934825089527684,1,5,0.012970539192470038,0.8,0.00403837003205936
135,extra_trees,numeric_outlier+label_flip,independent,0.30+0.30,extra_trees | numeric_outlier+label_flip | independent | 0.30+0.30,14,0.02048647664693388,0.022285107969021386,0.005955945631953122,3.43966817578484,1,6,0.005529276878869467,0.6666666666666666,0.014957199768064415
136,hist_gradient_boosting,missing+label_flip,independent,0.10+0.10,hist_gradient_boosting | missing+label_flip | independent | 0.10+0.10,18,0.00689966051848514,0.009201329451371337,0.002168774150332056,3.1813642363031436,1,8,-0.005736500937019355,0.375,0.012636161455504495
137,extra_trees,numeric_outlier+label_flip,independent,0.30+0.30,extra_trees | numeric_outlier+label_flip | independent | 0.30+0.30,14,0.019560430479811007,0.022687999205239676,0.006063622844100453,3.225865292535823,1,6,0.007690051268822841,1.0,0.011870379210988165
138,extra_trees,numeric_outlier+label_flip,independent,0.30+0.30,extra_trees | numeric_outlier+label_flip | independent | 0.30+0.30,14,0.016799523234095105,0.023311000545703772,0.006230126956065993,2.69649773633235,1,6,0.014132168175493282,1.0,0.0026673550586018228
139,extra_trees,missing+label_flip,independent,0.30+0.30,extra_trees | missing+label_flip | independent | 0.30+0.30,18,0.011570355537183786,0.015413750981933339,0.00363305594761529,3.1847446623491935,1,8,-0.0037912414464856842,0.375,0.01536159698366947
140,extra_trees,numeric_outlier+label_flip,independent,0.30+0.30,extra_trees | numeric_outlier+label_flip | independent | 0.30+0.30,15,0.01627062489584531,0.018896176077342723,0.004878971683636758,3.3348471667532364,1,5,0.015185392178522309,0.8,0.0010852327173229998
141,extra_trees,numeric_outlier+label_flip,independent,0.30+0.30,extra_trees | numeric_outlier+label_flip | independent | 0.30+0.30,13,0.019771174698288853,0.023390991062847106,0.0064874936662319355,3.047582890323243,1,7,0.008994437607505155,1.0,0.010776737090783698
142,extra_trees,numeric_outlier+label_flip,independent,0.30+0.30,extra_trees | numeric_outlier+label_flip | independent | 0.30+0.30,14,0.013648175172108677,0.015568334192623276,0.004160812330828158,3.280170814479435,1,6,0.02148531365346161,0.6666666666666666,-0.007837138481352934
143,extra_trees,numeric_outlier+label_flip,independent,0.30+0.30,extra_trees | numeric_outlier+label_flip | independent | 0.30+0.30,14,0.017513829000771138,0.021824498497422372,0.005832842572536943,3.002623297812349,1,6,0.012465454719915878,0.8333333333333334,0.0050483742808552605
144,extra_trees,numeric_outlier+label_flip,independent,0.30+0.30,extra_trees | numeric_outlier+label_flip | independent | 0.30+0.30,15,0.016699340370066006,0.022487887071194645,0.005806347474541996,2.8760490899458695,1,5,0.013899245755860212,1.0,0.0028000946142057934
145,extra_trees,numeric_outlier+label_flip,independent,0.30+0.30,extra_trees | numeric_outlier+label_flip | independent | 0.30+0.30,15,0.01963794424625305,0.021752439554393207,0.005616455742236558,3.4965012006723164,1,5,0.005083434127299062,0.8,0.014554510118953989
146,extra_trees,numeric_outlier+label_flip,shared_latent,0.30+0.30,extra_trees | numeric_outlier+label_flip | shared_latent | 0.30+0.30,14,0.011876257356126184,0.013484981619500475,0.003604012934793913,3.295287106622246,1,6,-0.007798340986452638,0.5,0.01967459834257882
147,extra_trees,numeric_outlier+label_flip,shared_latent,0.30+0.30,extra_trees | numeric_outlier+label_flip | shared_latent | 0.30+0.30,15,0.010940292705331584,0.014112438649322701,0.0036438159908800476,3.002427326932419,1,5,-0.008925366702584606,0.6,0.019865659407916188
148,hist_gradient_boosting,missing+label_flip,independent,0.10+0.10,hist_gradient_boosting | missing+label_flip | independent | 0.10+0.10,18,0.007570233174592249,0.00994696595652096,0.0023445223600292346,3.2289021011929497,1,8,-0.007245289413260345,0.375,0.014815522587852594
149,extra_trees,numeric_outlier+label_flip,independent,0.30+0.30,extra_trees | numeric_outlier+label_flip | independent | 0.30+0.30,13,0.021428261942085466,0.022990134855695933,0.006376316157849507,3.3606021739851144,1,7,0.00591698986902573,1.0,0.015511272073059735
150,extra_trees,numeric_outlier+label_flip,independent,0.30+0.30,extra_trees | numeric_outlier+label_flip | independent | 0.30+0.30,14,0.008690942779157898,0.008681879162140752,0.002320329807007336,3.745563562951903,1,6,0.03305218923701343,1.0,-0.024361246457855534
151,extra_trees,numeric_outlier+label_flip,independent,0.30+0.30,extra_trees | numeric_outlier+label_flip | independent | 0.30+0.30,16,0.017093632915216803,0.020844347770537806,0.005211086942634452,3.280243278108724,1,4,0.011622051921705581,1.0,0.005471580993511221
152,extra_trees,numeric_outlier+label_flip,independent,0.30+0.30,extra_trees | numeric_outlier+label_flip | independent | 0.30+0.30,14,0.01796499398558941,0.023084657687801206,0.006169634282764945,2.911840988010448,1,6,0.011412736422006561,0.8333333333333334,0.006552257563582849
153,extra_trees,numeric_outlier+label_flip,independent,0.30+0.30,extra_trees | numeric_outlier+label_flip | independent | 0.30+0.30,13,0.014773519186440775,0.017836512564309348,0.00494695850969808,2.986384291980331,1,7,0.01827579784379444,0.8571428571428571,-0.0035022786573536656
154,extra_trees,numeric_outlier+label_flip,independent,0.30+0.30,extra_trees | numeric_outlier+label_flip | independent | 0.30+0.30,13,0.017833562110069402,0.023726608664450803,0.006580577240965041,2.710030056186091,1,7,0.012592860985626994,0.7142857142857143,0.005240701124442408
155,extra_trees,numeric_outlier+label_flip,independent,0.30+0.30,extra_trees | numeric_outlier+label_flip | independent | 0.30+0.30,14,0.016712480653102515,0.01951415693916549,0.005215377818435323,3.2044621185501114,1,6,0.014335267531142665,0.6666666666666666,0.0023772131219598498
156,extra_trees,numeric_outlier+label_flip,independent,0.30+0.30,extra_trees | numeric_outlier+label_flip | independent | 0.30+0.30,13,0.009807634825814157,0.009529745137347499,0.0026430757488315406,3.7106900285207294,1,7,0.027498154513529587,1.0,-0.017690519687715428
157,extra_trees,numeric_outlier+label_flip,independent,0.30+0.30,extra_trees | numeric_outlier+label_flip | independent | 0.30+0.30,14,0.02060114474531519,0.022369987023431306,0.005978630513447069,3.445796608266613,1,6,0.005261717982646414,1.0,0.015339426762668775
158,hist_gradient_boosting,missing+label_flip,independent,0.10+0.10,hist_gradient_boosting | missing+label_flip | independent | 0.10+0.10,18,0.006958343732043239,0.008436958873483516,0.00198861027734407,3.4990987481652764,1,8,-0.005868538167525075,0.5,0.012826881899568314
159,extra_trees,numeric_outlier+label_flip,independent,0.30+0.30,extra_trees | numeric_outlier+label_flip | independent | 0.30+0.30,13,0.016194773553864904,0.017453881549267556,0.00484083576013531,3.3454499091314416,1,7,0.015636325447149626,0.8571428571428571,0.0005584481067152786
160,hist_gradient_boosting,numeric_outlier+label_flip,shared_latent,0.30+0.30,hist_gradient_boosting | numeric_outlier+label_flip | shared_latent | 0.30+0.30,13,0.027118226103592998,0.03129188355337108,0.00867880697365598,3.124649065926782,1,7,0.0015858677343615554,0.5714285714285714,0.025532358369231442
161,extra_trees,numeric_outlier+label_flip,independent,0.30+0.30,extra_trees | numeric_outlier+label_flip | independent | 0.30+0.30,16,0.014236624086836494,0.01645336542504035,0.004113341356260088,3.461085004571721,1,4,0.023050087235226818,1.0,-0.008813463148390323
162,extra_trees,numeric_outlier+label_flip,shared_latent,0.30+0.30,extra_trees | numeric_outlier+label_flip | shared_latent | 0.30+0.30,14,0.011462987897951724,0.01347309438842025,0.003600835938652512,3.183424097417043,1,6,-0.006834045584045575,0.3333333333333333,0.0182970334819973
163,extra_trees,numeric_outlier+label_flip,independent,0.30+0.30,extra_trees | numeric_outlier+label_flip | independent | 0.30+0.30,13,0.014471994645752996,0.015890192759052506,0.00440714652075157,3.2837561850076686,1,7,0.018835771990786038,0.8571428571428571,-0.004363777345033041
164,extra_trees,numeric_outlier+label_flip,independent,0.30+0.30,extra_trees | numeric_outlier+label_flip | independent | 0.30+0.30,13,0.01549188148777218,0.01707176760786285,0.004734856420996516,3.271879886172282,1,7,0.016941696427036117,0.7142857142857143,-0.0014498149392639381
165,extra_trees,numeric_outlier+label_flip,independent,0.30+0.30,extra_trees | numeric_outlier+label_flip | independent | 0.30+0.30,14,0.015831590532599683,0.01977612477150006,0.005285391666646167,2.995348600654525,1,6,0.016390677812315946,0.8333333333333334,-0.0005590872797162638
166,extra_trees,numeric_outlier+label_flip,shared_latent,0.30+0.30,extra_trees | numeric_outlier+label_flip | shared_latent | 0.30+0.30,14,0.009798630822092315,0.01315048393016315,0.0035146146669247833,2.7879673166748375,1,6,-0.002950545740373616,0.5,0.01274917656246593
167,extra_trees,numeric_outlier+label_flip,shared_latent,0.30+0.30,extra_trees | numeric_outlier+label_flip | shared_latent | 0.30+0.30,13,0.009467475434697325,0.01345164217583766,0.0037308142772443592,2.537643187559086,1,7,-0.0005142319405734998,0.5714285714285714,0.009981707375270824
168,extra_trees,numeric_outlier+label_flip,independent,0.30+0.30,extra_trees | numeric_outlier+label_flip | independent | 0.30+0.30,16,0.017386268709242248,0.02061322010868227,0.005153305027170567,3.373809354884668,1,4,0.010451508745603794,0.75,0.006934759963638454
169,extra_trees,numeric_outlier+label_flip,independent,0.30+0.30,extra_trees | numeric_outlier+label_flip | independent | 0.30+0.30,14,0.011854407477598696,0.011573368749057029,0.003093112904983423,3.8325168985909444,1,6,0.025670771607318243,0.8333333333333334,-0.013816364129719547
170,extra_trees,numeric_outlier+label_flip,independent,0.30+0.30,extra_trees | numeric_outlier+label_flip | independent | 0.30+0.30,13,0.020834575347877735,0.023235730011039832,0.0064444319982801205,3.2329575908998702,1,7,0.007019550686840078,1.0,0.013815024661037657
171,extra_trees,numeric_outlier+label_flip,independent,0.30+0.30,extra_trees | numeric_outlier+label_flip | independent | 0.30+0.30,15,0.019609538891280486,0.021784358966688417,0.005624697299052564,3.4863278588491435,1,5,0.005168650192216772,0.8,0.014440888699063714
172,extra_trees,numeric_outlier+label_flip,independent,0.30+0.30,extra_trees | numeric_outlier+label_flip | independent | 0.30+0.30,12,0.021640504918433893,0.023416599092474663,0.006759789894772897,3.2013576243202055,1,8,0.007537534413635557,0.875,0.014102970504798336
173,extra_trees,numeric_outlier+label_flip,independent,0.30+0.30,extra_trees | numeric_outlier+label_flip | independent | 0.30+0.30,14,0.016183394705388734,0.022259511244073566,0.005949104619454676,2.720307632927824,1,6,0.015569801409141479,0.8333333333333334,0.000613593296247255
174,hist_gradient_boosting,numeric_outlier+label_flip,shared_latent,0.30+0.30,hist_gradient_boosting | numeric_outlier+label_flip | shared_latent | 0.30+0.30,13,0.029291123002534027,0.02951803861092223,0.008186830904831225,3.577834126908461,1,7,-0.002449512220814639,0.2857142857142857,0.03174063522334867
175,extra_trees,numeric_outlier+label_flip,independent,0.30+0.30,extra_trees | numeric_outlier+label_flip | independent | 0.30+0.30,14,0.013956779726615026,0.017012004988054275,0.004546649580527744,3.0696844961152734,1,6,0.020765236359613463,0.8333333333333334,-0.006808456632998438
176,extra_trees,numeric_outlier+label_flip,independent,0.30+0.30,extra_trees | numeric_outlier+label_flip | independent | 0.30+0.30,14,0.016375808149926247,0.01663187297319388,0.004445055026145482,3.6840507155940623,1,6,0.015120836705220622,0.8333333333333334,0.0012549714447056253
177,extra_trees,numeric_outlier+label_flip,independent,0.30+0.30,extra_trees | numeric_outlier+label_flip | independent | 0.30+0.30,15,0.019597929624775003,0.021786817588537025,0.005625332112484182,3.4838706822805587,1,5,0.005203477991733219,0.8,0.014394451633041785
178,extra_trees,numeric_outlier+label_flip,independent,0.30+0.30,extra_trees | numeric_outlier+label_flip | independent | 0.30+0.30,14,0.01995500283573621,0.022227678045769445,0.005940596839341872,3.3590905721094044,1,6,0.0067693824383306955,0.8333333333333334,0.013185620397405513
179,extra_trees,numeric_outlier+label_flip,independent,0.30+0.30,extra_trees | numeric_outlier+label_flip | independent | 0.30+0.30,13,0.020438290940929065,0.023004824622140856,0.006380390366014258,3.2032978812386657,1,7,0.007755507442601901,0.7142857142857143,0.012682783498327164
180,extra_trees,numeric_outlier+label_flip,independent,0.30+0.30,extra_trees | numeric_outlier+label_flip | independent | 0.30+0.30,15,0.019113331121354642,0.021662534149564837,0.005593242266527604,3.4172185309649707,1,5,0.006657273501994299,0.8,0.012456057619360344
181,extra_trees,numeric_outlier+label_flip,independent,0.30+0.30,extra_trees | numeric_outlier+label_flip | independent | 0.30+0.30,14,0.01564690995917126,0.01694814659925536,0.00452958270823082,3.4543822173152643,1,6,0.016821599150315596,0.8333333333333334,-0.001174689191144336
182,extra_trees,numeric_outlier+label_flip,independent,0.30+0.30,extra_trees | numeric_outlier+label_flip | independent | 0.30+0.30,14,0.014398047066440368,0.015358402813008192,0.004104705809595842,3.507692812669084,1,6,0.019735612566687676,0.8333333333333334,-0.005337565500247308
183,extra_trees,numeric_outlier+label_flip,independent,0.30+0.30,extra_trees | numeric_outlier+label_flip | independent | 0.30+0.30,14,0.014499312085807698,0.01974733578106534,0.005277697485309178,2.7472798746361455,1,6,0.019499327521497235,0.8333333333333334,-0.0050000154356895365
184,extra_trees,numeric_outlier+label_flip,independent,0.30+0.30,extra_trees | numeric_outlier+label_flip | independent | 0.30+0.30,13,0.01933533567852168,0.022421695357448663,0.006218659407239541,3.1092450015854176,1,7,0.009803852929929913,0.7142857142857143,0.009531482748591766
185,extra_trees,numeric_outlier+label_flip,independent,0.30+0.30,extra_trees | numeric_outlier+label_flip | independent | 0.30+0.30,14,0.013727090515331995,0.016509214465873057,0.004412273161147795,3.11111529453926,1,6,0.02130117785260721,1.0,-0.007574087337275217
186,extra_trees,numeric_outlier+label_flip,independent,0.30+0.30,extra_trees | numeric_outlier+label_flip | independent | 0.30+0.30,13,0.019006637837971664,0.02214078093104107,0.006140747763514146,3.0951666751240725,1,7,0.01041429177666565,0.8571428571428571,0.008592346061306015
187,extra_trees,numeric_outlier+label_flip,shared_latent,0.30+0.30,extra_trees | numeric_outlier+label_flip | shared_latent | 0.30+0.30,15,0.012421738313150958,0.014427039411867104,0.0037250455584826223,3.3346540647977707,1,5,-0.013369703526042725,0.4,0.025791441839193685
188,regularized_logistic,numeric_outlier+label_flip,shared_latent,0.30+0.30,regularized_logistic | numeric_outlier+label_flip | shared_latent | 0.30+0.30,12,0.014209481392721138,0.01226661585352453,0.0035410669825390595,4.012768316100161,1,8,-0.010418122484023427,0.125,0.024627603876744564
189,extra_trees,numeric_outlier+label_flip,independent,0.30+0.30,extra_trees | numeric_outlier+label_flip | independent | 0.30+0.30,14,0.011725119016823554,0.010632873720284524,0.002841755035581222,4.126013280530855,1,6,0.02597244468246024,0.6666666666666666,-0.014247325665636685
190,extra_trees,missing+label_flip,shared_latent,0.30+0.30,extra_trees | missing+label_flip | shared_latent | 0.30+0.30,18,0.015022285669957034,0.02099816692562721,0.004949315408532693,3.035224961427674,1,8,-0.008560550880935927,0.375,0.02358283655089296
191,extra_trees,numeric_outlier+label_flip,shared_latent,0.30+0.30,extra_trees | numeric_outlier+label_flip | shared_latent | 0.30+0.30,16,0.011951265911965265,0.014064316914206482,0.0035160792285516204,3.39903202832217,1,4,-0.017935674381098374,0.25,0.029886940293063637
192,extra_trees,numeric_outlier+label_flip,independent,0.30+0.30,extra_trees | numeric_outlier+label_flip | independent | 0.30+0.30,15,0.019910875980142403,0.021656735398272134,0.005591745035381908,3.560762490806686,1,5,0.004264638925631026,0.8,0.015646237054511375
193,extra_trees,numeric_outlier+label_flip,independent,0.30+0.30,extra_trees | numeric_outlier+label_flip | independent | 0.30+0.30,13,0.01747835490886337,0.022656822273732263,0.006283871880539714,2.7814626461420118,1,7,0.013252531502152482,0.8571428571428571,0.004225823406710889
194,extra_trees,numeric_outlier+label_flip,independent,0.30+0.30,extra_trees | numeric_outlier+label_flip | independent | 0.30+0.30,14,0.012135053249588159,0.011659337939587767,0.003116089137610874,3.8943216043210445,1,6,0.025015931472676164,0.8333333333333334,-0.012880878223088005
195,extra_trees,numeric_outlier+label_flip,independent,0.30+0.30,extra_trees | numeric_outlier+label_flip | independent | 0.30+0.30,12,0.01203484520572507,0.018190516146629733,0.005251149696977456,2.2918495758466544,1,8,0.021946023982698792,1.0,-0.009911178776973723
196,extra_trees,numeric_outlier+label_flip,shared_latent,0.30+0.30,extra_trees | numeric_outlier+label_flip | shared_latent | 0.30+0.30,12,0.01111938774083608,0.012760916586794634,0.0036837593132461213,3.018489210425015,1,8,-0.001744386977872779,0.5,0.012863774718708858
197,extra_trees,numeric_outlier+label_flip,independent,0.30+0.30,extra_trees | numeric_outlier+label_flip | independent | 0.30+0.30,14,0.011268951297783533,0.010993269188710231,0.0029380747760522864,3.8354882556545897,1,6,0.027036836026886956,0.6666666666666666,-0.015767884729103423
198,extra_trees,missing+label_flip,independent,0.30+0.30,extra_trees | missing+label_flip | independent | 0.30+0.30,18,0.011190141820071657,0.016509981622600627,0.0038914399875353946,2.8755786690568557,1,8,-0.002935760582983389,0.5,0.014125902403055047
199,extra_trees,numeric_outlier+label_flip,independent,0.30+0.30,extra_trees | numeric_outlier+label_flip | independent | 0.30+0.30,15,0.014499153665227395,0.016477613669681944,0.004254501555194523,3.4079558973306026,1,5,0.02049980587037605,0.8,-0.006000652205148654
200,extra_trees,numeric_outlier+label_flip,independent,0.30+0.30,extra_trees | numeric_outlier+label_flip | independent | 0.30+0.30,14,0.010928359811311907,0.01583857876407439,0.004233038230614273,2.5816822849072283,1,6,0.027831549495320743,1.0,-0.016903189684008835
201,extra_trees,numeric_outlier+label_flip,shared_latent,0.30+0.30,extra_trees | numeric_outlier+label_flip | shared_latent | 0.30+0.30,14,0.009201141156573047,0.01266912990730211,0.0033859673929753998,2.717433480210687,1,6,-0.0015564031874953253,0.5,0.010757544344068372
202,hist_gradient_boosting,numeric_outlier+label_flip,shared_latent,0.30+0.30,hist_gradient_boosting | numeric_outlier+label_flip | shared_latent | 0.30+0.30,12,0.010209118635971008,0.013754238275020725,0.003970506585290735,2.571238308429467,1,8,0.03014107373194847,0.75,-0.019931955095977463
203,extra_trees,numeric_outlier+label_flip,independent,0.30+0.30,extra_trees | numeric_outlier+label_flip | independent | 0.30+0.30,16,0.018406927643567585,0.021559474334689886,0.005389868583672471,3.4150976703453755,1,4,0.006368873008302448,0.75,0.012038054635265137
204,regularized_logistic,missing+label_flip,shared_latent,0.10+0.10,regularized_logistic | missing+label_flip | shared_latent | 0.10+0.10,18,-0.004806099562552143,0.00588252500842012,0.0013865244413177732,3.46629270954961,-1,8,-0.0016908953126890602,0.5,0.006496994875241203
205,extra_trees,numeric_outlier+label_flip,independent,0.30+0.30,extra_trees | numeric_outlier+label_flip | independent | 0.30+0.30,15,0.01459306393167492,0.01948102779341513,0.005029979747393375,2.901217234371034,1,5,0.02021807507103348,1.0,-0.00562501113935856
206,extra_trees,numeric_outlier+label_flip,independent,0.30+0.30,extra_trees | numeric_outlier+label_flip | independent | 0.30+0.30,14,0.013002214438580517,0.01748279140301432,0.004672472542465464,2.782726772690633,1,6,0.022992555365027322,1.0,-0.009990340926446805
207,extra_trees,numeric_outlier+label_flip,independent,0.30+0.30,extra_trees | numeric_outlier+label_flip | independent | 0.30+0.30,14,0.01585100602032443,0.01666917626232404,0.004455024749525827,3.558006276398698,1,6,0.016345375007624858,0.6666666666666666,-0.0004943689873004274
208,extra_trees,numeric_outlier+label_flip,independent,0.30+0.30,extra_trees | numeric_outlier+label_flip | independent | 0.30+0.30,14,0.014698846538534847,0.016829996582531554,0.004498005788029241,3.267858520247705,1,6,0.01903374713180055,1.0,-0.004334900593265703
209,extra_trees,numeric_outlier+label_flip,independent,0.30+0.30,extra_trees | numeric_outlier+label_flip | independent | 0.30+0.30,15,0.01661569826173789,0.018901807849901475,0.004880425801058736,3.4045591386992013,1,5,0.01415017208084456,0.8,0.0024655261808933307
210,extra_trees,numeric_outlier+label_flip,shared_latent,0.30+0.30,extra_trees | numeric_outlier+label_flip | shared_latent | 0.30+0.30,13,0.014054201942637347,0.014297523019401414,0.003965419412198348,3.5441905336429427,1,7,-0.009032438312462114,0.42857142857142855,0.02308664025509946
211,extra_trees,numeric_outlier+label_flip,independent,0.30+0.30,extra_trees | numeric_outlier+label_flip | independent | 0.30+0.30,14,0.017124182386305215,0.02315091760053558,0.006187342989331343,2.7676148575942774,1,6,0.013374630153669692,0.8333333333333334,0.0037495522326355234
212,extra_trees,numeric_outlier+label_flip,independent,0.30+0.30,extra_trees | numeric_outlier+label_flip | independent | 0.30+0.30,12,0.019226500510744697,0.024743763794993042,0.007142909343901875,2.6916904002371194,1,8,0.011158541025169355,1.0,0.008067959485575342
213,extra_trees,numeric_outlier+label_flip,independent,0.30+0.30,extra_trees | numeric_outlier+label_flip | independent | 0.30+0.30,16,0.015025642300891935,0.022036399359649354,0.005509099839912338,2.7274223988525548,1,4,0.019894014379005044,1.0,-0.004868372078113109
214,extra_trees,missing+label_flip,shared_latent,0.30+0.30,extra_trees | missing+label_flip | shared_latent | 0.30+0.30,18,0.015229446345312505,0.020859295798456665,0.004916583169954923,3.0975671149791886,1,8,-0.009026662400485738,0.375,0.02425610874579824
215,extra_trees,numeric_outlier+label_flip,independent,0.30+0.30,extra_trees | numeric_outlier+label_flip | independent | 0.30+0.30,14,0.018406817963821737,0.022812457407110256,0.0060968856976985715,3.019052492778382,1,6,0.010381813806131141,1.0,0.008025004157690595
216,extra_trees,numeric_outlier+label_flip,independent,0.30+0.30,extra_trees | numeric_outlier+label_flip | independent | 0.30+0.30,13,0.012614417878680596,0.011758349541341197,0.0032611793989333975,3.8680539570458077,1,7,0.02228555741534906,1.0,-0.009671139536668465
217,extra_trees,numeric_outlier+label_flip,shared_latent,0.30+0.30,extra_trees | numeric_outlier+label_flip | shared_latent | 0.30+0.30,14,0.009380091795683752,0.011784076312628488,0.0031494268701038725,2.978348817915046,1,6,-0.001973954678753633,0.5,0.011354046474437385
218,extra_trees,numeric_outlier+label_flip,independent,0.30+0.30,extra_trees | numeric_outlier+label_flip | independent | 0.30+0.30,13,0.0159382779171997,0.017201713080087926,0.004770896810467432,3.3407299613420345,1,7,0.01611267448667073,0.8571428571428571,-0.00017439656947102963
219,hist_gradient_boosting,missing+label_flip,independent,0.10+0.10,hist_gradient_boosting | missing+label_flip | independent | 0.10+0.10,18,0.007116358191802343,0.009414010476203917,0.0022189035486283298,3.207150755246435,1,8,-0.006224070701983058,0.5,0.013340428893785401
220,extra_trees,numeric_outlier+label_flip,shared_latent,0.30+0.30,extra_trees | numeric_outlier+label_flip | shared_latent | 0.30+0.30,14,0.014140044154058506,0.0138102548499599,0.003690945862327365,3.8310082784964914,1,6,-0.013080510181628062,0.3333333333333333,0.02722055433568657
221,extra_trees,numeric_outlier+label_flip,shared_latent,0.30+0.30,extra_trees | numeric_outlier+label_flip | shared_latent | 0.30+0.30,13,0.009843119848493821,0.01257319649802412,0.003487177282316172,2.822661153021751,1,7,-0.0012118572804812797,0.5714285714285714,0.0110549771289751
222,extra_trees,numeric_outlier+label_flip,independent,0.30+0.30,extra_trees | numeric_outlier+label_flip | independent | 0.30+0.30,13,0.018018944615345856,0.02248159805467983,0.006235273426193815,2.8898403299604976,1,7,0.012248579190113584,0.8571428571428571,0.0057703654252322725
223,extra_trees,numeric_outlier+label_flip,independent,0.30+0.30,extra_trees | numeric_outlier+label_flip | independent | 0.30+0.30,14,0.01601779533823393,0.019557866781400465,0.005227059765154839,3.064398736171604,1,6,0.0159561999325027,1.0,6.159540573122749e-05
224,extra_trees,numeric_outlier+label_flip,independent,0.30+0.30,extra_trees | numeric_outlier+label_flip | independent | 0.30+0.30,13,0.02212416948339137,0.022349546542928256,0.006198648926453598,3.569192213640846,1,7,0.00462459014945762,0.7142857142857143,0.01749957933393375
225,extra_trees,numeric_outlier+label_flip,independent,0.30+0.30,extra_trees | numeric_outlier+label_flip | independent | 0.30+0.30,14,0.017648816725993218,0.01907778548003019,0.005098752640331686,3.4613988892869925,1,6,0.012150483361064356,0.6666666666666666,0.0054983333649288625
226,extra_trees,numeric_outlier+label_flip,independent,0.30+0.30,extra_trees | numeric_outlier+label_flip | independent | 0.30+0.30,14,0.020951711562939034,0.0219169700321887,0.00585755662976014,3.576868801658855,1,6,0.0044437287415241096,0.8333333333333334,0.016507982821414923
227,extra_trees,numeric_outlier+label_flip,independent,0.30+0.30,extra_trees | numeric_outlier+label_flip | independent | 0.30+0.30,13,0.015140436624452856,0.017666141411441055,0.0048997060537345,3.090070395735881,1,7,0.017594379744629154,1.0,-0.002453943120176298
228,extra_trees,numeric_outlier+label_flip,independent,0.30+0.30,extra_trees | numeric_outlier+label_flip | independent | 0.30+0.30,14,0.020848597676797923,0.02218542709694511,0.005929304798287102,3.516195976772995,1,6,0.004684327809186696,1.0,0.016164269867611228
229,extra_trees,numeric_outlier+label_flip,independent,0.30+0.30,extra_trees | numeric_outlier+label_flip | independent | 0.30+0.30,15,0.018514880877930295,0.022082867261691442,0.0057017718094026625,3.2472153388176332,1,5,0.008452624232267343,0.8,0.010062256645662952
230,extra_trees,numeric_outlier+label_flip,shared_latent,0.30+0.30,extra_trees | numeric_outlier+label_flip | shared_latent | 0.30+0.30,13,0.01361228856088356,0.014942057538105074,0.004144181124197775,3.28467510297794,1,7,-0.00821174203206222,0.5714285714285714,0.02182403059294578
231,extra_trees,numeric_outlier+label_flip,independent,0.30+0.30,extra_trees | numeric_outlier+label_flip | independent | 0.30+0.30,13,0.014701686639223407,0.017621968333852038,0.00488745464633125,3.008045639924081,1,7,0.018409201145769556,1.0,-0.003707514506546149
232,extra_trees,numeric_outlier+label_flip,independent,0.30+0.30,extra_trees | numeric_outlier+label_flip | independent | 0.30+0.30,13,0.021358239085113622,0.02295555374964852,0.006366725084694415,3.354666457400329,1,7,0.006047032317687722,1.0,0.0153112067674259
233,extra_trees,numeric_outlier+label_flip,independent,0.30+0.30,extra_trees | numeric_outlier+label_flip | independent | 0.30+0.30,13,0.017729358046855766,0.023751997286944996,0.00658761877790475,2.691315123807869,1,7,0.012786382817309453,1.0,0.004942975229546313
234,extra_trees,numeric_outlier+label_flip,independent,0.30+0.30,extra_trees | numeric_outlier+label_flip | independent | 0.30+0.30,15,0.01805203254790473,0.022615471688885357,0.005839289681178554,3.0914774798878035,1,5,0.00984116922234404,1.0,0.008210863325560692
235,extra_trees,numeric_outlier+label_flip,independent,0.30+0.30,extra_trees | numeric_outlier+label_flip | independent | 0.30+0.30,14,0.01821732757256998,0.02277022964936738,0.006085599854721033,2.9935138700316455,1,6,0.010823958052385242,0.8333333333333334,0.007393369520184738
236,extra_trees,numeric_outlier+label_flip,shared_latent,0.30+0.30,extra_trees | numeric_outlier+label_flip | shared_latent | 0.30+0.30,16,0.011058395540280583,0.013476066790114804,0.003369016697528701,3.282380745809995,1,4,-0.014364192894359659,0.25,0.025422588434640243
237,extra_trees,numeric_outlier+label_flip,independent,0.30+0.30,extra_trees | numeric_outlier+label_flip | independent | 0.30+0.30,15,0.011188195217911307,0.011498530133082366,0.0029689077140861437,3.7684550330844937,1,5,0.030432681212324314,1.0,-0.01924448599441301
238,extra_trees,numeric_outlier+label_flip,independent,0.30+0.30,extra_trees | numeric_outlier+label_flip | independent | 0.30+0.30,14,0.013101127379203284,0.01722969006605271,0.004604828364819409,2.84508484166208,1,6,0.0227617585035742,1.0,-0.009660631124370916
239,extra_trees,numeric_outlier+label_flip,independent,0.30+0.30,extra_trees | numeric_outlier+label_flip | independent | 0.30+0.30,14,0.012605384612093746,0.01689615403427971,0.004515687110745215,2.7914654631625937,1,6,0.023918491626829793,1.0,-0.011313107014736047
240,hist_gradient_boosting,numeric_outlier+label_flip,shared_latent,0.30+0.30,hist_gradient_boosting | numeric_outlier+label_flip | shared_latent | 0.30+0.30,13,0.027284730189547187,0.031222952117217907,0.008659688833075854,3.1507748968222296,1,7,0.0012766458604466391,0.42857142857142855,0.026008084329100546
241,extra_trees,numeric_outlier+label_flip,shared_latent,0.30+0.30,extra_trees | numeric_outlier+label_flip | shared_latent | 0.30+0.30,12,0.01150164129375437,0.013568397898717903,0.003916859089648368,2.9364450010855303,1,8,-0.002317767307250215,0.375,0.013819408601004585
242,regularized_logistic,missing+label_flip,shared_latent,0.10+0.10,regularized_logistic | missing+label_flip | shared_latent | 0.10+0.10,18,-0.006388781759137652,0.007708064531930898,0.0018168082334506167,3.5164865732711945,-1,8,-0.005251930255006455,0.375,0.011640712014144107
243,hist_gradient_boosting,missing+label_flip,independent,0.10+0.10,hist_gradient_boosting | missing+label_flip | independent | 0.10+0.10,18,0.007322462268752548,0.009145292732223293,0.0021555661689637135,3.3970018523128034,1,8,-0.006687804875121024,0.25,0.014010267143873573
244,extra_trees,numeric_outlier+label_flip,independent,0.30+0.30,extra_trees | numeric_outlier+label_flip | independent | 0.30+0.30,15,0.011350619184727571,0.011377484885813426,0.002937653965632133,3.863838054964759,1,5,0.02994540931187552,0.8,-0.018594790127147952
245,extra_trees,numeric_outlier+label_flip,independent,0.30+0.30,extra_trees | numeric_outlier+label_flip | independent | 0.30+0.30,13,0.01644524268823434,0.016968310442395565,0.0047061625660037125,3.494405995881054,1,7,0.015171168483320684,1.0,0.0012740742049136555
246,extra_trees,numeric_outlier+label_flip,shared_latent,0.30+0.30,extra_trees | numeric_outlier+label_flip | shared_latent | 0.30+0.30,12,0.010371277418710466,0.013507818352762256,0.0038993712810659283,2.6597306773709897,1,8,-0.0006222214946843612,0.75,0.010993498913394826
247,extra_trees,numeric_outlier+label_flip,independent,0.30+0.30,extra_trees | numeric_outlier+label_flip | independent | 0.30+0.30,13,0.013323766766762512,0.01621777245317617,0.004498000781056468,2.9621530576153194,1,7,0.0209681951946255,1.0,-0.00764442842786299
248,extra_trees,numeric_outlier+label_flip,independent,0.30+0.30,extra_trees | numeric_outlier+label_flip | independent | 0.30+0.30,14,0.016128155593773175,0.01942487803011531,0.005191517026325985,3.1066363669786523,1,6,0.01569869266957779,0.8333333333333334,0.0004294629241953854
249,extra_trees,numeric_outlier+label_flip,independent,0.30+0.30,extra_trees | numeric_outlier+label_flip | independent | 0.30+0.30,14,0.016250118718304528,0.019244469045470333,0.005143300697037609,3.1594728124031564,1,6,0.015414112045671302,1.0,0.0008360066726332254
251,extra_trees,missing+label_flip,shared_latent,0.30+0.30,extra_trees | missing+label_flip | shared_latent | 0.30+0.30,18,0.012649751519742257,0.013506202377046136,0.0031834424296290635,3.97360775304368,1,8,-0.0032223490429526738,0.25,0.015872100562694932
252,extra_trees,numeric_outlier+label_flip,independent,0.30+0.30,extra_trees | numeric_outlier+label_flip | independent | 0.30+0.30,15,0.015589167612258857,0.019395254475262406,0.005007833171876411,3.1129566575433003,1,5,0.017229764029281662,1.0,-0.0016405964170228046
253,extra_trees,numeric_outlier+label_flip,shared_latent,0.30+0.30,extra_trees | numeric_outlier+label_flip | shared_latent | 0.30+0.30,13,0.013711821634168096,0.014848761211351409,0.0041183053788190985,3.329481515549943,1,7,-0.008396589168162076,0.5714285714285714,0.02210841080233017
254,extra_trees,numeric_outlier+label_flip,independent,0.30+0.30,extra_trees | numeric_outlier+label_flip | independent | 0.30+0.30,13,0.02080675861432152,0.022795956070998612,0.006322460652862317,3.290927339326634,1,7,0.007071210334873061,0.8571428571428571,0.013735548279448458
255,extra_trees,numeric_outlier+label_flip,independent,0.10+0.10,extra_trees | numeric_outlier+label_flip | independent | 0.10+0.10,14,0.006746578176246782,0.008414720679723367,0.002248928699209027,2.999907546477409,1,6,-0.009675511467640991,0.16666666666666666,0.016422089643887774
256,extra_trees,numeric_outlier+label_flip,independent,0.30+0.30,extra_trees | numeric_outlier+label_flip | independent | 0.30+0.30,13,0.01867627447242308,0.023403783627036465,0.006491041685164966,2.8772384123039925,1,7,0.011027823741255877,0.8571428571428571,0.0076484507311672025
257,hist_gradient_boosting,numeric_outlier+label_flip,shared_latent,0.30+0.30,hist_gradient_boosting | numeric_outlier+label_flip | shared_latent | 0.30+0.30,13,0.016967607684273685,0.022211202496830715,0.006160279191695149,2.754356930307349,1,7,0.020437016227383135,0.42857142857142855,-0.00346940854310945
258,extra_trees,numeric_outlier+label_flip,independent,0.30+0.30,extra_trees | numeric_outlier+label_flip | independent | 0.30+0.30,15,0.017305793291036712,0.0221380618064206,0.005716022979571831,3.027593372679729,1,5,0.012079886992948086,0.8,0.005225906298088626
259,extra_trees,numeric_outlier+label_flip,independent,0.30+0.30,extra_trees | numeric_outlier+label_flip | independent | 0.30+0.30,14,0.01842043749599077,0.022961142096123675,0.006136623352337661,3.00172202828348,1,6,0.010350034897736721,0.8333333333333334,0.00807040259825405
260,extra_trees,numeric_outlier+label_flip,shared_latent,0.30+0.30,extra_trees | numeric_outlier+label_flip | shared_latent | 0.30+0.30,13,0.010607573909653462,0.013460464925036735,0.0037332612676003454,2.8413692879501484,1,7,-0.0026315576797777546,0.5714285714285714,0.013239131589431217
261,extra_trees,numeric_outlier+label_flip,independent,0.30+0.30,extra_trees | numeric_outlier+label_flip | independent | 0.30+0.30,12,0.02224923252922569,0.023305356855142623,0.006727677026938442,3.3071195956846675,1,8,0.006624442997447862,0.875,0.015624789531777827
262,extra_trees,numeric_outlier+label_flip,independent,0.30+0.30,extra_trees | numeric_outlier+label_flip | independent | 0.30+0.30,14,0.011914905502376881,0.011605194908887017,0.003101618803984889,3.8415118863313835,1,6,0.02552960954950247,0.8333333333333334,-0.013614704047125588
263,hist_gradient_boosting,numeric_outlier+label_flip,shared_latent,0.30+0.30,hist_gradient_boosting | numeric_outlier+label_flip | shared_latent | 0.30+0.30,14,0.01982944375544529,0.023902082758457115,0.006388100322318795,3.1041221575943356,1,6,0.014337633485167646,0.5,0.005491810270277642
264,extra_trees,numeric_outlier+label_flip,independent,0.30+0.30,extra_trees | numeric_outlier+label_flip | independent | 0.30+0.30,14,0.017232859435029405,0.022146672127761446,0.005918947097092798,2.911473806463593,1,6,0.01312105037331325,1.0,0.004111809061716154
265,extra_trees,numeric_outlier+label_flip,independent,0.30+0.30,extra_trees | numeric_outlier+label_flip | independent | 0.30+0.30,13,0.012447045598682566,0.016098925310598595,0.004465038514402175,2.78766813735964,1,7,0.022596391649631117,0.8571428571428571,-0.010149346050948551
266,extra_trees,numeric_outlier+label_flip,independent,0.30+0.30,extra_trees | numeric_outlier+label_flip | independent | 0.30+0.30,13,0.014896794796996281,0.015913289797356713,0.0044135524865913526,3.375239071531079,1,7,0.01804685742419137,1.0,-0.003150062627195088
267,extra_trees,numeric_outlier+label_flip,shared_latent,0.30+0.30,extra_trees | numeric_outlier+label_flip | shared_latent | 0.30+0.30,13,0.0121480051776587,0.013795956172507475,0.003826309798002279,3.174861895396235,1,7,-0.005492358606073201,0.5714285714285714,0.0176403637837319
268,extra_trees,numeric_outlier+label_flip,independent,0.30+0.30,extra_trees | numeric_outlier+label_flip | independent | 0.30+0.30,14,0.018891018415144623,0.02282324520420942,0.006099768857748793,3.097005617048352,1,6,0.009252012753044412,1.0,0.00963900566210021
269,extra_trees,numeric_outlier+label_flip,independent,0.30+0.30,extra_trees | numeric_outlier+label_flip | independent | 0.30+0.30,16,0.017697823269557468,0.021626044110782606,0.0054065110276956515,3.273427757549694,1,4,0.009205290504342914,1.0,0.008492532765214554
270,extra_trees,numeric_outlier+label_flip,shared_latent,0.30+0.30,extra_trees | numeric_outlier+label_flip | shared_latent | 0.30+0.30,12,0.011379596106037913,0.013706586279818016,0.003956750639161882,2.875995265763914,1,8,-0.0021346995256755303,0.375,0.013514295631713445
271,extra_trees,numeric_outlier+label_flip,independent,0.30+0.30,extra_trees | numeric_outlier+label_flip | independent | 0.30+0.30,15,0.015256607142600114,0.016336960434454897,0.004218185046019553,3.6168653049009443,1,5,0.018227445438257894,0.8,-0.0029708382956577795
272,extra_trees,numeric_outlier+label_flip,independent,0.30+0.30,extra_trees | numeric_outlier+label_flip | independent | 0.30+0.30,13,0.01819445200230102,0.023771813462664392,0.006593114796184741,2.759614016250659,1,7,0.011922636900053987,1.0,0.006271815102247034
273,extra_trees,numeric_outlier+label_flip,independent,0.30+0.30,extra_trees | numeric_outlier+label_flip | independent | 0.30+0.30,14,0.01868291541660764,0.021880533805234095,0.005847818638493649,3.1948520587875495,1,6,0.009737586416297373,1.0,0.008945329000310266
274,extra_trees,numeric_outlier+label_flip,independent,0.30+0.30,extra_trees | numeric_outlier+label_flip | independent | 0.30+0.30,15,0.011890595198162544,0.011357639361033504,0.002932529873167507,4.054722615773111,1,5,0.028325481271570606,1.0,-0.01643488607340806
275,extra_trees,numeric_outlier+label_flip,independent,0.30+0.30,extra_trees | numeric_outlier+label_flip | independent | 0.30+0.30,14,0.015811853897655808,0.019877991327631534,0.005312616648947206,2.976283617375107,1,6,0.016436729960518308,1.0,-0.0006248760628624998
276,extra_trees,numeric_outlier+label_flip,independent,0.30+0.30,extra_trees | numeric_outlier+label_flip | independent | 0.30+0.30,15,0.015808304044771685,0.016063671548755005,0.004147622159151603,3.811413730127548,1,5,0.016572354731743188,0.6,-0.0007640506869715027
277,extra_trees,numeric_outlier+label_flip,independent,0.30+0.30,extra_trees | numeric_outlier+label_flip | independent | 0.30+0.30,15,0.013807092617191855,0.019340706107422792,0.004993748843862703,2.764875256824483,1,5,0.02257598901448267,1.0,-0.008768896397290815
278,extra_trees,numeric_outlier+label_flip,independent,0.30+0.30,extra_trees | numeric_outlier+label_flip | independent | 0.30+0.30,14,0.019419879631578263,0.02240018049530874,0.00598670005823868,3.2438370793027,1,6,0.008018003248032575,0.6666666666666666,0.011401876383545688
279,extra_trees,numeric_outlier+label_flip,independent,0.30+0.30,extra_trees | numeric_outlier+label_flip | independent | 0.30+0.30,13,0.017291908009410394,0.019714577454103266,0.00546783999114428,3.162475134132745,1,7,0.01359879002970801,0.8571428571428571,0.0036931179797023844
280,extra_trees,numeric_outlier+label_flip,shared_latent,0.30+0.30,extra_trees | numeric_outlier+label_flip | shared_latent | 0.30+0.30,15,0.010870693824227999,0.013876116679213039,0.003582797920574871,3.0341353504201436,1,5,-0.008716570059273853,0.4,0.019587263883501852
281,extra_trees,numeric_outlier+label_flip,independent,0.30+0.30,extra_trees | numeric_outlier+label_flip | independent | 0.30+0.30,14,0.013854328512449414,0.017270814423735664,0.004615819311726606,3.00148848488331,1,6,0.02100428919266657,1.0,-0.0071499606802171555
282,extra_trees,numeric_outlier+label_flip,independent,0.30+0.30,extra_trees | numeric_outlier+label_flip | independent | 0.30+0.30,14,0.016569512688790148,0.01970299807651461,0.005265847735327404,3.1465992792820354,1,6,0.014668859447871517,0.8333333333333334,0.001900653240918631
283,extra_trees,numeric_outlier+label_flip,shared_latent,0.30+0.30,extra_trees | numeric_outlier+label_flip | shared_latent | 0.30+0.30,13,0.011081478301609235,0.012954288230407661,0.003592873111682653,3.08429436752901,1,7,-0.003511665836267049,0.5714285714285714,0.014593144137876284
284,extra_trees,numeric_outlier+label_flip,independent,0.30+0.30,extra_trees | numeric_outlier+label_flip | independent | 0.30+0.30,12,0.015227580255089286,0.018198346020747755,0.005253409986942336,2.898608768959275,1,8,0.017156921408652468,0.875,-0.0019293411535631824
285,hist_gradient_boosting,missing+label_flip,independent,0.10+0.10,hist_gradient_boosting | missing+label_flip | independent | 0.10+0.10,18,0.008001088948184713,0.009378328107176578,0.002210493133592319,3.619594572176741,1,8,-0.008214714903843392,0.25,0.016215803852028105
286,extra_trees,numeric_outlier+label_flip,independent,0.30+0.30,extra_trees | numeric_outlier+label_flip | independent | 0.30+0.30,14,0.016662657410679484,0.019843526892788614,0.005303405641289277,3.141878735609734,1,6,0.014451521763463065,1.0,0.002211135647216419
287,extra_trees,numeric_outlier+label_flip,independent,0.30+0.30,extra_trees | numeric_outlier+label_flip | independent | 0.30+0.30,14,0.013898020680839144,0.0172247774359314,0.0046035154091921306,3.0190016640517996,1,6,0.020902340799757196,1.0,-0.007004320118918052
288,extra_trees,numeric_outlier+label_flip,independent,0.30+0.30,extra_trees | numeric_outlier+label_flip | independent | 0.30+0.30,13,0.01019850267063068,0.01059614276196841,0.002938841234647209,3.4702462148673883,1,7,0.02677225708744176,0.8571428571428571,-0.016573754416811082
289,hist_gradient_boosting,numeric_outlier+label_flip,shared_latent,0.30+0.30,hist_gradient_boosting | numeric_outlier+label_flip | shared_latent | 0.30+0.30,13,0.02856560112655779,0.03028978338858189,0.00840087439463303,3.4003128465778714,1,7,-0.0011021144511444926,0.2857142857142857,0.029667715577702283
290,extra_trees,missing+label_flip,shared_latent,0.30+0.30,extra_trees | missing+label_flip | shared_latent | 0.30+0.30,18,0.01506178540475401,0.02103787606876691,0.00495867494332909,3.037461736631203,1,8,-0.008649425284229115,0.375,0.023711210688983124
291,extra_trees,numeric_outlier+label_flip,independent,0.30+0.30,extra_trees | numeric_outlier+label_flip | independent | 0.30+0.30,15,0.01637075531395466,0.022544407269209237,0.005820940926917654,2.812389872958807,1,5,0.014885000924194248,1.0,0.0014857543897604138
292,extra_trees,numeric_outlier+label_flip,independent,0.30+0.30,extra_trees | numeric_outlier+label_flip | independent | 0.30+0.30,12,0.02142699566280805,0.023751148245099787,0.006856365916435536,3.125124289449744,1,8,0.007857798297074323,0.875,0.013569197365733726
293,extra_trees,numeric_outlier+label_flip,shared_latent,0.30+0.30,extra_trees | numeric_outlier+label_flip | shared_latent | 0.30+0.30,12,0.012852931370656571,0.013858628006548244,0.004000641305089758,3.2127177596013454,1,8,-0.004344702422603519,0.5,0.01719763379326009
295,extra_trees,numeric_outlier+label_flip,independent,0.30+0.30,extra_trees | numeric_outlier+label_flip | independent | 0.30+0.30,13,0.012108481573809136,0.012003347739469128,0.0033291296732215927,3.6371312512113056,1,7,0.02322515341011034,0.8571428571428571,-0.011116671836301203
296,regularized_logistic,missing+label_flip,shared_latent,0.10+0.10,regularized_logistic | missing+label_flip | shared_latent | 0.10+0.10,18,-0.004740829502391418,0.0058295107642173,0.0013740288641260088,3.4503128909209346,-1,8,-0.0015440376773274266,0.5,0.006284867179718844
297,extra_trees,numeric_outlier+label_flip,independent,0.10+0.10,extra_trees | numeric_outlier+label_flip | independent | 0.10+0.10,14,0.007932428144868752,0.007888176672681067,0.002108203893965358,3.762647516008762,1,6,-0.012442494727758926,0.0,0.02037492287262768
298,extra_trees,numeric_outlier+label_flip,independent,0.30+0.30,extra_trees | numeric_outlier+label_flip | independent | 0.30+0.30,14,0.014927461655711542,0.016665826985903503,0.004454129617750166,3.3513756753337547,1,6,0.018500311858388265,1.0,-0.0035728502026767233
299,extra_trees,numeric_outlier+label_flip,independent,0.30+0.30,extra_trees | numeric_outlier+label_flip | independent | 0.30+0.30,12,0.022260569455521264,0.023216152917626538,0.006701926068269599,3.3215182066711195,1,8,0.006607437608004502,0.75,0.015653131847516762
300,extra_trees,numeric_outlier+label_flip,independent,0.30+0.30,extra_trees | numeric_outlier+label_flip | independent | 0.30+0.30,13,0.02021048373405609,0.023383855742576495,0.006485514684454817,3.116249783922125,1,7,0.008178577969651707,0.8571428571428571,0.012031905764404384
301,extra_trees,numeric_outlier+label_flip,independent,0.30+0.30,extra_trees | numeric_outlier+label_flip | independent | 0.30+0.30,15,0.01921824345547952,0.022056767633031157,0.005695032914259763,3.3745623150586295,1,5,0.006342536499619659,0.8,0.012875706955859862
302,extra_trees,numeric_outlier+label_flip,independent,0.30+0.30,extra_trees | numeric_outlier+label_flip | independent | 0.30+0.30,13,0.012084700980708223,0.017329946710187966,0.004806462420357015,2.5142609936000695,1,7,0.02326931736872632,1.0,-0.011184616388018098
303,extra_trees,numeric_outlier+label_flip,independent,0.30+0.30,extra_trees | numeric_outlier+label_flip | independent | 0.30+0.30,14,0.01516330699531372,0.022332486641626563,0.005968608114833743,2.540509730841342,1,6,0.017950006065983185,1.0,-0.002786699070669465
304,extra_trees,numeric_outlier+label_flip,independent,0.30+0.30,extra_trees | numeric_outlier+label_flip | independent | 0.30+0.30,13,0.01796776471885719,0.023986764634167455,0.006652731524690537,2.700810133728189,1,7,0.01234362756930682,0.8571428571428571,0.00562413714955037
305,extra_trees,numeric_outlier+label_flip,shared_latent,0.30+0.30,extra_trees | numeric_outlier+label_flip | shared_latent | 0.30+0.30,14,0.009521433330479598,0.012983637158390786,0.0034700229914918224,2.743910733106172,1,6,-0.0023037515932772742,0.6666666666666666,0.011825184923756872
306,extra_trees,numeric_outlier+label_flip,independent,0.30+0.30,extra_trees | numeric_outlier+label_flip | independent | 0.30+0.30,14,0.017825872021324123,0.022731595930448854,0.006075274559023173,2.9341673118046367,1,6,0.011737354338625577,0.8333333333333334,0.006088517682698545
307,extra_trees,numeric_outlier+label_flip,independent,0.30+0.30,extra_trees | numeric_outlier+label_flip | independent | 0.30+0.30,15,0.016140962535843534,0.021635803465544907,0.005586340433591476,2.8893624954873114,1,5,0.015574379258527634,1.0,0.0005665832773159001
308,extra_trees,numeric_outlier+label_flip,independent,0.30+0.30,extra_trees | numeric_outlier+label_flip | independent | 0.30+0.30,14,0.01046425698252281,0.0116127327932704,0.003103633388326584,3.3716150309121797,1,6,0.02891445609582864,1.0,-0.01845019911330583
309,extra_trees,numeric_outlier+label_flip,independent,0.30+0.30,extra_trees | numeric_outlier+label_flip | independent | 0.30+0.30,15,0.01962601553508283,0.021938624012947088,0.005664528362723346,3.4647219112249603,1,5,0.005119220260809746,1.0,0.014506795274273083
310,extra_trees,missing+label_flip,independent,0.30+0.30,extra_trees | missing+label_flip | independent | 0.30+0.30,18,0.007351416559499406,0.008814422930703312,0.002077579408848838,3.5384527437017383,1,8,0.005701371253304173,0.5,0.0016500453061952334
311,extra_trees,numeric_outlier+label_flip,independent,0.30+0.30,extra_trees | numeric_outlier+label_flip | independent | 0.30+0.30,15,0.019806092113793007,0.02175635051694835,0.005617465548426139,3.525805711321565,1,5,0.004578990524679209,1.0,0.0152271015891138
312,extra_trees,numeric_outlier+label_flip,independent,0.30+0.30,extra_trees | numeric_outlier+label_flip | independent | 0.30+0.30,15,0.019582823691327845,0.021762625356236295,0.005619085704963628,3.485055170813524,1,5,0.005248795792074696,0.6,0.014334027899253149
313,extra_trees,numeric_outlier+label_flip,independent,0.30+0.30,extra_trees | numeric_outlier+label_flip | independent | 0.30+0.30,15,0.01382549295445478,0.017219571080115965,0.0044460741348082665,3.1095956871738024,1,5,0.022520788002693887,1.0,-0.008695295048239106
314,extra_trees,numeric_outlier+label_flip,independent,0.30+0.30,extra_trees | numeric_outlier+label_flip | independent | 0.30+0.30,13,0.019724911873073868,0.023300479070817965,0.006462390156362285,3.052262614267339,1,7,0.009080354282904409,0.8571428571428571,0.010644557590169459
315,extra_trees,numeric_outlier+label_flip,independent,0.30+0.30,extra_trees | numeric_outlier+label_flip | independent | 0.30+0.30,14,0.013424785357152625,0.017421805610716285,0.004656173403876878,2.8832228082344877,1,6,0.02200655655502574,1.0,-0.008581771197873116
316,extra_trees,numeric_outlier+label_flip,independent,0.30+0.30,extra_trees | numeric_outlier+label_flip | independent | 0.30+0.30,14,0.015064029273095542,0.020276315777135134,0.00541907333600562,2.779816462900867,1,6,0.018181654084492262,1.0,-0.00311762481139672
317,extra_trees,numeric_outlier+label_flip,independent,0.30+0.30,extra_trees | numeric_outlier+label_flip | independent | 0.30+0.30,16,0.012384389923810024,0.01608263256135536,0.00402065814033884,3.0801897330088184,1,4,0.03045902388733269,1.0,-0.018074633963522668
318,extra_trees,numeric_outlier+label_flip,independent,0.30+0.30,extra_trees | numeric_outlier+label_flip | independent | 0.30+0.30,15,0.018084550147681795,0.022336120555011357,0.005767161528562677,3.1357800640948796,1,5,0.009743616423012844,1.0,0.008340933724668952
319,extra_trees,numeric_outlier+label_flip,independent,0.30+0.30,extra_trees | numeric_outlier+label_flip | independent | 0.30+0.30,15,0.019155644762422364,0.022105650549332757,0.00570765442897644,3.3561325410966703,1,5,0.006530332578791135,0.8,0.01262531218363123
320,extra_trees,numeric_outlier+label_flip,independent,0.30+0.30,extra_trees | numeric_outlier+label_flip | independent | 0.30+0.30,14,0.013891277475804539,0.01979576973250318,0.005290642003321181,2.6256317224042642,1,6,0.02091807494483794,1.0,-0.0070267974690334
321,extra_trees,numeric_outlier+label_flip,independent,0.30+0.30,extra_trees | numeric_outlier+label_flip | independent | 0.30+0.30,15,0.017744908705162717,0.021309756388782745,0.005502155440366178,3.225083132871608,1,5,0.010762540750570083,0.6,0.006982367954592634
322,extra_trees,numeric_outlier+label_flip,independent,0.30+0.30,extra_trees | numeric_outlier+label_flip | independent | 0.30+0.30,14,0.016069894001134545,0.019485493371729345,0.005207717157804699,3.0857847141431107,1,6,0.015834636385734596,0.8333333333333334,0.00023525761539994888
323,regularized_logistic,categorical_inconsistency+missing,shared_latent,0.30+0.30,regularized_logistic | categorical_inconsistency+missing | shared_latent | 0.30+0.30,12,-0.007094152085075615,0.009436741887732802,0.0027241527345777754,2.6041682593744726,-1,5,-0.00026358437428172977,0.6,0.007357736459357345
324,extra_trees,numeric_outlier+label_flip,independent,0.30+0.30,extra_trees | numeric_outlier+label_flip | independent | 0.30+0.30,13,0.012134064119487621,0.010749059069316927,0.0029812525874933393,4.070122796837566,1,7,0.02317764296813601,0.8571428571428571,-0.01104357884864839
325,extra_trees,missing+label_flip,independent,0.30+0.30,extra_trees | missing+label_flip | independent | 0.30+0.30,18,0.012346609882987716,0.015484650412583269,0.0036497671036802336,3.382848694794263,1,8,-0.005537813724544527,0.5,0.017884423607532243
326,extra_trees,numeric_outlier+label_flip,independent,0.30+0.30,extra_trees | numeric_outlier+label_flip | independent | 0.30+0.30,13,0.0167778166284163,0.017295981775009867,0.00479704224225298,3.4975336428424746,1,7,0.014553531165839904,1.0,0.002224285462576395
327,extra_trees,numeric_outlier+label_flip,independent,0.30+0.30,extra_trees | numeric_outlier+label_flip | independent | 0.30+0.30,15,0.015167311500011316,0.01668331278536617,0.004307612838486163,3.5210479838159294,1,5,0.01849533236602429,1.0,-0.003328020866012974
328,extra_trees,numeric_outlier+label_flip,independent,0.30+0.30,extra_trees | numeric_outlier+label_flip | independent | 0.30+0.30,14,0.020316608123194618,0.02218656758936071,0.005929609607706487,3.426297761119028,1,6,0.005925636767594407,0.8333333333333334,0.014390971355600211
329,extra_trees,numeric_outlier+label_flip,independent,0.30+0.30,extra_trees | numeric_outlier+label_flip | independent | 0.30+0.30,14,0.011398239758558675,0.011910661441283854,0.0031832581687959494,3.5806834237607563,1,6,0.026735162951744957,0.8333333333333334,-0.015336923193186282
330,extra_trees,numeric_outlier+label_flip,independent,0.30+0.30,extra_trees | numeric_outlier+label_flip | independent | 0.30+0.30,15,0.017327082223286674,0.022690928335723164,0.005858772503616119,2.9574594699814933,1,5,0.0120160201961982,1.0,0.005311062027088474
331,extra_trees,numeric_outlier+label_flip,independent,0.30+0.30,extra_trees | numeric_outlier+label_flip | independent | 0.30+0.30,14,0.01961266879934096,0.02248557389604318,0.006009522404570091,3.2635985822144566,1,6,0.007568161856586277,0.8333333333333334,0.012044506942754683
332,extra_trees,numeric_outlier+label_flip,independent,0.30+0.30,extra_trees | numeric_outlier+label_flip | independent | 0.30+0.30,14,0.013922441724285662,0.017409981959335515,0.004653013400124913,2.992134457191098,1,6,0.020845358365048656,1.0,-0.006922916640762994
333,extra_trees,numeric_outlier+label_flip,independent,0.30+0.30,extra_trees | numeric_outlier+label_flip | independent | 0.30+0.30,14,0.019132197348510883,0.022651299839728165,0.006053814526096449,3.160354065364386,1,6,0.008689261908523125,0.8333333333333334,0.010442935439987758
334,extra_trees,numeric_outlier+label_flip,independent,0.30+0.30,extra_trees | numeric_outlier+label_flip | independent | 0.30+0.30,13,0.012410518373893502,0.017770228809510482,0.0049285747038013425,2.5180745184447417,1,7,0.02266422792423938,1.0,-0.01025370955034588
335,extra_trees,numeric_outlier+label_flip,independent,0.30+0.30,extra_trees | numeric_outlier+label_flip | independent | 0.30+0.30,15,0.016921562592288223,0.022326973346709036,0.005764799729534731,2.9353253167831967,1,5,0.01323257908919356,0.8,0.003688983503094663
336,extra_trees,numeric_outlier+label_flip,independent,0.30+0.30,extra_trees | numeric_outlier+label_flip | independent | 0.30+0.30,14,0.020288041774216108,0.02246835601822388,0.006004920733161009,3.378569455909607,1,6,0.005992291581877603,0.8333333333333334,0.014295750192338506
337,extra_trees,numeric_outlier+label_flip,independent,0.30+0.30,extra_trees | numeric_outlier+label_flip | independent | 0.30+0.30,15,0.014262858758730951,0.01694059353584483,0.004374042442613069,3.2607956931963984,1,5,0.021208690589865388,1.0,-0.006945831831134437
338,extra_trees,numeric_outlier+label_flip,independent,0.30+0.30,extra_trees | numeric_outlier+label_flip | independent | 0.30+0.30,14,0.015468887322737901,0.01666470877229283,0.004453830762591855,3.473164596343118,1,6,0.017236985301993423,0.6666666666666666,-0.0017680979792555219
339,extra_trees,numeric_outlier+label_flip,independent,0.30+0.30,extra_trees | numeric_outlier+label_flip | independent | 0.30+0.30,15,0.019040102122511535,0.022143213370954016,0.00571735310781482,3.330230224277452,1,5,0.006876960498523621,0.8,0.012163141623987914
340,extra_trees,numeric_outlier+label_flip,independent,0.30+0.30,extra_trees | numeric_outlier+label_flip | independent | 0.30+0.30,15,0.015876512835066584,0.018845451061434773,0.004865874540846918,3.262828234018388,1,5,0.016367728360858487,0.8,-0.0004912155257919028
341,extra_trees,numeric_outlier+label_flip,independent,0.30+0.30,extra_trees | numeric_outlier+label_flip | independent | 0.30+0.30,15,0.017985151974714526,0.022481534261986066,0.005804707186257565,3.098373681500029,1,5,0.010041810941914652,1.0,0.007943341032799874
342,hist_gradient_boosting,numeric_outlier+label_flip,shared_latent,0.30+0.30,hist_gradient_boosting | numeric_outlier+label_flip | shared_latent | 0.30+0.30,13,0.018378529589213162,0.025300246236113603,0.007017025775859415,2.619133829099016,1,7,0.0178167326896384,0.7142857142857143,0.0005617968995747617
343,extra_trees,numeric_outlier+label_flip,independent,0.30+0.30,extra_trees | numeric_outlier+label_flip | independent | 0.30+0.30,16,0.01497557483193392,0.015961634707730075,0.003990408676932519,3.7528925091065726,1,4,0.020094284254837114,0.75,-0.005118709422903194
345,extra_trees,numeric_outlier+label_flip,independent,0.30+0.30,extra_trees | numeric_outlier+label_flip | independent | 0.30+0.30,14,0.018522687325915745,0.022671675739738936,0.006059260214438411,3.0569222430452228,1,6,0.010111451961245127,1.0,0.008411235364670618
346,extra_trees,numeric_outlier+label_flip,independent,0.30+0.30,extra_trees | numeric_outlier+label_flip | independent | 0.30+0.30,13,0.008766383959585938,0.008336164690695964,0.002312036094847439,3.7916293690753964,1,7,0.029431906122239143,0.7142857142857143,-0.020665522162653206
347,extra_trees,numeric_outlier+label_flip,independent,0.30+0.30,extra_trees | numeric_outlier+label_flip | independent | 0.30+0.30,14,0.018925597339848776,0.02259483389077638,0.006038723366453832,3.134039463536911,1,6,0.009171328595401387,0.6666666666666666,0.009754268744447389
348,extra_trees,numeric_outlier+label_flip,independent,0.30+0.30,extra_trees | numeric_outlier+label_flip | independent | 0.30+0.30,15,0.01236021040754834,0.016509520799454457,0.0042627399406768044,2.899592886162763,1,5,0.026916635643413213,0.8,-0.014556425235864872
349,hist_gradient_boosting,numeric_outlier+label_flip,shared_latent,0.30+0.30,hist_gradient_boosting | numeric_outlier+label_flip | shared_latent | 0.30+0.30,14,0.024189034215698207,0.03203315195456004,0.008561219973745121,2.8254190746037646,1,6,0.004165255744577496,0.6666666666666666,0.02002377847112071
350,extra_trees,numeric_outlier+label_flip,independent,0.30+0.30,extra_trees | numeric_outlier+label_flip | independent | 0.30+0.30,14,0.014829030063873065,0.016635054401733226,0.004445905298687964,3.3354354327451095,1,6,0.018729985572678052,0.8333333333333334,-0.003900955508804987
351,extra_trees,numeric_outlier+label_flip,independent,0.30+0.30,extra_trees | numeric_outlier+label_flip | independent | 0.30+0.30,13,0.014975071750399057,0.01739684270457072,0.004825016030962412,3.1036315018029246,1,7,0.01790148593930049,0.7142857142857143,-0.002926414188901433
352,hist_gradient_boosting,missing+label_flip,independent,0.10+0.10,hist_gradient_boosting | missing+label_flip | independent | 0.10+0.10,18,0.006352807269843585,0.008525928351852731,0.002009580584501904,3.1612602743264446,1,8,-0.0045060811275758565,0.5,0.010858888397419442
353,extra_trees,numeric_outlier+label_flip,independent,0.30+0.30,extra_trees | numeric_outlier+label_flip | independent | 0.30+0.30,15,0.016347940502701067,0.02149180773506978,0.005549160895854467,2.9460202739686085,1,5,0.014953445357955033,0.8,0.0013944951447460337
354,extra_trees,numeric_outlier+label_flip,independent,0.30+0.30,extra_trees | numeric_outlier+label_flip | independent | 0.30+0.30,13,0.018391840341561008,0.022887881883589194,0.006347956286003396,2.897285285677402,1,7,0.01155605855571401,0.8571428571428571,0.006835781785846998
355,extra_trees,numeric_outlier+label_flip,independent,0.30+0.30,extra_trees | numeric_outlier+label_flip | independent | 0.30+0.30,16,0.011377013113653054,0.011183303127162725,0.0027958257817906813,4.069285428209429,1,4,0.034488531127960576,0.75,-0.02311151801430752
356,extra_trees,numeric_outlier+label_flip,independent,0.30+0.30,extra_trees | numeric_outlier+label_flip | independent | 0.30+0.30,13,0.0209773136183258,0.023115929508254543,0.00641120531707868,3.2719765755192336,1,7,0.006754465327436535,0.8571428571428571,0.014222848290889267
357,extra_trees,numeric_outlier+label_flip,shared_latent,0.30+0.30,extra_trees | numeric_outlier+label_flip | shared_latent | 0.30+0.30,13,0.011508868715094177,0.014101131869603682,0.003910950307533498,2.9427294672921644,1,7,-0.0043053908898819425,0.5714285714285714,0.01581425960497612
358,extra_trees,numeric_outlier+label_flip,independent,0.30+0.30,extra_trees | numeric_outlier+label_flip | independent | 0.30+0.30,16,0.017255442853984053,0.021614526262896717,0.005403631565724179,3.1933048439936575,1,4,0.010974812166636566,1.0,0.006280630687347487
359,extra_trees,numeric_outlier+label_flip,independent,0.30+0.30,extra_trees | numeric_outlier+label_flip | independent | 0.30+0.30,14,0.01727303037347437,0.023075880627893473,0.006167288514833665,2.8007495241918696,1,6,0.013027318183608331,0.8333333333333334,0.00424571218986604
360,extra_trees,numeric_outlier+label_flip,independent,0.30+0.30,extra_trees | numeric_outlier+label_flip | independent | 0.30+0.30,12,0.014670099309553278,0.020907845176636426,0.0060355750204530295,2.43060508068246,1,8,0.01799314282695648,0.875,-0.0033230435174032014
361,extra_trees,numeric_outlier+label_flip,independent,0.30+0.30,extra_trees | numeric_outlier+label_flip | independent | 0.30+0.30,14,0.014906517435349667,0.019612756331446955,0.005241729614468278,2.8438165513544496,1,6,0.018549181705899306,0.6666666666666666,-0.0036426642705496386
362,extra_trees,numeric_outlier+label_flip,independent,0.30+0.30,extra_trees | numeric_outlier+label_flip | independent | 0.30+0.30,14,0.017647228704093847,0.02316873812080302,0.006192105723709545,2.849955974834649,1,6,0.012154188745496225,1.0,0.005493039958597621
363,extra_trees,numeric_outlier+label_flip,independent,0.30+0.30,extra_trees | numeric_outlier+label_flip | independent | 0.30+0.30,14,0.015393905701417316,0.017073054313388368,0.00456296569903445,3.373662375913708,1,6,0.017411942418408124,0.8333333333333334,-0.002018036716990808
364,extra_trees,numeric_outlier+label_flip,independent,0.30+0.30,extra_trees | numeric_outlier+label_flip | independent | 0.30+0.30,13,0.009450476524427997,0.007921408307788294,0.0021970033713551635,4.301530278762713,1,7,0.028161448501818176,0.7142857142857143,-0.01871097197739018
365,extra_trees,numeric_outlier+label_flip,independent,0.30+0.30,extra_trees | numeric_outlier+label_flip | independent | 0.30+0.30,14,0.01811454078417704,0.02273132440304604,0.006075201990272284,2.9817182726076186,1,6,0.01106379389196877,0.8333333333333334,0.007050746892208271
366,extra_trees,numeric_outlier+label_flip,independent,0.30+0.30,extra_trees | numeric_outlier+label_flip | independent | 0.30+0.30,14,0.013303449731955996,0.01748943178454859,0.004674247259081085,2.8461159614759737,1,6,0.02228967301381787,1.0,-0.008986223281861874
367,extra_trees,numeric_outlier+label_flip,independent,0.30+0.30,extra_trees | numeric_outlier+label_flip | independent | 0.30+0.30,13,0.021051532258017966,0.022724493902606776,0.006302640613447501,3.3401130651653834,1,7,0.006616630710865369,0.8571428571428571,0.014434901547152598
368,extra_trees,numeric_outlier+label_flip,independent,0.30+0.30,extra_trees | numeric_outlier+label_flip | independent | 0.30+0.30,15,0.019396502441161406,0.02191704922501355,0.005658957776432377,3.4275750425177587,1,5,0.005807759542574017,0.8,0.01358874289858739
369,hist_gradient_boosting,numeric_outlier+label_flip,independent,0.10+0.10,hist_gradient_boosting | numeric_outlier+label_flip | independent | 0.10+0.10,13,0.008877463268456925,0.011340426549181782,0.0031452684160544666,2.8224819297276773,1,7,0.009324893275756719,0.2857142857142857,-0.0004474300072997931
370,extra_trees,numeric_outlier+label_flip,independent,0.30+0.30,extra_trees | numeric_outlier+label_flip | independent | 0.30+0.30,14,0.018218908642613718,0.023051451088011113,0.006160759445665356,2.957250449931517,1,6,0.010820268888949847,0.8333333333333334,0.007398639753663871
371,hist_gradient_boosting,numeric_outlier+label_flip,shared_latent,0.30+0.30,hist_gradient_boosting | numeric_outlier+label_flip | shared_latent | 0.30+0.30,14,0.02495050556039135,0.03129379794303809,0.008363619302412832,2.9832187069051965,1,6,0.002388489273626837,0.5,0.022562016286764512
372,extra_trees,numeric_outlier+label_flip,independent,0.30+0.30,extra_trees | numeric_outlier+label_flip | independent | 0.30+0.30,15,0.013544340013971,0.017222617462426138,0.004446860707338498,3.04582061489339,1,5,0.023364246824145233,1.0,-0.009819906810174233
373,extra_trees,numeric_outlier+label_flip,independent,0.30+0.30,extra_trees | numeric_outlier+label_flip | independent | 0.30+0.30,13,0.011999179651804661,0.0177724449629739,0.004929189354181854,2.4343109565520606,1,7,0.023428142693832945,1.0,-0.011428963042028284
374,extra_trees,numeric_outlier+label_flip,independent,0.10+0.10,extra_trees | numeric_outlier+label_flip | independent | 0.10+0.10,15,0.00729043811177633,0.007998887293466001,0.002065303818385596,3.5299591502596024,1,5,-0.014591509203007192,0.0,0.02188194731478352
375,extra_trees,missing+label_flip,independent,0.30+0.30,extra_trees | missing+label_flip | independent | 0.30+0.30,18,0.009159082256610817,0.011172559701287344,0.0026333975759972768,3.478047652239613,1,8,0.0016341234348035,0.5,0.007524958821807317
376,extra_trees,numeric_outlier+label_flip,independent,0.30+0.30,extra_trees | numeric_outlier+label_flip | independent | 0.30+0.30,13,0.018007798601576894,0.02395965560043494,0.006645212831525086,2.7098904215900155,1,7,0.012269278929970224,1.0,0.0057385196716066705
377,extra_trees,numeric_outlier+label_flip,independent,0.30+0.30,extra_trees | numeric_outlier+label_flip | independent | 0.30+0.30,13,0.010391134402506504,0.011142235889491963,0.0030903002171444914,3.3624999748756292,1,7,0.026414512442529518,0.8571428571428571,-0.016023378040023014
378,hist_gradient_boosting,missing+label_flip,independent,0.10+0.10,hist_gradient_boosting | missing+label_flip | independent | 0.10+0.10,18,0.007199278463095686,0.009493656804047991,0.0022376763681333806,3.21730102065705,1,8,-0.006410641312393081,0.5,0.013609919775488767
379,extra_trees,numeric_outlier+label_flip,independent,0.10+0.10,extra_trees | numeric_outlier+label_flip | independent | 0.10+0.10,13,0.007946930329257166,0.008489247912342733,0.0023544937413905653,3.3752182855936175,1,7,-0.009558724088390595,0.2857142857142857,0.01750565441764776
380,extra_trees,numeric_outlier+label_flip,independent,0.30+0.30,extra_trees | numeric_outlier+label_flip | independent | 0.30+0.30,12,0.01951484546283073,0.024501969955910263,0.007073109474860457,2.759019287371589,1,8,0.010726023597040299,0.875,0.008788821865790433
381,extra_trees,numeric_outlier+label_flip,independent,0.30+0.30,extra_trees | numeric_outlier+label_flip | independent | 0.30+0.30,12,0.013580357468564723,0.01643020016410274,0.004742990243792076,2.8632480293079983,1,8,0.019627755588439315,0.875,-0.006047398119874592
382,hist_gradient_boosting,missing+label_flip,independent,0.10+0.10,hist_gradient_boosting | missing+label_flip | independent | 0.10+0.10,18,0.007371493498413855,0.009899360833129579,0.0023333017248394787,3.159254296150226,1,8,-0.006798125141858962,0.375,0.014169618640272818
383,extra_trees,numeric_outlier+label_flip,independent,0.30+0.30,extra_trees | numeric_outlier+label_flip | independent | 0.30+0.30,14,0.015995467116298092,0.022823886553515818,0.006099940265560921,2.6222334022851657,1,6,0.016008299117019644,1.0,-1.2832000721552106e-05
384,extra_trees,numeric_outlier+label_flip,independent,0.30+0.30,extra_trees | numeric_outlier+label_flip | independent | 0.30+0.30,14,0.018410934139980083,0.0232941963440767,0.006225635844269795,2.9572777143600346,1,6,0.010372209395094997,1.0,0.008038724744885086
385,regularized_logistic,numeric_outlier+label_flip,independent,0.30+0.30,regularized_logistic | numeric_outlier+label_flip | independent | 0.30+0.30,12,0.01170594807479696,0.012721377094435367,0.0036723452449674994,3.1875946551698893,1,8,0.02640532082660243,0.375,-0.014699372751805469
386,extra_trees,missing+label_flip,independent,0.30+0.30,extra_trees | missing+label_flip | independent | 0.30+0.30,18,0.009089983504343983,0.01107969730185318,0.002611509698544893,3.4807389416967625,1,8,0.0017895956274038755,0.5,0.0073003878769401075
387,extra_trees,numeric_outlier+label_flip,independent,0.30+0.30,extra_trees | numeric_outlier+label_flip | independent | 0.30+0.30,13,0.020119120831948722,0.02340162251215893,0.006490442299741649,3.099807363320919,1,7,0.008348251930708251,0.8571428571428571,0.011770868901240471
388,extra_trees,numeric_outlier+label_flip,independent,0.30+0.30,extra_trees | numeric_outlier+label_flip | independent | 0.30+0.30,13,0.01551227804106753,0.020224718993345166,0.005609327797104341,2.7654433119553667,1,7,0.016903817113773326,0.7142857142857143,-0.0013915390727057952
389,extra_trees,numeric_outlier+label_flip,independent,0.30+0.30,extra_trees | numeric_outlier+label_flip | independent | 0.30+0.30,14,0.02032486369350601,0.022405857761771057,0.005988217371524066,3.3941426024641976,1,6,0.005906373770201157,0.6666666666666666,0.014418489923304856
390,extra_trees,numeric_outlier+label_flip,independent,0.30+0.30,extra_trees | numeric_outlier+label_flip | independent | 0.30+0.30,12,0.015342330690750665,0.01625035098229141,0.004691072257025923,3.270538130759362,1,8,0.016984795755160403,0.875,-0.001642465064409739
391,extra_trees,numeric_outlier+label_flip,independent,0.30+0.30,extra_trees | numeric_outlier+label_flip | independent | 0.30+0.30,13,0.013321713321548594,0.015932030241032978,0.0044187501504836385,3.014814793294098,1,7,0.02097200873573707,0.8571428571428571,-0.007650295414188475
392,extra_trees,numeric_outlier+label_flip,independent,0.30+0.30,extra_trees | numeric_outlier+label_flip | independent | 0.30+0.30,15,0.014427212393280108,0.016538161763608613,0.004270135005822696,3.378631442239499,1,5,0.020715629686217908,0.8,-0.0062884172929378
393,hist_gradient_boosting,numeric_outlier+label_flip,shared_latent,0.30+0.30,hist_gradient_boosting | numeric_outlier+label_flip | shared_latent | 0.30+0.30,14,0.023834529932741235,0.03165732959715151,0.008460777223765661,2.817061518390049,1,6,0.004992432404810442,0.5,0.01884209752793079
394,extra_trees,missing+label_flip,shared_latent,0.30+0.30,extra_trees | missing+label_flip | shared_latent | 0.30+0.30,18,0.01610528667036199,0.02005004895932954,0.004725841860754733,3.4079190850854926,1,8,-0.01099730313184708,0.5,0.027102589802209073
395,extra_trees,numeric_outlier+label_flip,independent,0.30+0.30,extra_trees | numeric_outlier+label_flip | independent | 0.30+0.30,14,0.0150842023290696,0.022512488488620183,0.006016715632007788,2.5070492361022514,1,6,0.018134583620552803,1.0,-0.0030503812914832035
396,extra_trees,missing+label_flip,independent,0.30+0.30,extra_trees | missing+label_flip | independent | 0.30+0.30,18,0.01166723049702505,0.015312052664792658,0.0036090854243868114,3.232738803628437,1,8,-0.004009210106128526,0.5,0.015676440603153576
397,extra_trees,numeric_outlier+label_flip,shared_latent,0.30+0.30,extra_trees | numeric_outlier+label_flip | shared_latent | 0.30+0.30,13,0.012113845690693313,0.013171402136332963,0.0036530896747926484,3.3160548382598636,1,7,-0.005428919558851766,0.5714285714285714,0.01754276524954508
398,extra_trees,missing+label_flip,independent,0.30+0.30,extra_trees | missing+label_flip | independent | 0.30+0.30,18,0.009573771572674916,0.009839196338918775,0.0023191208175584394,4.12819008832586,1,8,0.0007010724736592755,0.375,0.00887269909901564
399,extra_trees,numeric_outlier+label_flip,independent,0.30+0.30,extra_trees | numeric_outlier+label_flip | independent | 0.30+0.30,13,0.014695352336790079,0.023466123963025953,0.006508331783468024,2.2579291937940393,1,7,0.0184209648502886,1.0,-0.003725612513498523
400,extra_trees,numeric_outlier+label_flip,independent,0.30+0.30,extra_trees | numeric_outlier+label_flip | independent | 0.30+0.30,12,0.017407693023944876,0.01762407307747818,0.0050876316677498324,3.4215710100027708,1,8,0.013886752255369079,0.75,0.003520940768575797
401,extra_trees,numeric_outlier+label_flip,independent,0.30+0.30,extra_trees | numeric_outlier+label_flip | independent | 0.30+0.30,14,0.01849966132419648,0.022949854699865675,0.00613360666879579,3.0161147140901545,1,6,0.01016517929859008,0.8333333333333334,0.0083344820256064
402,extra_trees,numeric_outlier+label_flip,independent,0.30+0.30,extra_trees | numeric_outlier+label_flip | independent | 0.30+0.30,15,0.013458898463340703,0.019666636135932006,0.005077903615359043,2.650483247187248,1,5,0.023620571476036127,1.0,-0.010161673012695424
403,extra_trees,numeric_outlier+label_flip,independent,0.30+0.30,extra_trees | numeric_outlier+label_flip | independent | 0.30+0.30,12,0.014013676523092494,0.011726662201701665,0.003385195789424133,4.139694539049515,1,8,0.018977777006647663,0.875,-0.004964100483555169
404,extra_trees,numeric_outlier+label_flip,shared_latent,0.30+0.30,extra_trees | numeric_outlier+label_flip | shared_latent | 0.30+0.30,16,0.010348193889326462,0.01348781356775406,0.003371953391938515,3.0689018163970974,1,4,-0.011523386290543168,0.5,0.021871580179869628
405,extra_trees,numeric_outlier+label_flip,independent,0.30+0.30,extra_trees | numeric_outlier+label_flip | independent | 0.30+0.30,13,0.016501258191815756,0.020320428482940828,0.005635872833434006,2.9278975377024854,1,7,0.015067139690955189,1.0,0.0014341185008605664
406,extra_trees,numeric_outlier+label_flip,independent,0.30+0.30,extra_trees | numeric_outlier+label_flip | independent | 0.30+0.30,14,0.011285989010026717,0.011959840325496735,0.0031964017784665514,3.5308418003199464,1,6,0.02699708136498619,1.0,-0.015711092354959474
408,extra_trees,numeric_outlier+label_flip,independent,0.30+0.30,extra_trees | numeric_outlier+label_flip | independent | 0.30+0.30,14,0.015355922535490202,0.019932287443570406,0.00532712789632405,2.8825894242348595,1,6,0.0175005698055714,0.8333333333333334,-0.0021446472700811965
409,extra_trees,missing+label_flip,independent,0.30+0.30,extra_trees | missing+label_flip | independent | 0.30+0.30,18,0.011403174906854309,0.015345218666081576,0.0036169027258588903,3.152745807988642,1,8,-0.0034150850282443587,0.375,0.014818259935098667
410,extra_trees,numeric_outlier+label_flip,independent,0.30+0.30,extra_trees | numeric_outlier+label_flip | independent | 0.30+0.30,15,0.017979195001051346,0.022409280995027214,0.0057860514729481845,3.10733409218884,1,5,0.010059681862904183,1.0,0.007919513138147163
411,hist_gradient_boosting,numeric_outlier+label_flip,shared_latent,0.30+0.30,hist_gradient_boosting | numeric_outlier+label_flip | shared_latent | 0.30+0.30,14,0.017699918463268266,0.024413053973498612,0.006524663123832286,2.712771238505284,1,6,0.0193065258335807,0.5,-0.001606607370312433
412,regularized_logistic,missing+label_flip,shared_latent,0.10+0.10,regularized_logistic | missing+label_flip | shared_latent | 0.10+0.10,18,-0.005310439239010551,0.008231527871947784,0.001940189725926783,2.7370721368364523,-1,8,-0.0028256595847204772,0.375,0.00813609882373103
413,extra_trees,numeric_outlier+label_flip,independent,0.30+0.30,extra_trees | numeric_outlier+label_flip | independent | 0.30+0.30,14,0.01745903969940511,0.021982881668746776,0.005875172255603131,2.9716643086940104,1,6,0.01259329642310328,0.8333333333333334,0.004865743276301829
414,extra_trees,numeric_outlier+label_flip,independent,0.30+0.30,extra_trees | numeric_outlier+label_flip | independent | 0.30+0.30,15,0.020400896637364278,0.021252072638124574,0.0054872615599897865,3.717864806393929,1,5,0.0027945769539654036,0.6,0.017606319683398874
415,extra_trees,numeric_outlier+label_flip,independent,0.30+0.30,extra_trees | numeric_outlier+label_flip | independent | 0.30+0.30,15,0.01906618465922964,0.021668307914962683,0.005594733046342989,3.4078810376291857,1,5,0.006798712888369318,0.8,0.012267471770860322
416,extra_trees,numeric_outlier+label_flip,independent,0.30+0.30,extra_trees | numeric_outlier+label_flip | independent | 0.30+0.30,16,0.017432604664483972,0.02147055694140907,0.005367639235352268,3.2477228629058383,1,4,0.010266164924636889,0.5,0.007166439739847083
417,hist_gradient_boosting,numeric_outlier+label_flip,shared_latent,0.30+0.30,hist_gradient_boosting | numeric_outlier+label_flip | shared_latent | 0.30+0.30,14,0.024755983584581892,0.03137855847986767,0.008386272508751067,2.951965078495726,1,6,0.0028423738838488986,0.3333333333333333,0.021913609700732993
418,extra_trees,numeric_outlier+label_flip,independent,0.30+0.30,extra_trees | numeric_outlier+label_flip | independent | 0.30+0.30,14,0.013863104002529634,0.017239787239292537,0.00460752694787929,3.008794991185112,1,6,0.020983813049146056,1.0,-0.007120709046616422
419,extra_trees,numeric_outlier+label_flip,shared_latent,0.30+0.30,extra_trees | numeric_outlier+label_flip | shared_latent | 0.30+0.30,16,0.012172343656932448,0.013944575285187553,0.0034861438212968883,3.491635537975076,1,4,-0.018819985360967118,0.5,0.030992329017899566
420,extra_trees,numeric_outlier+label_flip,independent,0.30+0.30,extra_trees | numeric_outlier+label_flip | independent | 0.30+0.30,14,0.013922570673059975,0.016839571444227132,0.0045005647774571415,3.0935163388374445,1,6,0.02084505748457526,1.0,-0.006922486811515284
421,extra_trees,numeric_outlier+label_flip,independent,0.30+0.30,extra_trees | numeric_outlier+label_flip | independent | 0.30+0.30,14,0.014676994902595565,0.016818164299670084,0.004494843477417026,3.2652961057121703,1,6,0.019084734282325544,0.8333333333333334,-0.004407739379729979
422,extra_trees,numeric_outlier+label_flip,independent,0.30+0.30,extra_trees | numeric_outlier+label_flip | independent | 0.30+0.30,13,0.021548345641171293,0.022766906840698136,0.006314403845988384,3.412570080524896,1,7,0.005693977285009193,0.7142857142857143,0.0158543683561621
423,extra_trees,numeric_outlier+label_flip,independent,0.30+0.30,extra_trees | numeric_outlier+label_flip | independent | 0.30+0.30,14,0.014337756168522004,0.01678248418197495,0.004485307564850243,3.1966049064019355,1,6,0.01987629132849719,0.8333333333333334,-0.005538535159975185
424,extra_trees,numeric_outlier+label_flip,independent,0.30+0.30,extra_trees | numeric_outlier+label_flip | independent | 0.30+0.30,15,0.012311355900785982,0.016536861858794962,0.004269799371843034,2.8833569984511604,1,5,0.027063199163700286,1.0,-0.014751843262914304
425,extra_trees,numeric_outlier+label_flip,independent,0.30+0.30,extra_trees | numeric_outlier+label_flip | independent | 0.30+0.30,13,0.017902785766729042,0.0228035106863074,0.006324555926159412,2.8306787030975804,1,7,0.012464302766116233,1.0,0.005438483000612809
426,extra_trees,numeric_outlier+label_flip,independent,0.30+0.30,extra_trees | numeric_outlier+label_flip | independent | 0.30+0.30,13,0.01984866986211512,0.023013080282557857,0.006382680074240897,3.1097704461516122,1,7,0.008850518017542088,0.8571428571428571,0.010998151844573034
427,extra_trees,numeric_outlier+label_flip,independent,0.30+0.30,extra_trees | numeric_outlier+label_flip | independent | 0.30+0.30,15,0.010711559189466913,0.011711984153213372,0.003024021305096038,3.5421573159606865,1,5,0.03186258929765749,1.0,-0.02115103010819058
428,extra_trees,numeric_outlier+label_flip,independent,0.30+0.30,extra_trees | numeric_outlier+label_flip | independent | 0.30+0.30,15,0.012147069947139091,0.01567521934797928,0.004047324232191469,3.0012594124592593,1,5,0.02755605702464096,1.0,-0.01540898707750187
429,extra_trees,numeric_outlier+label_flip,independent,0.30+0.30,extra_trees | numeric_outlier+label_flip | independent | 0.30+0.30,13,0.019173333658095103,0.023854698879738945,0.006616103074742473,2.89797988959557,1,7,0.010104713825007836,1.0,0.009068619833087268
430,hist_gradient_boosting,numeric_outlier+label_flip,shared_latent,0.10+0.10,hist_gradient_boosting | numeric_outlier+label_flip | shared_latent | 0.10+0.10,13,-0.009624201729042402,0.009956876967680868,0.002761540803881521,3.4850840210345524,-1,7,-0.04070435898433007,0.2857142857142857,0.050328560713372474
431,extra_trees,numeric_outlier+label_flip,independent,0.30+0.30,extra_trees | numeric_outlier+label_flip | independent | 0.30+0.30,14,0.01722105283539677,0.023271068589638795,0.006219454691896074,2.768900761964829,1,6,0.013148599105789404,1.0,0.004072453729607366
432,extra_trees,numeric_outlier+label_flip,independent,0.30+0.30,extra_trees | numeric_outlier+label_flip | independent | 0.30+0.30,13,0.014211974704489637,0.017915539656701226,0.004968876681526522,2.860198716005059,1,7,0.019318666167417984,0.8571428571428571,-0.005106691462928347
433,extra_trees,numeric_outlier+label_flip,independent,0.30+0.30,extra_trees | numeric_outlier+label_flip | independent | 0.30+0.30,13,0.02044669952534471,0.02304792338772257,0.006392343812876879,3.19862324741614,1,7,0.007739891500115697,0.8571428571428571,0.012706808025229013
434,extra_trees,numeric_outlier+label_flip,independent,0.30+0.30,extra_trees | numeric_outlier+label_flip | independent | 0.30+0.30,15,0.013728073308015535,0.01695389548221484,0.004377476990397282,3.1360697813215985,1,5,0.022813046942011625,1.0,-0.00908497363399609
435,extra_trees,numeric_outlier+label_flip,independent,0.30+0.30,extra_trees | numeric_outlier+label_flip | independent | 0.30+0.30,15,0.014135877751034632,0.0170436864126754,0.004400660908951563,3.2122169927431283,1,5,0.02158963361295434,1.0,-0.007453755861919709
436,extra_trees,numeric_outlier+label_flip,independent,0.30+0.30,extra_trees | numeric_outlier+label_flip | independent | 0.30+0.30,13,0.02256175025682381,0.022220232114831436,0.006162783557133568,3.6609674910143566,1,7,0.0038119401416545112,1.0,0.0187498101151693
437,extra_trees,numeric_outlier+label_flip,independent,0.30+0.30,extra_trees | numeric_outlier+label_flip | independent | 0.30+0.30,14,0.013588009897383443,0.017260134071097607,0.004612964867416496,2.9456131334018694,1,6,0.021625699294487166,1.0,-0.008037689397103722
438,extra_trees,numeric_outlier+label_flip,shared_latent,0.30+0.30,extra_trees | numeric_outlier+label_flip | shared_latent | 0.30+0.30,12,0.010460218145639142,0.01415975464128848,0.0040875690769034785,2.5590315292147277,1,8,-0.0007556325850773754,0.5,0.011215850730716518
439,extra_trees,numeric_outlier+label_flip,independent,0.30+0.30,extra_trees | numeric_outlier+label_flip | independent | 0.30+0.30,14,0.013760372323280468,0.015775228182236933,0.00421610707543652,3.2637625366418783,1,6,0.02122352030072744,1.0,-0.00746314797744697
440,extra_trees,numeric_outlier+label_flip,shared_latent,0.30+0.30,extra_trees | numeric_outlier+label_flip | shared_latent | 0.30+0.30,12,0.011107340025805467,0.013884596228354222,0.004008137685014786,2.7711972239208373,1,8,-0.0017263154053268623,0.75,0.01283365543113233
441,extra_trees,numeric_outlier+label_flip,independent,0.30+0.30,extra_trees | numeric_outlier+label_flip | independent | 0.30+0.30,14,0.017702768022560617,0.023124949349373036,0.006180402682275348,2.8643389326928532,1,6,0.012024597002407081,0.8333333333333334,0.005678171020153536
442,hist_gradient_boosting,numeric_outlier+label_flip,shared_latent,0.30+0.30,hist_gradient_boosting | numeric_outlier+label_flip | shared_latent | 0.30+0.30,14,0.023658737977486913,0.032128178165085716,0.008586616796784444,2.755303810267479,1,6,0.005402613633737187,0.6666666666666666,0.018256124343749725
443,extra_trees,numeric_outlier+label_flip,independent,0.30+0.30,extra_trees | numeric_outlier+label_flip | independent | 0.30+0.30,14,0.012276675615308022,0.015636442996974826,0.0041790151744643235,2.9376958691904433,1,6,0.024685479285996476,1.0,-0.012408803670688454
444,extra_trees,numeric_outlier+label_flip,independent,0.30+0.30,extra_trees | numeric_outlier+label_flip | independent | 0.30+0.30,14,0.013302469133102165,0.01674380617621533,0.004474970432996231,2.972638441366294,1,6,0.022291961077810146,0.8333333333333334,-0.00898949194470798
445,extra_trees,numeric_outlier+label_flip,independent,0.30+0.30,extra_trees | numeric_outlier+label_flip | independent | 0.30+0.30,12,0.017589364122307032,0.020957956406689512,0.006050040886533316,2.9073132648506395,1,8,0.013614245607825842,1.0,0.00397511851448119
446,extra_trees,numeric_outlier+label_flip,independent,0.30+0.30,extra_trees | numeric_outlier+label_flip | independent | 0.30+0.30,15,0.019224099129543308,0.022033748102611384,0.005689089297062877,3.3791171355788334,1,5,0.0063249694774283,0.8,0.012899129652115008
447,hist_gradient_boosting,missing+label_flip,independent,0.10+0.10,hist_gradient_boosting | missing+label_flip | independent | 0.10+0.10,18,0.006578534641360985,0.00792462153301412,0.0018678512081104063,3.5219800232461216,1,8,-0.005013967713490004,0.375,0.01159250235485099
448,extra_trees,numeric_outlier+label_flip,independent,0.30+0.30,extra_trees | numeric_outlier+label_flip | independent | 0.30+0.30,14,0.016041040616613652,0.016922871075662014,0.004522827540405275,3.546684120344829,1,6,0.015901960949616666,0.8333333333333334,0.0001390796669969857
449,extra_trees,numeric_outlier+label_flip,independent,0.30+0.30,extra_trees | numeric_outlier+label_flip | independent | 0.30+0.30,12,0.010766447501803037,0.01269300906623176,0.0036641561006076338,2.9383157284204175,1,8,0.02384862053858184,1.0,-0.013082173036778803
450,extra_trees,numeric_outlier+label_flip,shared_latent,0.30+0.30,extra_trees | numeric_outlier+label_flip | shared_latent | 0.30+0.30,13,0.013745473029988105,0.014802006298936991,0.004105337899273713,3.348195292869767,1,7,-0.008459084617542096,0.5714285714285714,0.022204557647530203
451,extra_trees,numeric_outlier+label_flip,independent,0.30+0.30,extra_trees | numeric_outlier+label_flip | independent | 0.30+0.30,13,0.016341187017337097,0.023018810334768495,0.006384269304783708,2.5596017707293,1,7,0.015364414729272701,1.0,0.000976772288064396
452,hist_gradient_boosting,numeric_outlier+label_flip,shared_latent,0.30+0.30,hist_gradient_boosting | numeric_outlier+label_flip | shared_latent | 0.30+0.30,13,0.025131700186075467,0.03290612556199405,0.009126517153125064,2.75370108491715,1,7,0.005275130152608403,0.7142857142857143,0.019856570033467066
453,extra_trees,numeric_outlier+label_flip,independent,0.30+0.30,extra_trees | numeric_outlier+label_flip | independent | 0.30+0.30,14,0.016310867220599018,0.019855591974243046,0.005306630169942563,3.073677022564314,1,6,0.015272365540317488,1.0,0.0010385016802815297
454,extra_trees,numeric_outlier+label_flip,shared_latent,0.30+0.30,extra_trees | numeric_outlier+label_flip | shared_latent | 0.30+0.30,14,0.010147288696788577,0.012200887098699629,0.003260824238431739,3.111878456125809,1,6,-0.0037640807813315636,0.5,0.01391136947812014
455,extra_trees,numeric_outlier+label_flip,shared_latent,0.30+0.30,extra_trees | numeric_outlier+label_flip | shared_latent | 0.30+0.30,13,0.008962332181092984,0.012741347648649735,0.003533814020439935,2.53616407916601,1,7,0.00042389124469170274,0.5714285714285714,0.00853844093640128
456,extra_trees,numeric_outlier+label_flip,independent,0.30+0.30,extra_trees | numeric_outlier+label_flip | independent | 0.30+0.30,13,0.014725137670614173,0.020136584999806632,0.005584883825349373,2.6366059046345542,1,7,0.018365649230329566,0.8571428571428571,-0.003640511559715393
457,extra_trees,numeric_outlier+label_flip,independent,0.30+0.30,extra_trees | numeric_outlier+label_flip | independent | 0.30+0.30,15,0.019063359786416455,0.0221878769817732,0.005728885202540433,3.3275862776867906,1,5,0.006807187506808854,1.0,0.0122561722796076
458,extra_trees,numeric_outlier+label_flip,independent,0.30+0.30,extra_trees | numeric_outlier+label_flip | independent | 0.30+0.30,13,0.01772458515928739,0.020216473192526736,0.005607040823438333,3.1611300358641534,1,7,0.012795246751365012,1.0,0.004929338407922378
459,extra_trees,numeric_outlier+label_flip,independent,0.30+0.30,extra_trees | numeric_outlier+label_flip | independent | 0.30+0.30,15,0.011756263135705382,0.01587789353305056,0.004099654481757284,2.867622915057504,1,5,0.02872847745894209,1.0,-0.016972214323236708
460,hist_gradient_boosting,numeric_outlier+label_flip,shared_latent,0.30+0.30,hist_gradient_boosting | numeric_outlier+label_flip | shared_latent | 0.30+0.30,13,0.021276830030708623,0.024017267004300836,0.006661191360039697,3.194147845436139,1,7,0.01243417472686112,0.42857142857142855,0.008842655303847502
461,extra_trees,numeric_outlier+label_flip,independent,0.30+0.30,extra_trees | numeric_outlier+label_flip | independent | 0.30+0.30,15,0.018831301091662766,0.021762577689421487,0.005619073397444967,3.3513178703494946,1,5,0.007503363591069923,0.8,0.011327937500592843
462,extra_trees,numeric_outlier+label_flip,independent,0.30+0.30,extra_trees | numeric_outlier+label_flip | independent | 0.30+0.30,14,0.01699262972322332,0.022216605641991405,0.005937637614957197,2.861850255128077,1,6,0.013681586367527443,0.8333333333333334,0.003311043355695877
463,extra_trees,numeric_outlier+label_flip,independent,0.30+0.30,extra_trees | numeric_outlier+label_flip | independent | 0.30+0.30,15,0.014368136710895178,0.019532168030363988,0.005043184099794976,2.849020861935081,1,5,0.020892856733372704,1.0,-0.006524720022477526
464,hist_gradient_boosting,numeric_outlier+label_flip,shared_latent,0.30+0.30,hist_gradient_boosting | numeric_outlier+label_flip | shared_latent | 0.30+0.30,14,0.022104485857733547,0.02957803171732268,0.007905061490096739,2.796244644703332,1,6,0.009029201913161705,0.5,0.013075283944571843
465,hist_gradient_boosting,numeric_outlier+label_flip,shared_latent,0.30+0.30,hist_gradient_boosting | numeric_outlier+label_flip | shared_latent | 0.30+0.30,14,0.026780430892084546,0.029689654748842064,0.007934894000126638,3.375020623042619,1,6,-0.0018813365003239664,0.3333333333333333,0.028661767392408513
466,extra_trees,numeric_outlier+label_flip,independent,0.30+0.30,extra_trees | numeric_outlier+label_flip | independent | 0.30+0.30,14,0.015725318493411803,0.0160008647356914,0.0042764109809335996,3.6772233921209203,1,6,0.016638645903754325,0.6666666666666666,-0.0009133274103425224
467,extra_trees,numeric_outlier+label_flip,independent,0.30+0.30,extra_trees | numeric_outlier+label_flip | independent | 0.30+0.30,14,0.018101138781775078,0.022871464157075246,0.006112655914975431,2.9612559636195117,1,6,0.011095065230906684,0.8333333333333334,0.007006073550868394
468,extra_trees,numeric_outlier+label_flip,independent,0.30+0.30,extra_trees | numeric_outlier+label_flip | independent | 0.30+0.30,15,0.01706176782064783,0.02179190067717988,0.0056266445603282535,3.0323166209831567,1,5,0.012811963404114751,1.0,0.004249804416533078
469,extra_trees,numeric_outlier+label_flip,independent,0.30+0.30,extra_trees | numeric_outlier+label_flip | independent | 0.30+0.30,14,0.01516106419021965,0.016618171508353388,0.004441393155636193,3.413583004013062,1,6,0.01795523927786935,0.8333333333333334,-0.002794175087649701
470,hist_gradient_boosting,numeric_outlier+label_flip,shared_latent,0.30+0.30,hist_gradient_boosting | numeric_outlier+label_flip | shared_latent | 0.30+0.30,16,0.023137645895167223,0.02954548937601974,0.007386372344004935,3.132477597605356,1,4,-0.0016410802088589194,0.25,0.024778726104026143
471,extra_trees,numeric_outlier+label_flip,independent,0.30+0.30,extra_trees | numeric_outlier+label_flip | independent | 0.30+0.30,14,0.017532047537702166,0.022239375481405782,0.0059437231105172305,2.9496743390821423,1,6,0.012422944800410137,0.8333333333333334,0.0051091027372920286
472,extra_trees,numeric_outlier+label_flip,independent,0.30+0.30,extra_trees | numeric_outlier+label_flip | independent | 0.30+0.30,15,0.018582930416788858,0.021922740933927112,0.005660427369354622,3.2829553678925842,1,5,0.008248475615691652,0.8,0.010334454801097206
473,extra_trees,numeric_outlier+label_flip,independent,0.30+0.30,extra_trees | numeric_outlier+label_flip | independent | 0.30+0.30,16,0.013014624218112461,0.014807955905447305,0.0037019889763618263,3.5155761676261763,1,4,0.027938086710122947,0.75,-0.014923462492010486
474,hist_gradient_boosting,numeric_outlier+label_flip,shared_latent,0.30+0.30,hist_gradient_boosting | numeric_outlier+label_flip | shared_latent | 0.30+0.30,13,0.02123699912784784,0.02374247733889676,0.006584978419379544,3.2250673844803353,1,7,0.012508146403602571,0.42857142857142855,0.008728852724245268
475,extra_trees,numeric_outlier+label_flip,independent,0.30+0.30,extra_trees | numeric_outlier+label_flip | independent | 0.30+0.30,13,0.021428377527196195,0.02289694156553141,0.006350468989678939,3.3742984277259733,1,7,0.005916775210962945,0.8571428571428571,0.01551160231623325
476,extra_trees,numeric_outlier+label_flip,independent,0.30+0.30,extra_trees | numeric_outlier+label_flip | independent | 0.30+0.30,16,0.015746946832878563,0.020919680490111024,0.005229920122527756,3.0109344815896835,1,4,0.017008796251058545,1.0,-0.0012618494181799826
477,extra_trees,numeric_outlier+label_flip,independent,0.30+0.30,extra_trees | numeric_outlier+label_flip | independent | 0.30+0.30,14,0.01997148853340921,0.022106441000244878,0.005908194875989183,3.3803029440638537,1,6,0.006730915810427035,0.8333333333333334,0.013240572722982177
478,extra_trees,numeric_outlier+label_flip,independent,0.30+0.30,extra_trees | numeric_outlier+label_flip | independent | 0.30+0.30,13,0.015166284590795833,0.017276932983343606,0.004791759058015416,3.165076625759475,1,7,0.01754637637856362,0.8571428571428571,-0.0023800917877677876
479,extra_trees,numeric_outlier+label_flip,independent,0.30+0.30,extra_trees | numeric_outlier+label_flip | independent | 0.30+0.30,13,0.02120449774408132,0.0227909153591752,0.006321062610943536,3.35457802733521,1,7,0.006332551951033425,1.0,0.014871945793047896
480,extra_trees,numeric_outlier+label_flip,independent,0.30+0.30,extra_trees | numeric_outlier+label_flip | independent | 0.30+0.30,13,0.010768795992544728,0.008938274239546198,0.0024790312372955934,4.343953327628314,1,7,0.025713140918172814,0.8571428571428571,-0.014944344925628086
481,extra_trees,numeric_outlier+label_flip,shared_latent,0.30+0.30,extra_trees | numeric_outlier+label_flip | shared_latent | 0.30+0.30,13,0.010026119366503565,0.012027994032531996,0.003335965325020692,3.0054627040949162,1,7,-0.0015517135282136624,0.5714285714285714,0.011577832894717227
482,extra_trees,numeric_outlier+label_flip,independent,0.30+0.30,extra_trees | numeric_outlier+label_flip | independent | 0.30+0.30,13,0.017428691283576988,0.019967694960234157,0.0055380421563037035,3.1470853402115573,1,7,0.013344763949112905,0.8571428571428571,0.0040839273344640825
483,extra_trees,numeric_outlier+label_flip,independent,0.30+0.30,extra_trees | numeric_outlier+label_flip | independent | 0.30+0.30,14,0.015107566347215216,0.017268256957862785,0.0046151358002212714,3.273482515182086,1,6,0.018080067578213028,1.0,-0.002972501230997812
484,extra_trees,missing+label_flip,independent,0.30+0.30,extra_trees | missing+label_flip | independent | 0.30+0.30,18,0.011039302141085776,0.016171085490189092,0.003811561403086698,2.8962676902294877,1,8,-0.0025963713052651596,0.625,0.013635673446350936
485,hist_gradient_boosting,numeric_outlier+label_flip,shared_latent,0.30+0.30,hist_gradient_boosting | numeric_outlier+label_flip | shared_latent | 0.30+0.30,14,0.02118752859939854,0.022597706964986242,0.0060394912278352655,3.508164479442879,1,6,0.011168768849276733,0.16666666666666666,0.010018759750121805
486,extra_trees,numeric_outlier+label_flip,independent,0.30+0.30,extra_trees | numeric_outlier+label_flip | independent | 0.30+0.30,16,0.018637119589313456,0.02139064843961291,0.0053476621099032276,3.4850967032490234,1,4,0.005448105225318962,0.75,0.013189014363994493
487,extra_trees,numeric_outlier+label_flip,independent,0.30+0.30,extra_trees | numeric_outlier+label_flip | independent | 0.30+0.30,13,0.020174101502041013,0.02304448479928413,0.006391390120036108,3.1564497117455006,1,7,0.008246144971965437,0.8571428571428571,0.011927956530075575
488,extra_trees,numeric_outlier+label_flip,independent,0.30+0.30,extra_trees | numeric_outlier+label_flip | independent | 0.30+0.30,15,0.018317405005621464,0.022241003578535583,0.005742602430840525,3.189739360546401,1,5,0.009045051849193835,0.8,0.009272353156427628
489,extra_trees,numeric_outlier+label_flip,independent,0.30+0.30,extra_trees | numeric_outlier+label_flip | independent | 0.30+0.30,14,0.013757770848502392,0.016912030352509645,0.004519930235272344,3.043801592586623,1,6,0.021229590408542956,1.0,-0.007471819560040564
490,extra_trees,numeric_outlier+label_flip,shared_latent,0.30+0.30,extra_trees | numeric_outlier+label_flip | shared_latent | 0.30+0.30,14,0.013183290940066506,0.014360904343528401,0.00383811312983693,3.4348364662785813,1,6,-0.010848086015646722,0.5,0.024031376955713227
491,extra_trees,numeric_outlier+label_flip,shared_latent,0.30+0.30,extra_trees | numeric_outlier+label_flip | shared_latent | 0.30+0.30,13,0.013337422445809414,0.015240679270565834,0.004227003890994325,3.155289843528398,1,7,-0.007701276389781663,0.7142857142857143,0.021038698835591077
492,extra_trees,numeric_outlier+label_flip,shared_latent,0.30+0.30,extra_trees | numeric_outlier+label_flip | shared_latent | 0.30+0.30,14,0.011147245861993588,0.01282280081847315,0.0034270376715407856,3.2527351404870375,1,6,-0.00609731416680992,0.5,0.017244560028803507
493,extra_trees,numeric_outlier+label_flip,independent,0.30+0.30,extra_trees | numeric_outlier+label_flip | independent | 0.30+0.30,13,0.014268443363389725,0.0176449484715346,0.00489382818977215,2.915599569516977,1,7,0.01921379580088925,0.8571428571428571,-0.0049453524374995245
494,extra_trees,numeric_outlier+label_flip,independent,0.30+0.30,extra_trees | numeric_outlier+label_flip | independent | 0.30+0.30,13,0.0146319114455875,0.020733822929220894,0.0057505278236689925,2.544446682852835,1,7,0.01853878364823624,1.0,-0.0039068722026487385
495,extra_trees,numeric_outlier+label_flip,independent,0.30+0.30,extra_trees | numeric_outlier+label_flip | independent | 0.30+0.30,15,0.016571289806625644,0.022638966263043882,0.0058453559541413675,2.8349496483417878,1,5,0.014283397446181307,0.8,0.0022878923604443373
496,extra_trees,numeric_outlier+label_flip,shared_latent,0.30+0.30,extra_trees | numeric_outlier+label_flip | shared_latent | 0.30+0.30,13,0.013983123885393663,0.01456172484585138,0.004038695814685777,3.462286967626353,1,7,-0.008900436206152416,0.42857142857142855,0.02288356009154608
497,regularized_logistic,missing+label_flip,shared_latent,0.10+0.10,regularized_logistic | missing+label_flip | shared_latent | 0.10+0.10,18,-0.004844448708039802,0.00792434329276402,0.0018677856262545246,2.5936856135649715,-1,8,-0.0017771808900362911,0.375,0.0066216295980760925
498,extra_trees,numeric_outlier+label_flip,independent,0.30+0.30,extra_trees | numeric_outlier+label_flip | independent | 0.30+0.30,12,0.009611378699801582,0.011381703813401138,0.003285614880251869,2.9252907142497455,1,8,0.025581223741584027,1.0,-0.015969845041782445
499,hist_gradient_boosting,numeric_outlier+label_flip,independent,0.10+0.10,hist_gradient_boosting | numeric_outlier+label_flip | independent | 0.10+0.10,13,0.00974301416019453,0.01139364837197466,0.0031600294938278033,3.083203552126545,1,7,0.007717441619672594,0.42857142857142855,0.002025572540521937
500,extra_trees,numeric_outlier+label_flip,independent,0.30+0.30,extra_trees | numeric_outlier+label_flip | independent | 0.30+0.30,13,0.01065981905429342,0.011986650224864507,0.0033244986159077644,3.206444124622601,1,7,0.025915526660639534,1.0,-0.015255707606346114
